ST_CASE,VEH_NO,PER_NO,P1,P2,P3,P4,P5,P6,P7,P8,P9,P10
10655,2,1,0,0,0,0,0,0,0,0,0,0
10655,3,1,0,0,0,0,0,0,0,0,0,0
10655,4,1,0,0,0,0,0,0,0,0,0,0
10656,1,1,18,46,0,0,0,0,0,21,6,0
10657,1,1,0,11,0,0,0,0,18,0,0,0
10657,2,1,0,0,0,18,0,0,0,0,0,0
10658,1,1,0,0,0,0,0,0,0,0,0,0
10659,1,1,0,0,0,0,0,0,0,0,0,0
10659,2,1,0,0,0,0,0,0,0,0,0,0
10659,3,1,0,0,0,0,0,0,0,0,0,0
10660,0,1,0,0,0,0,18,14,0,11,0,0
10660,1,1,0,0,0,0,0,0,0,0,0,0
10661,1,1,10,5,11,25,14,12,8,31,0,16
10662,1,1,17,6,21,18,15,3,16,17,31,21
10663,1,1,21,21,21,21,21,21,21,21,21,21
10663,2,1,0,0,0,0,0,0,0,0,0,0
10664,1,1,0,0,0,0,0,0,0,0,0,0
10664,2,1,0,0,0,0,0,0,0,0,0,0
10665,0,1,0,0,0,0,0,0,0,0,0,0
10665,1,1,0,16,0,0,5,13,0,0,0,10
10666,1,1,0,0,0,0,0,0,0,0,0,0
10666,2,1,0,17,0,0,0,0,0,0,0,0
10667,1,1,10,10,10,10,10,10,10,10,10,10
10668,0,1,0,32,0,22,9,0,0,0,0,0
10668,1,1,0,0,0,0,0,0,0,24,0,0
10669,0,1,0,0,0,0,0,0,0,0,0,0
10669,1,1,0,0,0,0,11,5,0,0,0,0
10670,1,1,18,18,18,18,18,18,18,18,18,18
10671,1,1,0,0,0,0,12,26,0,0,0,0
10671,2,1,0,0,0,0,0,0,0,0,0,0
10672,1,1,0,0,0,16,0,14,0,0,0,0
10672,2,1,0,0,0,0,0,0,0,0,0,0
10673,1,1,0,0,0,0,0,0,0,0,0,0
10673,2,1,0,0,0,0,0,0,0,0,0,0
10674,1,1,0,0,2,0,25,0,0,0,0,0
10674,2,1,0,0,0,0,0,0,0,0,0,0
10674,3,1,0,0,0,0,0,0,0,0,0,0
10675,0,1,0,0,0,0,0,0,0,0,0,0
10675,1,1,0,0,0,0,0,0,0,0,0,0
10676,1,1,27,16,36,7,12,10,15,20,16,8
10677,1,1,0,0,0,0,25,0,27,0,0,0
10677,2,1,0,0,0,0,0,0,0,0,0,0
10678,1,1,0,0,0,0,0,0,0,0,0,0
10679,1,1,0,15,6,17,13,0,19,17,18,4
10679,2,1,0,0,0,0,0,0,0,0,0,0
10680,1,1,0,0,0,0,0,0,0,0,0,0
10680,2,1,0,0,0,0,0,0,0,0,0,0
10681,1,1,0,0,0,0,0,0,0,0,0,0
10682,1,1,0,0,0,0,0,0,0,0,0,0
10683,0,1,13,0,0,0,19,0,19,9,0,25
10683,1,1,0,0,0,0,0,0,9,0,0,0
10684,1,1,0,0,0,0,0,0,0,0,0,0
10684,2,1,0,0,0,0,0,0,0,0,0,0
10685,1,1,0,0,0,0,0,0,0,0,0,0
10685,2,1,0,0,0,11,0,0,0,0,0,0
10686,1,1,0,0,0,0,0,0,0,0,0,0
10686,2,1,0,0,0,0,0,0,0,0,0,0
10687,1,1,26,26,26,26,26,26,26,26,26,26
10688,1,1,0,0,0,0,0,0,0,0,0,0
10689,1,1,0,0,0,0,0,0,0,0,0,0
10689,2,1,0,0,0,0,0,0,0,0,0,0
10690,1,1,0,0,0,0,0,0,0,0,0,0
10691,1,1,27,27,27,27,27,27,27,27,27,27
10692,1,1,0,0,0,0,0,0,19,0,0,0
10692,2,1,0,0,0,0,0,0,0,0,0,0
10693,0,1,22,22,22,22,22,22,22,22,22,22
10693,1,1,6,23,14,5,13,0,17,0,10,0
10694,1,1,0,12,0,0,14,0,24,0,23,9
10695,1,1,1,1,1,1,1,1,1,1,1,1
10695,2,1,0,0,0,0,0,0,0,0,0,0
10696,1,1,10,24,26,0,0,0,0,0,0,24
10697,1,1,0,0,0,0,0,0,0,0,0,0
10698,1,1,0,0,0,0,18,0,0,0,0,27
10699,1,1,0,0,0,0,0,0,0,0,0,0
10700,1,1,0,0,0,0,0,0,0,0,0,0
10701,1,1,0,22,0,12,10,2,0,25,0,14
10701,2,1,0,0,0,0,0,0,0,0,0,0
10702,1,1,23,0,0,0,0,0,0,0,0,0
10702,2,1,0,0,0,0,0,0,0,0,0,0
10703,1,1,0,0,0,0,0,0,0,0,0,0
10704,1,1,0,0,0,0,0,0,0,0,0,0
10705,1,1,20,20,20,20,20,20,20,20,20,20
10705,2,1,0,0,0,0,0,0,0,0,0,0
10706,0,1,13,13,13,13,13,13,13,13,13,13
10707,1,1,31,31,31,31,31,31,31,31,31,31
10708,0,1,17,17,17,17,17,17,17,17,17,17
10708,1,1,0,0,0,0,0,0,0,0,0,0
10709,1,1,0,28,0,0,0,0,0,0,0,0
10709,2,1,0,0,0,0,0,0,0,0,0,0
10710,1,1,12,0,0,0,0,0,0,0,12,0
10711,1,1,0,0,0,0,0,0,8,0,16,0
10711,2,1,0,0,0,0,0,0,0,0,0,0
10712,1,1,4,4,4,4,4,4,4,4,4,4
10713,1,1,0,0,0,0,0,0,0,0,0,25
10713,2,1,0,0,0,0,0,0,0,0,0,0
10714,1,1,0,0,0,0,0,0,0,0,0,0
10714,2,1,0,0,0,0,0,0,0,0,0,0
10715,1,1,0,0,0,0,0,0,0,0,15,0
10716,0,1,0,0,0,0,0,0,0,0,0,0
10716,1,1,0,0,0,0,0,0,0,0,0,0
10717,1,1,0,0,0,14,23,0,0,0,0,0
10717,2,1,0,0,0,0,0,0,0,0,0,0
10717,3,1,0,0,0,0,0,0,0,0,0,0
10718,1,1,0,0,0,0,0,0,0,0,0,0
10719,1,1,0,0,8,0,0,27,0,29,9,0
10720,1,1,0,0,0,0,0,0,0,0,0,0
10720,2,1,1,1,1,1,1,1,1,1,1,1
10721,1,1,0,0,21,0,0,0,0,0,0,0
10721,2,1,0,0,0,0,0,0,0,0,0,0
10722,1,1,0,0,0,0,0,0,0,0,3,0
10722,2,1,0,0,0,0,0,0,0,0,0,0
10723,1,1,0,15,13,0,10,13,19,24,28,0
10724,1,1,0,0,0,0,0,0,0,0,0,0
10724,2,1,0,0,0,0,0,0,0,0,0,0
10725,0,1,17,14,12,33,19,15,16,26,61,16
10725,1,1,0,0,0,0,0,0,0,0,14,0
10726,1,1,10,10,10,10,10,10,10,10,10,10
10727,1,1,0,0,0,0,0,0,0,0,0,0
10727,2,1,0,0,0,0,0,0,0,0,0,0
10728,0,1,0,0,0,11,0,0,0,9,0,0
10728,1,1,0,0,0,0,0,0,0,0,0,0
10729,1,1,0,0,0,0,0,0,0,0,0,0
10729,2,1,0,0,0,0,0,0,0,0,0,0
10730,1,1,0,0,0,0,0,0,0,0,0,0
10730,2,1,0,0,0,0,0,0,0,0,0,0
10731,1,1,0,0,0,0,0,0,0,0,0,0
10732,1,1,0,0,13,0,0,0,0,0,0,0
10732,2,1,0,0,0,0,0,0,0,0,0,0
10733,1,1,0,0,0,0,0,0,0,0,0,0
10733,2,1,15,0,0,0,0,0,0,0,0,0
10734,1,1,29,0,0,3,0,18,19,13,14,27
10735,1,1,0,0,0,0,0,0,0,0,0,0
10735,2,1,0,0,0,0,0,0,0,0,0,0
10736,1,1,0,0,0,0,0,0,0,0,0,0
10736,2,1,0,0,0,0,0,0,0,0,0,0
10737,1,1,18,18,18,18,18,18,18,18,18,18
10738,1,1,0,0,0,0,0,26,0,16,0,0
10739,1,1,0,0,0,0,0,0,0,0,0,0
10740,0,1,0,0,0,0,0,0,0,0,0,0
10740,1,1,0,0,0,0,0,0,0,0,0,0
10741,1,1,0,0,0,0,0,0,22,0,0,0
10741,2,1,0,0,0,0,0,0,0,0,0,0
10742,1,1,0,0,0,0,0,0,0,0,0,0
10743,0,1,0,0,25,0,0,0,16,0,0,17
10743,1,1,0,0,0,0,0,0,0,0,0,0
10744,1,2,0,10,17,16,32,0,20,11,38,17
10745,1,1,0,20,0,0,0,0,0,0,0,0
10746,0,1,38,38,38,38,38,38,38,38,38,38
10746,1,1,0,8,11,13,0,0,11,0,8,16
10747,1,1,16,16,16,16,16,16,16,16,16,16
10748,0,1,0,0,0,0,12,0,0,0,0,0
10748,1,1,0,0,0,0,0,0,0,0,0,13
10749,1,1,0,0,0,0,0,0,0,0,0,0
10749,2,1,0,0,0,0,0,0,0,0,0,0
10749,3,1,0,0,0,0,0,0,0,0,0,0
10750,1,1,0,0,0,0,0,0,0,0,0,0
10750,2,1,0,3,0,0,0,15,0,0,0,0
10751,0,1,13,0,22,4,0,0,0,45,18,20
10751,0,2,22,0,0,0,13,22,25,21,9,42
10751,1,1,0,0,0,0,0,20,0,0,0,0
10752,1,1,0,0,0,0,0,0,0,0,0,0
10753,1,1,0,0,0,0,0,0,0,0,0,0
10754,1,1,0,0,21,0,0,0,0,0,0,0
10755,1,1,0,0,0,0,0,0,0,0,0,0
10756,0,1,39,39,39,39,39,39,39,39,39,39
10756,1,1,13,0,0,0,12,18,18,0,0,12
10757,1,1,0,0,0,0,0,0,0,0,0,0
10758,1,1,13,19,15,0,0,0,0,0,40,0
10759,0,1,0,6,7,0,21,0,0,0,0,0
10759,1,1,0,0,0,0,0,0,19,0,0,0
10760,1,1,23,23,23,23,23,23,23,23,23,23
10761,1,1,0,0,0,0,0,0,0,0,0,0
10762,0,1,0,16,0,9,0,0,0,0,24,0
10762,1,1,12,12,12,12,12,12,12,12,12,12
10763,1,1,23,15,25,18,26,34,17,27,20,23
10764,1,1,10,13,13,5,33,18,36,33,11,15
10765,1,1,0,0,0,0,0,0,0,0,0,0
10766,1,1,0,14,0,0,0,0,0,0,0,0
10766,2,1,0,0,0,0,0,0,0,0,12,0
10766,3,1,31,0,0,0,0,0,0,0,0,11
10767,0,1,0,0,0,0,0,0,0,0,0,0
10767,1,1,0,0,0,0,0,0,0,0,0,0
10768,1,1,0,0,0,0,0,0,0,0,0,0
10768,2,1,0,0,0,0,0,0,0,0,0,0
10769,1,1,0,0,0,0,0,0,0,0,0,0
10769,2,1,0,0,0,0,0,0,0,0,0,0
10769,3,1,0,0,0,0,0,0,0,0,0,0
10770,1,1,0,0,0,0,0,0,0,0,0,0
10770,2,1,0,0,0,0,0,0,0,0,0,0
10771,0,1,0,0,0,13,0,0,17,0,26,0
10771,1,1,0,0,7,0,0,0,0,0,0,0
10772,1,1,9,18,0,0,26,4,12,0,0,0
10773,0,1,0,0,17,0,0,0,0,0,0,0
10773,1,1,0,0,0,0,0,0,0,0,0,0
10774,1,1,17,17,17,17,17,17,17,17,17,17
10775,1,1,0,0,0,0,0,0,0,0,0,0
10775,2,1,0,0,0,0,0,0,0,0,0,0
10775,3,1,0,0,0,0,0,0,0,0,0,0
10776,0,1,0,0,0,0,0,28,0,0,0,0
10776,1,1,0,14,0,0,0,0,0,0,0,0
10777,1,1,0,0,0,0,0,0,0,0,0,0
10777,2,1,0,0,0,0,0,0,0,0,0,0
10778,0,1,23,32,0,0,0,15,0,0,0,0
10778,1,1,0,0,0,0,0,0,0,0,0,0
10779,1,1,0,0,0,0,0,0,0,0,0,0
10779,2,1,0,0,0,0,0,0,23,0,0,0
10780,1,1,0,0,0,0,0,0,0,0,43,0
10780,2,1,0,0,0,0,0,0,0,0,0,0
10781,1,1,20,20,20,20,20,20,20,20,20,20
10781,2,1,0,0,0,0,0,0,0,0,0,0
10782,1,1,17,0,0,0,0,0,22,0,14,0
10782,2,1,0,0,0,0,0,0,0,0,0,0
10783,1,1,12,12,12,12,12,12,12,12,12,12
10783,2,1,0,0,0,0,0,0,0,0,0,0
10784,1,1,0,0,0,0,0,0,0,0,0,0
10784,2,1,0,0,0,0,0,0,0,0,0,0
10785,1,1,0,0,0,0,0,0,0,0,14,0
10785,2,1,0,0,0,0,0,0,0,0,0,0
10786,1,1,0,0,0,0,0,0,0,0,0,0
10786,2,1,0,0,0,0,0,0,0,0,0,0
10787,1,1,0,0,0,0,0,0,22,0,0,0
10788,1,1,15,0,0,0,0,0,0,16,0,19
10789,1,1,0,0,0,0,0,0,0,0,0,0
10789,2,1,0,0,0,0,0,0,0,0,0,0
10790,1,1,0,0,0,0,0,0,0,0,0,0
10791,0,1,16,18,18,33,0,6,0,15,0,24
10791,1,1,0,0,0,0,0,0,0,9,0,0
10792,1,1,0,0,0,0,0,0,0,0,0,0
10792,2,1,0,0,0,0,0,0,0,0,0,0
10793,0,1,23,43,0,24,0,19,0,18,0,0
10793,1,1,0,0,0,0,0,0,0,0,0,0
10794,0,1,0,0,0,0,0,0,0,0,0,0
10794,1,1,0,0,0,0,0,0,0,0,0,0
10795,1,1,0,0,0,0,0,0,0,0,0,0
10795,2,1,0,0,0,0,0,0,0,0,0,0
10795,3,1,0,0,0,0,0,0,0,0,0,0
10795,4,1,0,0,0,0,0,0,0,0,0,0
10796,1,1,28,0,0,0,0,0,0,0,8,0
10797,1,1,0,0,6,21,0,19,0,22,23,0
10797,2,1,0,0,0,0,0,0,0,0,0,0
10798,1,1,20,15,32,2,6,28,15,13,16,19
10799,1,1,23,23,23,23,23,23,23,23,23,23
10800,1,1,0,0,0,0,0,0,0,0,0,0
10800,2,1,0,0,0,0,0,0,0,0,0,0
10801,1,1,0,0,0,0,0,0,0,0,0,0
10801,2,1,0,0,0,0,0,0,0,0,0,0
10801,3,1,0,0,0,0,4,0,0,0,0,25
10802,1,1,0,0,0,0,0,0,0,0,0,0
10802,2,1,0,0,0,0,0,0,0,0,0,0
10803,1,1,8,12,0,6,26,21,12,5,0,14
10803,2,1,0,0,0,0,0,0,0,0,0,0
10804,0,1,0,31,5,0,20,0,0,11,34,19
10804,1,1,0,0,0,0,0,0,0,0,0,0
10805,1,1,1,1,1,1,1,1,1,1,1,1
10806,1,1,17,4,0,0,0,0,0,0,0,0
10807,1,1,0,0,0,0,0,0,0,0,0,0
10807,2,1,0,0,0,0,0,0,0,0,0,0
10808,1,1,0,0,0,0,0,0,0,0,0,0
10808,2,1,0,0,0,0,0,0,0,0,0,0
10809,1,1,0,0,0,0,0,0,0,0,0,0
10810,1,1,0,0,0,0,0,0,0,0,15,0
10811,1,1,0,0,0,0,0,0,0,0,0,0
10811,2,1,0,0,0,0,0,0,0,0,0,0
10812,1,1,0,0,0,0,0,0,0,0,0,0
10812,2,1,0,0,0,0,0,0,0,0,0,0
10813,0,1,0,0,0,0,0,0,0,0,0,0
10813,1,1,0,0,0,0,0,0,0,0,0,0
10814,1,1,0,0,0,0,0,0,0,0,0,0
10814,2,1,0,0,0,0,0,0,0,0,0,0
10815,1,1,0,0,0,0,0,0,0,0,0,0
10816,1,1,0,0,0,15,0,0,13,0,0,0
10816,2,1,32,17,0,0,0,0,0,13,25,0
10817,1,1,25,0,0,0,22,0,0,10,0,8
10818,1,1,7,15,4,30,27,7,19,36,10,18
10819,1,1,0,0,0,0,0,0,0,0,0,0
10819,2,1,0,0,0,0,0,7,0,8,0,0
10820,1,1,0,0,0,0,0,0,1,0,0,0
10820,2,1,0,0,0,0,0,0,0,0,0,0
10821,1,1,0,0,0,0,0,0,0,0,0,0
10821,2,1,0,0,0,0,0,0,0,0,0,0
10822,0,1,22,22,29,18,20,29,42,23,17,36
10822,1,1,4,4,4,4,4,4,4,4,4,4
10822,2,1,0,7,0,0,0,0,0,0,0,0
10823,1,1,0,0,0,0,0,0,0,25,0,20
10824,0,1,34,29,15,27,29,12,28,31,30,10
10824,1,1,0,0,0,16,0,0,0,0,0,0
10825,1,1,0,6,0,0,0,0,0,0,0,0
10826,1,1,0,0,0,0,0,0,0,0,0,0
10826,2,1,0,0,0,0,0,0,0,0,0,0
10827,1,1,0,0,0,0,0,0,0,0,0,0
10827,2,1,0,0,0,0,0,0,0,0,0,0
10828,1,1,0,0,30,3,18,10,0,15,23,26
10829,1,1,0,0,0,0,6,0,0,0,0,0
10830,0,1,0,0,0,0,0,6,23,0,0,0
10830,1,1,0,0,0,0,0,0,0,17,0,0
10831,0,1,0,11,0,21,14,20,37,0,6,0
10831,1,1,0,0,0,0,0,0,0,0,0,0
10833,1,1,0,0,0,0,0,0,0,0,0,0
10833,2,1,0,0,0,0,0,0,0,0,0,0
10834,0,1,30,30,30,30,30,30,30,30,30,30
10834,1,1,0,0,0,0,0,0,0,0,0,0
10836,0,1,0,0,15,0,9,0,16,0,0,0
10836,1,1,0,0,0,0,7,0,0,0,0,0
10837,1,1,14,0,0,0,0,20,0,0,0,0
10837,2,1,0,0,0,0,0,0,0,0,0,0
10837,3,1,0,0,0,0,0,0,0,0,0,0
10838,1,1,20,0,0,20,0,0,0,0,0,0
10839,1,1,0,0,0,0,6,0,0,0,0,0
10839,2,1,0,0,0,20,0,14,0,0,0,20
10840,1,1,0,0,0,0,0,0,0,0,0,0
10840,2,1,0,0,0,0,0,0,0,0,0,0
10841,1,1,0,0,24,0,0,0,0,0,0,15
10842,1,1,5,27,8,11,12,0,12,8,16,18
10842,2,1,0,0,0,0,0,0,0,0,0,0
10842,3,1,0,0,0,0,0,0,0,0,0,0
10843,1,1,0,0,0,0,0,0,0,0,0,0
10843,2,1,0,0,0,0,0,0,0,0,0,0
10844,1,1,5,14,3,3,16,3,3,0,19,15
10844,2,1,0,0,0,0,0,0,0,0,0,0
10845,1,1,0,8,0,0,0,8,16,17,0,12
10845,2,1,0,0,0,0,0,0,0,0,0,0
10846,1,1,0,21,4,27,17,0,32,10,0,18
10847,1,1,0,0,0,0,0,0,0,0,0,0
10848,1,1,7,0,0,16,0,0,0,16,0,0
10849,1,1,0,0,0,0,0,0,0,0,0,20
10849,2,1,0,0,0,0,0,0,0,0,0,0
10850,1,1,0,0,0,0,0,0,2,0,0,0
10850,2,1,0,0,0,0,0,0,0,0,0,0
10852,1,1,16,9,12,6,22,8,18,10,16,14
10853,1,1,0,19,0,0,0,0,0,0,0,0
10854,1,1,17,0,0,0,0,0,17,0,0,0
10854,2,1,0,0,0,19,17,0,0,7,0,2
10855,1,1,0,0,0,0,0,0,0,0,13,0
10855,2,1,0,0,0,0,0,0,0,0,0,0
10856,1,1,0,0,0,16,0,0,0,0,0,0
10857,1,1,0,0,0,0,23,0,0,13,0,17
10858,1,1,0,0,0,0,0,0,0,0,0,0
10858,2,1,0,0,0,0,0,0,0,0,0,0
10859,1,1,0,0,0,0,0,0,0,0,11,0
10859,2,1,0,0,0,0,0,0,0,0,0,0
10860,1,1,0,0,12,0,19,13,0,8,0,0
10860,2,1,13,13,10,4,16,12,16,16,4,12
10861,1,1,0,16,0,0,22,0,38,13,14,0
10862,0,1,0,0,0,0,0,20,32,0,9,0
10862,1,1,0,0,0,20,3,22,39,20,36,0
10863,0,1,0,20,16,0,19,0,14,0,17,0
10863,1,1,0,0,0,0,0,0,0,0,0,0
10864,1,1,28,0,0,0,0,19,12,31,0,0
10864,2,1,0,0,0,0,0,0,0,0,0,0
10865,1,1,0,0,0,0,17,0,0,0,0,0
10866,1,1,0,0,14,29,14,0,18,0,9,0
10866,2,1,0,0,0,0,0,0,0,0,0,0
10867,0,1,30,30,30,30,30,30,30,30,30,30
10867,1,1,11,18,0,12,0,15,5,0,0,27
10868,1,1,16,16,16,16,16,16,16,16,16,16
10868,2,1,0,0,0,0,0,0,0,0,0,0
10869,1,1,0,0,0,0,0,0,0,0,10,0
10870,1,1,0,0,0,0,0,0,0,0,0,0
10870,2,1,18,17,0,0,0,0,10,0,7,0
10871,1,1,0,0,0,0,0,0,11,0,0,0
10871,2,1,0,0,9,0,0,0,0,0,0,0
10872,1,1,0,0,0,0,0,0,0,0,0,0
10872,2,1,0,0,0,0,0,0,0,0,0,0
10873,1,1,1,1,1,1,1,1,1,1,1,1
10874,0,1,11,0,21,0,21,43,0,0,0,23
10874,1,1,0,0,0,0,0,0,0,0,0,0
10875,1,1,22,22,22,22,22,22,22,22,22,22
10876,1,1,0,0,0,0,0,0,0,0,0,0
10877,1,1,0,0,0,0,6,0,27,0,0,0
10878,1,1,6,6,6,6,6,6,6,6,6,6
10879,0,1,45,45,45,45,45,45,45,45,45,45
10879,1,1,0,18,35,22,0,0,24,16,6,0
10880,1,1,0,0,0,0,0,0,0,0,0,0
10880,2,1,0,0,0,0,0,0,0,0,0,0
10881,1,1,0,0,0,0,0,0,0,0,0,0
10881,2,1,0,18,0,0,0,0,0,0,0,0
10882,0,1,0,0,0,0,0,0,0,0,0,0
10882,1,1,0,0,0,0,0,0,0,0,0,0
10883,1,2,0,0,0,0,0,0,0,0,0,0
10884,1,1,0,0,0,0,0,0,0,0,0,0
10885,1,1,10,9,5,12,24,22,20,7,27,23
10886,1,1,0,0,0,0,0,0,0,0,0,0
10886,2,1,0,0,0,0,0,0,0,0,0,0
20001,1,1,20,20,20,20,20,20,20,20,20,20
20002,1,1,0,0,0,0,0,0,0,0,0,0
20002,2,1,0,0,0,0,0,0,0,0,0,0
20003,1,1,0,0,0,0,0,0,0,0,0,0
20003,2,1,0,0,0,0,0,0,0,0,0,0
20004,1,1,14,14,14,14,14,14,14,14,14,14
20005,1,1,20,20,20,20,20,20,20,20,20,20
20006,1,1,0,0,0,13,25,0,0,9,0,14
20006,2,1,0,0,0,0,0,0,0,0,0,0
20006,3,1,0,0,0,0,0,19,0,0,0,0
20007,1,1,9,9,9,9,9,9,9,9,9,9
20007,2,1,0,0,0,0,0,0,0,0,0,0
20008,1,1,24,24,24,24,24,24,24,24,24,24
20008,2,1,0,0,0,0,0,0,0,0,0,0
20009,1,1,15,15,15,15,15,15,15,15,15,15
20010,0,1,14,0,0,0,0,0,0,0,20,0
20010,1,1,16,0,22,17,0,7,25,17,22,0
20011,1,1,0,0,0,31,0,0,0,0,17,0
20012,1,1,14,14,14,14,14,14,14,14,14,14
20012,2,1,0,0,0,0,0,0,0,0,0,0
20012,3,1,0,0,0,0,0,0,0,0,0,0
20013,0,1,0,0,0,0,0,0,0,0,0,0
20013,1,1,32,32,32,32,32,32,32,32,32,32
20014,1,1,3,3,3,3,3,3,3,3,3,3
20014,2,1,0,0,0,0,0,0,0,0,0,0
20015,1,1,0,0,0,0,0,0,0,0,0,0
20016,1,1,19,10,13,12,5,13,23,27,14,16
20016,2,1,0,0,0,0,0,0,0,0,0,0
20017,1,1,0,0,0,0,0,0,0,0,0,0
20018,1,1,0,0,0,0,0,0,0,0,0,0
20019,0,1,0,36,0,0,0,0,0,0,0,0
20019,1,1,0,0,0,0,0,0,0,0,0,0
20020,0,1,16,16,16,16,16,16,16,16,16,16
20020,1,1,1,1,1,1,1,1,1,1,1,1
20021,1,1,27,27,27,27,27,27,27,27,27,27
20022,1,1,12,0,0,0,17,0,0,0,20,0
20022,2,1,0,0,0,0,0,0,0,0,0,0
20023,0,1,0,0,0,0,0,0,0,0,0,0
20023,1,1,0,0,0,0,0,0,0,0,0,0
20024,1,1,0,0,0,0,0,0,0,0,0,0
20024,2,1,0,0,0,0,0,0,4,0,0,13
20025,1,1,18,18,18,18,18,18,18,18,18,18
20026,1,1,18,18,18,18,18,18,18,18,18,18
20026,2,1,3,19,11,11,13,9,10,0,14,13
20027,0,1,0,16,22,0,0,26,0,0,0,17
20027,1,1,0,0,0,22,17,0,0,0,0,0
20028,1,1,0,0,0,0,0,0,0,0,0,0
20029,1,1,0,0,0,0,0,0,0,0,0,0
20029,2,1,0,0,0,0,0,0,0,0,0,0
20030,1,1,4,4,4,4,4,4,4,4,4,4
20031,1,1,0,0,0,0,0,0,0,0,0,0
20031,2,1,0,0,0,0,0,0,0,0,0,0
20031,3,1,0,0,0,0,0,0,0,0,0,0
20032,1,1,22,22,22,22,22,22,22,22,22,22
20033,1,1,0,0,14,26,0,11,0,0,0,0
20033,2,1,0,0,0,0,0,0,0,0,0,0
20034,1,1,0,0,0,0,0,0,0,0,0,0
20034,2,1,0,0,0,0,0,0,0,0,0,0
20035,1,1,0,0,0,0,0,0,0,0,0,0
20035,2,1,0,0,0,0,0,0,0,0,0,0
20036,1,1,0,0,0,0,0,0,0,0,0,0
20036,2,1,0,0,0,0,0,0,0,0,0,0
20037,1,1,6,6,6,6,6,6,6,6,6,6
20037,2,1,2,2,2,2,2,2,2,2,2,2
20038,1,1,0,0,0,0,0,0,0,0,0,0
20038,2,1,0,0,0,0,0,0,0,0,0,0
20039,0,1,29,29,29,29,29,29,29,29,29,29
20039,1,1,0,0,0,0,0,0,0,0,0,0
20040,1,1,0,0,0,0,0,0,0,0,0,0
20040,2,1,0,0,0,0,0,0,0,0,0,0
20041,1,1,0,0,0,0,0,0,0,0,0,0
20041,2,1,0,0,0,0,0,0,0,0,0,0
20042,1,1,27,27,27,27,27,27,27,27,27,27
20043,1,1,0,0,0,0,0,0,0,0,0,0
20044,0,1,33,33,33,33,33,33,33,33,33,33
20044,1,1,0,0,0,0,0,0,0,0,0,0
20045,1,1,0,0,0,0,0,0,0,0,0,0
20045,2,1,0,0,10,0,0,0,0,0,0,0
20045,3,1,0,0,0,0,0,0,0,0,0,0
20045,4,1,0,0,0,0,0,11,0,0,0,0
20045,5,1,0,0,7,0,0,0,0,0,0,8
20046,1,1,16,16,16,16,16,16,16,16,16,16
20047,0,1,20,20,20,20,20,20,20,20,20,20
20047,1,1,0,0,0,0,0,0,0,0,0,0
20048,1,1,27,12,11,23,30,9,23,15,26,22
20049,1,1,8,8,8,8,8,8,8,8,8,8
20050,1,1,5,5,5,5,5,5,5,5,5,5
20051,1,1,0,0,0,0,0,0,0,2,0,0
20051,2,1,0,0,0,0,0,0,0,0,0,0
20051,3,1,0,0,0,0,0,0,0,0,0,0
20052,1,1,0,0,0,0,0,0,0,0,0,0
20052,2,1,0,0,0,0,0,0,0,0,0,0
20053,1,1,0,0,0,0,0,0,0,0,0,0
20054,1,1,0,0,0,0,24,0,0,0,0,0
20054,2,1,8,16,0,17,7,13,3,17,11,20
20055,1,1,0,0,0,0,0,0,0,0,0,0
20056,1,1,5,5,5,5,5,5,5,5,5,5
20056,2,1,0,0,0,0,0,0,0,0,0,0
20057,0,1,28,28,28,28,28,28,28,28,28,28
20057,1,1,0,0,0,0,0,0,0,0,0,0
20058,1,1,16,21,23,20,27,4,21,9,27,16
20059,1,1,34,34,34,34,34,34,34,34,34,34
20060,0,1,0,0,0,0,0,0,0,0,0,0
20060,1,1,0,0,7,0,0,0,0,0,0,0
20060,3,1,0,0,0,0,0,0,0,0,0,0
20060,4,1,0,0,0,0,0,7,0,0,8,0
20061,1,1,0,9,0,0,0,0,0,25,24,0
20062,0,1,34,34,34,34,34,34,34,34,34,34
20062,1,1,0,0,0,0,17,0,0,0,6,21
20063,1,1,22,22,22,22,22,22,22,22,22,22
20064,1,1,0,0,0,22,0,18,0,0,0,0
20065,0,1,0,0,32,0,0,0,0,0,0,0
20065,1,1,0,0,0,0,0,0,0,0,0,0
20066,0,1,0,0,0,0,0,0,11,0,0,0
20066,1,1,0,0,0,0,0,0,0,0,0,0
20067,1,1,9,13,5,33,16,11,20,8,2,18
20068,1,1,16,15,12,17,19,18,4,15,6,19
20069,0,1,0,17,0,0,0,0,0,0,19,0
20069,1,1,0,0,0,0,0,16,0,0,0,0
40001,1,1,0,0,0,0,0,0,0,0,0,0
40002,1,1,0,0,0,0,0,0,0,0,0,0
40003,1,1,23,23,23,23,23,23,23,23,23,23
40003,2,1,0,0,0,0,0,0,0,0,0,0
40004,1,1,0,0,0,0,0,0,0,0,0,0
40004,2,1,0,0,0,0,0,0,0,0,0,0
40005,0,1,19,0,0,28,0,0,0,0,0,18
40005,1,1,0,0,0,0,0,0,0,0,0,0
40006,1,1,0,0,0,0,0,0,0,0,0,0
40006,2,1,0,0,0,0,0,0,6,0,0,0
40006,3,1,7,21,0,0,17,0,0,9,17,0
40006,4,1,0,0,0,10,20,9,0,0,22,0
40007,1,1,0,0,16,28,0,0,0,0,0,0
40007,2,1,0,0,0,0,0,0,0,0,0,0
40008,1,1,0,0,7,0,0,0,0,3,0,0
40008,2,1,0,0,0,0,0,0,0,0,0,0
40009,0,1,0,0,0,0,0,27,0,0,19,0
40009,1,1,0,0,0,0,0,0,0,0,0,0
40010,1,1,24,24,24,24,24,24,24,24,24,24
40011,1,1,0,0,0,0,0,0,0,0,0,0
40011,2,1,0,0,0,0,0,0,0,0,0,0
40011,3,1,0,0,0,0,0,0,0,0,0,0
40012,1,1,0,0,0,0,0,0,0,0,0,0
40013,1,1,0,0,0,0,0,0,0,0,0,0