ST_CASE,VEH_NO,PER_NO,P1,P2,P3,P4,P5,P6,P7,P8,P9,P10
40617,3,1,0,0,0,24,0,0,0,0,0,0
40618,0,1,0,0,0,0,17,0,20,0,0,0
40618,1,1,0,0,0,0,0,0,0,0,0,9
40619,0,1,0,0,0,0,0,0,0,0,0,0
40619,1,1,18,25,23,3,12,41,8,28,20,22
40619,2,1,0,22,8,18,0,0,0,0,0,13
40620,1,1,20,20,20,20,20,20,20,20,20,20
40621,0,1,4,12,0,0,0,0,13,20,25,0
40621,1,1,11,0,0,0,0,15,0,30,24,0
40622,0,1,0,0,0,0,0,0,0,0,0,0
40622,1,1,0,0,0,0,28,0,0,14,0,0
40623,1,1,0,24,5,0,24,0,27,0,0,0
40624,0,1,36,36,36,36,36,36,36,36,36,36
40624,1,1,0,16,40,0,0,19,35,0,0,0
40624,2,1,22,9,0,0,0,0,0,9,0,0
40626,0,1,20,0,0,0,73,33,7,0,23,0
40626,1,1,0,0,0,12,0,13,0,0,13,17
40627,0,1,0,0,0,0,0,0,41,25,0,22
40627,1,1,0,0,0,0,0,0,0,0,0,0
40628,1,1,0,0,0,0,0,0,0,0,0,0
40629,0,1,8,8,8,8,8,8,8,8,8,8
40629,1,1,0,0,0,0,0,0,0,0,0,17
40630,1,1,0,0,0,0,0,0,0,28,7,0
40630,2,1,0,0,0,0,0,0,0,0,0,0
40631,1,1,17,17,17,17,17,17,17,17,17,17
40632,1,1,0,0,16,0,0,0,0,0,0,16
40632,2,1,15,15,15,15,15,15,15,15,15,15
40633,1,1,0,0,0,0,0,0,0,0,0,0
40634,0,1,0,0,0,0,0,0,0,0,0,0
40634,1,1,0,0,0,0,0,0,0,0,0,0
40635,1,1,0,0,0,0,0,0,0,0,0,0
40636,1,1,0,0,0,0,0,29,21,0,0,0
40637,1,1,0,0,0,18,0,0,37,0,29,15
40637,2,1,15,0,0,0,0,0,20,22,0,0
40637,3,1,17,0,12,6,0,10,0,0,10,25
40638,1,1,0,0,0,0,0,0,0,0,0,0
40639,1,1,25,25,25,25,25,25,25,25,25,25
40640,1,1,7,12,0,0,22,0,0,0,0,0
40640,2,1,15,0,0,7,0,0,25,0,0,0
40641,1,1,15,15,15,15,15,15,15,15,15,15
40641,2,1,0,0,0,0,0,0,0,0,0,0
40642,0,1,34,34,34,34,34,34,34,34,34,34
40642,1,1,0,0,0,0,0,0,19,0,0,0
40643,0,1,0,0,0,0,0,0,0,10,0,0
40643,1,1,0,0,0,0,0,0,0,0,0,0
40644,0,1,0,0,0,0,0,0,0,0,0,0
40644,1,1,0,0,0,0,0,0,0,0,0,0
40645,1,1,0,0,0,0,0,0,0,0,0,0
40645,2,1,0,0,0,0,0,7,0,0,0,0
40645,3,1,0,0,4,0,0,0,0,0,0,0
40646,0,1,0,0,0,0,0,0,0,0,0,0
40646,1,1,0,0,0,26,7,0,29,0,0,0
40647,0,1,0,0,0,0,0,0,0,0,0,0
40647,1,1,10,0,0,0,0,0,23,0,0,0
40648,0,1,25,25,25,25,25,25,25,25,25,25
40648,1,1,0,0,0,0,10,0,0,0,15,16
40649,0,1,9,13,0,0,14,0,27,15,17,0
40649,1,1,0,0,0,0,0,0,0,0,0,0
40650,1,1,9,13,24,15,0,12,23,19,21,17
40650,2,1,0,13,24,15,26,10,19,12,14,0
40650,3,1,6,20,0,11,5,6,4,10,12,20
40651,1,1,0,0,0,0,0,0,0,0,0,0
40651,2,1,0,0,0,0,0,0,0,0,0,0
40652,0,1,0,0,0,0,0,0,0,0,0,0
40652,1,1,10,0,13,0,0,0,0,0,0,9
40653,1,1,0,0,0,0,0,0,0,0,0,0
40653,2,1,0,0,0,0,0,0,0,0,0,0
40653,3,1,21,0,0,0,0,0,0,0,0,0
40653,4,1,0,0,0,0,0,0,0,0,0,0
40654,0,1,0,0,0,0,0,0,0,0,0,0
40654,0,2,32,0,0,0,0,0,0,43,0,0
40654,0,3,0,0,0,0,0,0,0,0,0,0
40654,0,4,0,0,0,0,29,0,10,0,24,22
40654,1,1,0,0,0,0,0,0,0,0,0,0
40654,2,1,0,0,0,0,0,0,0,0,0,0
40654,3,1,0,0,0,15,0,0,0,0,0,0
40655,1,4,27,31,0,11,25,0,34,7,0,18
40656,1,1,0,0,0,0,0,0,0,0,0,0
40657,1,1,0,0,0,0,0,0,0,0,0,0
40657,2,1,0,0,0,0,0,0,0,0,0,0
40658,1,1,0,0,0,17,14,0,0,0,0,0
40658,2,1,0,0,0,0,0,0,0,0,0,0
40659,0,1,0,18,0,0,7,0,0,0,0,0
40659,1,1,0,0,13,3,10,0,0,0,0,0
40660,0,1,0,0,0,0,0,0,0,0,0,0
40660,1,1,0,0,0,0,0,0,0,0,0,0
40660,2,1,0,0,0,0,0,0,0,0,0,0
40661,1,1,0,0,0,0,0,19,0,0,9,0
40661,2,1,0,0,0,14,0,0,0,0,18,0
40662,1,1,0,16,0,0,0,0,0,0,0,0
40662,2,1,0,0,0,0,0,0,0,0,0,0
40662,3,1,0,0,0,0,0,0,0,0,0,0
40663,0,1,0,0,0,0,17,0,26,0,0,0
40663,1,1,21,0,2,0,0,0,0,0,0,0
40664,1,1,0,0,0,0,0,0,0,0,0,0
40664,2,1,0,0,0,9,18,0,0,0,0,0
40665,1,1,0,0,0,0,0,0,13,0,0,0
40665,2,1,0,0,19,0,0,0,0,0,16,22
40665,3,1,18,0,0,0,0,0,8,0,12,0
40666,0,1,21,21,21,21,21,21,21,21,21,21
40666,1,1,0,0,0,0,0,0,0,0,0,0
40667,1,1,0,32,0,9,0,33,25,10,0,0
40668,1,1,0,0,0,0,0,0,0,0,0,0
40669,1,1,17,17,17,17,17,17,17,17,17,17
40670,0,1,0,0,0,0,0,0,0,0,0,0
40670,1,1,0,15,0,0,17,0,9,19,0,0
40671,0,1,0,11,11,32,0,31,5,0,0,0
40671,1,1,13,0,0,0,10,9,0,0,0,11
40672,0,1,0,0,0,0,0,0,0,0,0,0
40672,1,1,0,0,0,0,0,0,0,0,0,0
40673,1,1,0,0,0,0,0,0,0,0,0,0
40674,1,1,13,0,10,34,0,0,10,7,0,0
40674,2,1,0,0,0,0,0,0,0,0,0,0
40674,3,1,0,0,0,0,0,0,15,0,0,0
40674,4,1,12,4,0,0,6,0,0,0,0,0
40674,5,1,0,0,0,0,0,0,0,0,0,0
40674,6,1,0,0,0,0,6,0,0,0,0,0
40674,7,1,0,0,0,0,0,0,0,0,0,15
40675,1,1,0,0,0,0,0,0,0,0,0,0
40675,2,1,0,0,0,0,0,0,0,0,0,0
40676,1,1,9,0,0,0,0,0,0,0,0,0
40676,2,1,0,0,0,0,0,0,0,0,0,0
40677,1,1,5,0,0,0,0,0,0,17,0,21
40677,2,1,0,0,0,0,0,0,0,0,0,0
40678,1,1,0,0,0,0,0,0,0,0,0,0
40678,2,1,0,17,13,19,27,12,10,25,6,15
40679,0,1,0,0,0,0,0,0,0,0,0,0
40679,1,1,0,0,0,0,0,13,0,0,0,0
40680,1,1,0,0,0,0,0,0,0,0,0,0
40681,0,1,0,0,0,0,0,0,0,0,0,0
40681,1,1,0,0,0,27,0,20,28,11,15,0
40682,1,1,20,20,20,20,20,20,20,20,20,20
40682,2,1,0,0,0,0,0,9,0,0,3,15
40683,0,1,0,52,0,27,32,0,31,0,0,0
40683,1,1,12,0,0,0,0,0,0,0,0,0
40684,1,1,0,0,0,0,0,0,0,0,0,0
40684,2,1,0,0,0,0,0,0,0,0,0,0
40684,3,1,0,0,0,0,0,0,0,0,0,0
40684,4,1,0,14,6,0,35,0,0,0,0,0
40685,0,1,21,21,21,21,21,21,21,21,21,21
40685,1,1,0,0,0,0,0,0,0,0,0,0
40686,1,1,0,0,0,0,0,0,0,0,0,0
40686,2,1,0,0,0,0,0,0,0,0,0,0
40687,1,1,0,0,3,0,0,0,19,4,0,0
40688,1,1,0,0,0,0,0,0,0,0,0,0
40688,2,1,0,0,0,0,0,0,18,0,0,0
40689,1,1,0,0,0,21,0,0,0,0,0,0
40689,2,1,0,0,0,28,5,0,0,17,0,0
40690,0,1,0,0,0,0,0,0,0,0,0,0
40690,1,1,0,0,0,0,0,0,0,0,0,0
40691,0,1,0,12,0,0,0,8,28,22,34,5
40691,1,1,0,0,0,9,0,0,0,0,0,0
40692,1,1,15,15,15,15,15,15,15,15,15,15
40693,0,1,0,0,0,0,0,0,0,0,0,0
40693,1,1,0,0,0,28,0,0,0,0,0,25
40693,2,1,11,25,0,0,0,0,0,0,0,0
40694,0,1,0,0,0,0,0,0,0,0,0,0
40694,1,1,0,0,0,0,0,0,0,0,0,0
40695,0,1,0,0,0,0,0,0,0,0,0,0
40695,1,1,0,0,0,0,0,0,0,0,0,0
40696,1,1,0,0,0,0,0,0,0,0,0,0
40696,2,1,0,0,0,0,0,0,0,0,0,0
40697,0,1,0,0,0,0,0,0,0,0,0,0
40697,1,1,0,0,0,0,0,0,0,0,0,0
40698,1,1,14,14,14,14,14,14,14,14,14,14
40698,2,1,25,0,0,0,0,0,0,8,0,0
40699,1,1,0,0,0,0,0,0,0,0,0,0
40699,2,1,0,0,0,0,0,0,0,0,0,0
40699,3,1,0,0,0,0,0,0,0,0,0,0
40700,1,1,0,0,0,0,0,0,0,0,0,0
40700,2,1,7,0,0,17,0,5,0,0,0,0
40701,0,1,0,0,0,0,0,0,0,0,0,0
40701,1,1,0,0,0,0,0,0,0,0,0,0
40702,0,1,0,0,0,0,0,0,0,0,0,0
40702,0,2,0,0,0,0,0,0,0,0,0,0
40702,1,1,0,18,5,0,0,0,0,19,19,0
40703,1,1,17,17,17,17,17,17,17,17,17,17
40704,0,1,0,0,0,0,0,0,0,0,0,0
40704,1,1,21,14,26,5,6,13,24,6,11,8
40705,1,1,0,0,0,0,0,0,23,0,0,0
40705,2,1,0,0,0,0,0,0,0,0,15,16
40706,0,1,43,43,43,43,43,43,43,43,43,43
40706,1,1,10,30,7,13,0,0,28,0,13,25
40707,1,1,0,0,0,0,0,0,0,0,0,0
40707,2,1,0,0,0,0,0,0,0,0,0,0
40707,3,1,0,0,0,0,0,0,0,0,0,0
40708,1,1,0,0,0,0,0,0,0,0,0,0
40709,1,1,16,0,0,0,0,0,0,19,0,0
40709,2,1,2,0,0,0,0,0,0,0,0,0
40710,1,1,32,32,32,32,32,32,32,32,32,32
40711,0,1,0,0,12,8,9,8,0,0,8,0
40711,1,1,0,0,0,7,0,0,3,0,0,0
40712,1,1,0,16,16,0,8,23,16,0,21,19
40713,1,1,0,0,0,0,0,0,0,0,0,0
40714,1,1,13,8,0,0,2,0,16,0,8,0
40715,0,1,32,32,32,32,32,32,32,32,32,32
40715,1,1,0,0,0,0,0,0,0,0,0,0
40716,1,1,14,14,14,14,14,14,14,14,14,14
40716,2,1,0,0,0,0,0,0,0,0,0,0
40717,1,1,13,15,0,13,0,20,0,0,0,0
40718,1,1,0,0,16,6,27,0,0,0,0,0
40719,0,1,0,0,0,0,0,0,0,0,0,0
40719,1,1,0,0,0,0,0,0,0,0,0,0
40720,1,1,0,0,0,0,0,0,0,0,0,0
40720,2,1,0,0,0,5,0,0,0,0,0,0
40720,3,1,0,0,0,0,0,0,0,0,0,0
40721,1,1,0,0,0,0,12,0,0,0,0,18
40721,2,1,0,0,0,0,0,0,0,0,0,0
40721,3,1,0,0,0,0,0,0,0,0,0,0
40722,0,1,7,7,7,7,7,7,7,7,7,7
40722,1,1,0,0,0,0,0,0,0,0,0,0
40723,0,1,23,12,0,0,19,0,0,19,11,31
40723,1,1,11,0,0,0,0,0,0,0,0,0
40724,1,1,5,21,0,19,7,0,7,0,0,3
40725,0,1,35,35,35,35,35,35,35,35,35,35
40725,1,1,16,0,0,0,15,8,0,0,29,15
40726,1,1,12,12,12,12,12,12,12,12,12,12
40727,0,1,0,0,0,0,0,0,0,0,0,0
40727,1,1,0,0,0,0,0,0,0,0,0,8
40728,1,1,0,0,20,26,0,0,0,0,24,0
40729,1,1,0,0,0,0,0,0,0,0,0,0
40730,0,1,0,0,0,0,0,0,0,0,0,0
40730,1,1,38,38,38,38,38,38,38,38,38,38
40731,1,1,18,18,18,18,18,18,18,18,18,18
40731,2,1,16,16,16,16,16,16,16,16,16,16
40732,1,1,0,0,0,0,24,0,0,6,0,0
40732,2,1,14,0,0,0,0,0,0,0,10,0
40733,0,1,0,0,0,0,0,0,0,0,0,0
40733,1,1,0,0,0,0,0,0,0,0,0,0
40734,0,1,2,2,2,2,2,2,2,2,2,2
40734,1,1,0,0,0,0,0,0,0,0,0,0
40735,1,1,25,20,20,18,23,20,17,9,0,14
40736,1,1,0,0,0,0,0,0,0,0,0,0
40737,1,1,17,0,0,0,0,0,0,0,0,0
40738,0,1,0,0,0,0,0,0,0,0,0,0
40738,1,1,0,0,5,0,31,0,0,0,0,19
40739,1,1,0,0,0,0,0,0,0,0,0,0
40739,2,1,0,0,0,0,0,0,0,0,0,0
40740,1,1,0,0,0,0,0,0,0,0,0,0
40740,2,1,0,0,14,0,0,0,0,0,0,0
40740,3,1,0,4,0,22,0,0,0,0,0,0
40740,4,1,0,0,0,0,9,0,0,0,0,0
40740,5,1,0,0,17,0,0,0,14,0,0,0
40740,6,1,8,0,0,0,0,0,0,0,0,0
40741,0,1,0,0,0,0,0,0,0,0,0,0
40741,1,1,0,0,0,0,0,0,0,0,0,0
40742,1,1,0,0,0,0,0,0,0,0,0,0
40742,2,1,0,0,0,0,0,0,0,2,0,0
40742,3,1,0,0,0,10,0,0,0,0,0,0
40743,0,1,0,0,0,0,0,0,0,0,0,0
40743,1,1,0,12,0,6,0,20,8,0,0,0
40744,1,1,0,17,0,0,0,0,13,0,0,5
40744,2,1,0,0,12,0,0,0,0,0,0,0
40745,0,1,27,0,31,7,0,0,0,0,0,0
40745,1,1,0,24,16,19,0,14,32,13,0,0
40746,1,1,0,0,0,0,22,12,0,11,0,0
40746,2,1,0,0,0,0,0,0,0,0,0,0
40747,1,1,0,0,4,0,0,25,0,12,16,0
40748,1,1,14,3,12,13,7,4,15,17,35,19
40749,1,1,0,0,0,0,0,0,0,0,0,0
40749,2,1,0,0,0,0,0,0,0,0,0,0
40750,1,1,10,0,0,0,0,0,0,0,0,19
40751,1,1,0,0,0,0,0,0,0,0,0,0
40752,1,1,0,0,0,0,0,0,0,0,0,0
40753,1,1,0,0,0,0,0,0,0,0,0,0
40753,2,1,0,0,0,0,0,0,0,0,0,0
40754,1,1,0,0,0,0,0,0,0,0,0,0
40755,1,1,0,0,0,0,13,0,0,0,0,0
40756,1,1,0,0,0,0,0,0,0,0,0,0
40756,2,1,0,0,0,0,0,0,0,0,0,0
40756,3,1,0,0,7,0,0,0,0,0,0,13
40757,0,1,0,0,0,0,28,0,16,11,5,0
40757,1,1,0,0,0,0,23,0,0,0,0,0
40758,1,1,16,0,9,0,3,13,0,17,0,20
40758,2,1,0,0,13,0,5,27,0,3,0,0
40759,0,1,17,10,0,0,0,12,0,0,0,23
40759,1,1,0,0,0,0,0,0,0,0,0,0
40760,1,1,0,0,0,0,0,0,0,0,0,0
40761,1,1,0,0,0,0,0,0,0,0,0,0
40762,1,1,0,0,0,0,0,0,0,0,0,0
40762,2,1,0,0,0,0,0,0,0,0,0,0
40763,1,1,0,0,0,0,0,0,0,0,0,0
40764,1,1,26,26,26,26,26,26,26,26,26,26
40765,0,1,17,17,17,17,17,17,17,17,17,17
40765,1,1,0,0,0,0,0,0,0,0,16,0
40766,0,1,0,0,20,0,18,0,10,0,9,0
40766,1,1,0,22,0,9,0,5,0,15,16,8
40767,1,1,0,0,9,0,0,0,0,0,0,0
40767,2,1,0,0,11,0,0,0,0,0,0,0
40768,1,1,0,6,6,18,0,12,9,17,4,0
40769,1,1,0,0,0,0,0,0,0,0,0,0
40769,2,1,0,0,0,0,0,0,0,0,0,0
40770,1,1,0,11,0,0,0,0,0,0,16,0
40770,2,1,19,0,0,0,0,0,0,0,0,12
40771,0,1,0,0,30,0,0,21,0,32,0,0
40771,1,1,0,8,0,0,0,0,0,0,0,0
40772,0,1,0,17,0,0,0,0,0,11,19,0
40772,1,1,0,2,15,16,15,9,26,9,9,27
40773,1,1,0,0,0,0,0,0,0,0,0,0
40774,1,1,0,0,0,0,0,0,0,0,0,0
40775,1,1,0,0,0,0,0,0,0,0,0,0
40775,2,1,0,0,0,0,0,0,0,0,0,0
40775,3,1,0,0,0,0,0,0,0,0,0,0
40776,1,1,0,0,0,0,0,0,0,0,0,0
40776,2,1,0,0,0,0,0,0,0,0,0,0
40777,1,1,21,21,21,21,21,21,21,21,21,21
40778,1,1,0,0,0,7,0,0,0,0,0,0
40779,1,1,0,0,0,0,0,0,0,0,0,0
40780,1,1,0,0,2,40,0,0,0,18,0,0
40780,2,1,0,0,0,0,0,0,0,0,0,7
40781,1,1,0,0,0,16,0,0,0,0,0,0
40781,2,1,0,0,0,0,0,0,0,0,0,0
40782,0,1,0,0,0,0,0,0,0,0,0,0
40782,1,1,0,0,0,0,0,0,0,0,0,0
40783,0,1,0,0,0,0,0,0,0,0,0,0
40783,1,1,0,0,0,0,0,0,0,0,0,0
40783,2,1,0,0,0,0,0,0,0,0,0,0
40784,0,1,0,0,0,36,38,0,0,0,0,0
40784,1,1,0,0,10,0,0,0,0,0,0,0
40785,0,1,0,0,0,0,0,0,0,0,0,0
40785,1,1,0,0,0,0,0,0,0,0,0,0
40786,1,1,0,0,0,9,17,0,25,0,0,0
40786,2,1,0,0,0,0,0,0,0,0,0,0
40787,1,1,8,8,8,8,8,8,8,8,8,8
40787,2,1,0,0,0,0,0,0,0,0,0,0
40788,0,1,21,21,21,21,21,21,21,21,21,21
40788,1,1,0,0,0,0,0,0,0,0,0,0
40789,1,1,0,0,0,0,0,0,0,0,0,0
40789,2,1,0,0,0,0,0,0,0,0,0,0
40790,1,1,0,0,0,0,0,0,0,0,0,0
40791,1,1,0,0,0,0,0,0,0,0,0,0
40791,2,1,9,0,0,0,0,17,0,0,0,0
40792,1,1,0,0,0,0,0,0,0,0,0,0
40792,2,1,0,0,0,0,0,0,0,0,0,0
40794,1,1,0,0,0,0,0,0,0,0,0,0
40795,1,1,0,0,0,0,0,0,0,0,0,0
40795,2,1,0,0,0,0,0,0,0,0,0,0
40796,1,1,0,0,0,0,0,0,0,0,0,0
40796,2,1,0,0,0,0,0,0,8,0,0,0
40797,1,1,0,0,0,0,0,0,0,0,0,0
40798,0,1,0,0,0,0,0,0,0,0,0,0
40798,1,1,21,0,0,0,0,17,0,0,0,0
40799,0,1,0,0,0,0,0,0,0,0,0,0
40799,1,1,0,4,0,30,0,27,16,0,0,20
40800,1,1,13,13,13,13,13,13,13,13,13,13
40801,1,1,18,18,18,18,18,18,18,18,18,18
40802,0,1,0,0,0,0,0,14,0,0,0,7
40802,1,1,0,0,0,9,0,0,0,0,0,0
40803,1,1,0,0,0,9,0,16,0,17,17,0
40804,1,1,0,0,0,11,0,0,0,0,0,0
40804,2,1,0,0,0,0,0,0,0,0,0,0
40804,3,1,0,0,0,0,0,0,0,0,0,0
40805,0,1,1,1,1,1,1,1,1,1,1,1
40805,1,1,0,13,0,0,0,0,0,0,0,0
40806,1,1,4,3,0,0,0,0,0,0,8,0
40806,2,1,0,0,0,0,0,0,15,0,0,0
40807,1,1,0,0,0,0,0,0,0,0,0,0
40807,2,1,0,0,0,0,0,0,0,0,0,0
40808,1,1,0,0,0,0,0,0,0,0,0,0
40808,2,1,0,0,0,0,0,0,0,0,0,0
40809,1,1,0,0,0,0,0,0,0,15,10,0
40809,2,1,37,0,0,0,0,28,0,0,0,0
40810,1,1,0,0,0,0,0,0,0,0,0,0
40811,1,1,0,0,0,0,0,0,0,0,0,0
40811,2,1,0,0,0,0,0,0,0,0,0,0
40811,3,1,0,0,0,0,0,0,0,0,0,0
40812,1,1,34,20,16,0,0,0,41,0,0,21
40813,0,1,0,0,0,0,0,0,22,0,19,0
40813,1,1,25,0,0,0,20,12,12,7,11,0
40814,1,1,0,0,0,32,0,0,0,0,0,0
40814,2,1,0,0,0,0,15,0,0,0,0,0
40814,3,1,0,0,0,0,0,0,0,0,0,0
40815,1,1,0,0,0,0,0,0,0,0,0,0
40815,2,1,13,8,0,19,11,0,13,19,15,14
40816,1,1,0,0,0,0,0,25,0,0,0,0
40816,2,1,4,4,4,4,4,4,4,4,4,4
40817,0,1,0,0,0,0,0,0,0,0,0,0
40817,1,1,0,0,0,7,0,0,0,0,0,0
40818,1,1,0,0,0,0,0,0,0,13,17,14
40818,2,1,0,0,0,0,0,0,0,0,0,0
40819,1,1,0,21,0,0,5,0,19,0,0,0
40820,0,1,0,0,0,0,0,0,25,33,0,0
40820,1,1,0,0,7,11,0,0,0,0,25,0
40821,1,1,0,16,25,35,0,0,0,0,19,17
40822,0,1,0,0,0,0,0,0,0,0,0,0
40822,1,1,0,0,0,0,0,0,0,0,0,0
40823,1,1,0,0,0,0,0,0,0,0,0,0
40824,0,1,0,0,0,0,0,0,0,0,0,0
40824,1,1,0,0,0,0,0,0,9,0,0,0
40825,1,1,0,0,0,0,21,0,0,0,0,0
40825,2,1,0,0,0,0,0,16,0,0,0,0
40825,3,1,0,0,0,0,0,0,0,0,0,0
40825,4,1,0,0,0,0,0,0,0,0,0,0
40826,1,1,0,0,0,0,0,0,0,0,0,0
40826,2,1,0,0,0,0,0,0,0,0,0,0
40827,1,1,20,0,0,10,0,0,16,0,0,21
40828,1,1,0,0,0,0,0,0,0,20,9,0
40829,0,1,0,20,20,24,0,0,0,0,12,11
40829,1,1,19,19,0,23,0,6,10,13,16,16
40830,1,1,8,38,13,9,0,0,10,0,9,0
40830,2,1,0,17,0,13,0,9,0,0,0,0
40831,1,1,0,0,0,0,0,0,0,0,0,0
40832,1,1,5,0,25,9,0,13,20,22,9,22
40832,2,1,8,0,0,0,0,0,0,0,0,0
40832,3,1,0,0,11,0,0,14,0,0,0,0
40833,1,1,0,0,0,0,0,0,0,0,0,0
40833,2,1,0,0,0,0,0,0,0,0,0,0
40834,1,1,0,0,0,0,0,0,0,0,0,0
40834,2,1,0,0,0,0,0,0,0,0,0,0
40835,1,1,14,14,14,14,14,14,14,14,14,14
40836,1,1,19,19,19,19,19,19,19,19,19,19
40837,0,1,23,23,23,23,23,23,23,23,23,23
40837,1,1,0,11,26,0,0,0,14,30,0,11
40838,1,1,0,0,0,0,0,0,0,0,0,0
40839,1,1,0,0,0,0,0,0,0,0,0,0
40840,1,2,0,0,0,30,7,8,0,9,18,0
40841,0,1,0,0,12,0,0,0,0,0,0,0
40841,1,1,0,19,0,0,0,0,23,0,5,0
40842,1,3,0,0,0,0,0,0,0,0,0,0
40843,1,1,0,0,0,0,0,17,0,0,0,0
40843,2,1,0,0,0,0,0,0,0,0,21,0
40844,1,1,0,0,8,0,0,10,12,0,0,19
40845,0,1,29,29,29,29,29,29,29,29,29,29
40845,1,1,0,0,0,0,22,8,0,0,20,0
40846,0,1,0,0,0,0,14,30,0,0,0,23
40846,1,1,0,0,0,0,0,0,0,0,0,0
40847,1,1,0,0,0,0,0,0,0,0,0,0
40849,1,1,0,0,0,0,0,0,0,0,0,0
40849,2,1,0,0,0,0,0,0,0,0,0,0
40850,1,1,0,0,0,0,0,20,0,0,0,0
40851,1,1,27,27,27,27,27,27,27,27,27,27
40851,2,1,0,0,0,0,0,0,0,0,0,0
40852,0,1,8,8,8,8,8,8,8,8,8,8
40852,1,1,0,0,0,0,0,0,0,0,0,0
40853,1,1,0,19,0,0,0,0,19,0,11,0
40853,2,1,0,12,0,0,0,0,24,0,0,9
40853,3,1,14,0,0,10,0,0,0,17,0,0
40854,1,1,0,9,0,0,0,0,0,0,0,0
40854,2,1,20,0,0,0,0,0,0,0,0,0
40855,1,1,0,0,0,0,0,0,0,0,0,0
40855,2,1,0,0,0,0,0,0,0,0,0,0
40856,1,1,0,0,0,0,0,0,0,0,0,0
40856,2,1,0,0,0,0,0,0,0,0,0,0
40857,1,1,0,0,0,0,0,0,0,0,0,0
40857,2,1,0,0,0,0,0,0,0,0,0,0
40858,1,1,0,0,0,0,0,0,0,0,0,0
40859,1,1,0,44,0,20,0,0,0,0,0,0
40860,1,1,0,0,0,0,0,0,0,0,0,0
40860,2,1,0,0,0,0,0,0,0,0,0,0
40861,1,1,0,22,0,0,0,0,0,0,0,0
40861,2,1,0,0,0,0,0,0,0,0,0,0
40862,1,1,0,0,15,0,0,0,0,0,0,0
40862,2,1,0,0,0,0,0,0,0,0,0,0
40862,3,1,0,0,0,0,0,0,0,0,0,0
40862,4,1,0,0,0,0,0,0,0,0,0,0
40863,0,1,0,0,0,0,0,0,0,0,0,0
40863,1,1,0,0,0,0,4,0,0,0,8,0
40864,0,1,41,41,41,41,41,41,41,41,41,41
40864,1,1,0,0,0,0,0,0,0,0,0,0
40865,1,1,0,0,0,0,0,0,0,0,0,0
40865,2,1,0,0,0,0,0,0,0,0,0,0
40865,3,1,0,0,0,0,0,0,0,0,0,0
40866,1,1,0,0,0,0,0,0,0,0,0,0
40866,2,1,0,0,0,0,0,0,0,0,0,0
40867,1,1,11,10,0,10,20,26,9,5,6,9
40867,2,1,14,14,14,14,14,14,14,14,14,14
40868,1,1,0,11,18,21,31,21,7,0,0,5
40869,1,1,0,0,0,0,0,0,0,0,0,0
40869,2,1,0,0,0,0,0,40,0,0,0,0
40870,1,1,18,15,0,6,0,3,0,13,9,10
40871,1,1,0,0,0,0,0,0,0,0,0,0
40871,2,1,0,0,0,0,0,0,0,0,0,0
40872,1,1,0,0,0,0,0,0,0,0,0,0
40872,2,1,14,18,25,0,0,11,18,0,7,0
40873,1,1,0,0,0,0,0,0,0,0,0,0
40874,1,1,0,0,10,0,0,0,0,0,0,0
40874,2,1,0,0,0,0,0,0,0,0,0,0
40875,0,1,0,0,0,0,0,0,0,0,0,0
40875,1,1,0,0,0,19,7,5,0,0,0,30
40876,1,1,0,0,0,0,0,0,0,0,0,0
40876,2,1,0,0,0,0,14,0,0,0,0,0
40877,1,1,0,0,0,14,0,17,0,0,0,0
40877,2,1,0,0,0,0,0,0,0,0,0,0
40878,1,1,0,0,0,0,0,0,0,0,0,0
40878,2,1,0,0,0,0,0,0,0,0,0,12
40879,1,1,0,0,0,0,0,0,0,0,0,0
40879,2,1,0,0,0,0,0,0,0,0,0,0
40880,1,1,0,0,0,0,0,0,0,0,0,0
40880,2,1,0,0,0,14,0,9,11,14,0,0
40880,3,1,0,0,0,0,0,0,0,0,0,0
40880,4,1,0,0,0,0,0,0,0,0,0,0
40880,5,1,0,0,0,0,0,0,0,0,0,0
40881,1,1,21,21,21,21,21,21,21,21,21,21
40881,2,1,0,0,0,0,0,0,0,0,0,0
40881,3,1,0,0,0,0,0,0,0,0,0,0
40882,0,1,0,20,0,0,0,0,9,0,27,0
40882,1,1,0,0,0,0,0,0,19,0,0,0
40883,1,1,0,0,28,0,0,0,20,0,0,0
40884,1,1,20,19,0,0,0,24,0,0,0,11
40885,1,1,13,13,13,13,13,13,13,13,13,13
40885,2,1,0,0,0,27,0,0,0,0,0,0
40886,1,1,0,0,0,0,0,0,0,0,0,0
40887,1,1,0,16,0,0,0,0,0,0,0,0
40889,1,1,0,0,0,0,0,0,0,0,0,0
40889,2,1,0,11,0,18,18,0,0,21,28,12
40891,1,1,0,0,0,0,0,0,0,0,0,0
40891,2,1,0,0,0,0,0,0,0,0,0,0
40891,3,1,0,0,0,0,0,0,0,0,0,0
40891,4,1,0,0,0,0,0,0,0,0,0,0
40891,5,1,0,0,0,0,0,0,0,0,0,0
40892,1,1,0,0,0,0,0,0,0,13,0,0
40893,1,1,0,0,0,0,0,0,0,0,0,0
40893,2,1,0,0,0,0,0,0,0,0,0,0
40894,0,1,9,0,0,0,0,0,0,0,0,23
40894,1,1,0,0,0,0,12,0,0,14,0,0
40895,1,1,0,0,0,0,0,0,0,0,0,0
40895,2,1,0,0,0,0,0,0,0,0,0,0
40896,1,1,0,0,0,0,10,0,0,0,0,0
40896,2,1,16,16,16,16,16,16,16,16,16,16
40897,0,1,0,0,0,0,0,0,0,0,0,0
40897,1,1,0,0,0,0,0,0,0,0,0,23
40898,1,1,0,0,0,0,0,0,0,0,0,0
40899,1,1,0,0,0,0,0,0,0,0,0,0
40900,1,1,22,11,21,12,5,0,0,0,13,13
40901,0,1,22,22,22,22,22,22,22,22,22,22
40901,1,1,8,0,0,0,0,0,0,16,16,0
40902,1,1,0,0,0,0,0,0,0,0,0,0
40902,2,1,0,0,0,0,0,0,0,0,0,0