ST_CASE,VEH_NO,PER_NO,P1,P2,P3,P4,P5,P6,P7,P8,P9,P10
50269,1,1,0,0,0,0,0,23,0,0,0,0
50269,2,1,0,0,0,0,0,0,0,0,0,0
50270,1,1,0,0,0,0,0,0,0,0,0,0
50271,0,1,23,23,23,23,23,23,23,23,23,23
50271,1,1,0,0,0,0,0,0,0,0,0,0
50272,1,1,10,10,10,10,10,10,10,10,10,10
50272,2,1,0,0,0,0,0,0,0,0,0,0
50273,1,1,0,0,0,0,0,0,0,0,0,0
50275,1,1,0,0,27,17,16,27,22,25,12,10
50277,0,1,21,21,21,21,21,21,21,21,21,21
50277,1,1,0,0,0,0,0,0,0,0,0,0
50278,1,1,19,19,19,19,19,19,19,19,19,19
50278,2,1,0,0,0,0,0,0,0,0,0,0
50279,1,1,0,0,0,0,0,0,0,0,0,0
50280,1,1,0,0,0,0,0,0,0,0,0,0
50280,2,1,0,0,0,0,0,0,0,0,0,0
50281,0,1,18,18,18,18,18,18,18,18,18,18
50281,1,1,0,0,0,0,0,0,0,0,0,0
50282,1,1,0,0,0,0,0,0,0,0,0,0
50282,2,1,32,32,32,32,32,32,32,32,32,32
50283,1,1,0,0,0,0,0,0,0,0,0,0
50284,1,1,0,0,0,0,0,0,0,0,0,0
50284,2,1,0,0,0,0,0,0,0,0,0,0
50285,1,1,0,0,0,0,0,0,0,0,0,0
50286,1,1,1,1,1,1,1,1,1,1,1,1
50286,2,1,0,0,0,0,0,0,0,0,0,0
50287,1,1,18,12,15,27,13,28,9,10,13,5
50288,1,1,0,0,0,0,0,0,0,0,0,0
50289,1,1,0,0,0,0,0,0,0,0,0,0
50290,1,1,2,2,2,2,2,2,2,2,2,2
50291,1,1,0,0,0,0,0,0,0,0,0,0
50292,1,1,0,0,0,0,0,0,0,0,0,0
50292,2,1,0,0,0,0,0,0,0,0,0,0
50292,3,1,0,0,0,0,0,0,0,0,0,0
50293,1,1,11,11,11,11,11,11,11,11,11,11
50294,1,1,0,0,0,0,0,0,0,0,0,0
50294,2,1,0,0,0,0,0,0,0,0,0,0
50295,0,1,0,0,0,0,0,0,0,0,0,0
50295,1,1,0,0,0,0,0,0,0,0,0,0
50296,1,1,0,0,15,0,16,0,21,0,0,0
50297,1,1,7,7,7,7,7,7,7,7,7,7
50298,1,1,0,0,0,0,0,0,0,0,0,0
50299,1,1,0,0,0,0,0,0,0,0,0,0
50300,1,1,0,0,0,0,0,0,0,0,0,0
50301,1,1,0,0,0,0,0,0,0,0,0,0
50301,2,1,0,0,0,0,0,0,0,0,0,0
50302,0,1,30,30,30,30,30,30,30,30,30,30
50302,1,1,0,0,0,0,0,0,0,0,0,0
50303,0,1,12,22,24,16,32,5,0,0,9,7
50303,1,1,16,3,0,0,20,10,18,21,0,12
50304,1,1,0,0,0,0,0,0,0,0,0,0
50305,1,1,0,0,0,0,0,0,0,0,14,0
50305,2,1,0,0,0,0,26,0,0,0,0,0
50306,1,1,0,0,0,0,0,17,0,7,0,0
50306,2,1,0,0,0,0,18,0,0,0,0,0
50307,1,1,12,12,12,12,12,12,12,12,12,12
50308,1,1,0,0,0,0,0,0,0,0,0,0
50308,2,1,0,0,0,0,0,0,0,0,0,0
50309,1,1,0,0,0,0,0,0,0,0,0,0
50309,2,1,0,0,0,0,0,0,0,0,0,0
50310,0,1,0,0,0,0,0,0,0,0,0,0
50310,1,1,0,0,0,0,0,0,0,0,0,0
50311,1,1,2,2,2,2,2,2,2,2,2,2
50311,2,1,0,0,0,0,0,0,0,0,0,0
50312,1,1,0,0,0,0,0,0,0,0,0,0
50312,2,1,0,0,0,0,0,0,0,0,0,0
50313,1,1,0,0,0,0,0,0,3,0,0,0
50313,2,1,0,0,0,0,0,0,0,0,0,0
50314,0,1,0,0,0,0,0,0,0,0,0,0
50314,1,1,0,0,0,0,0,0,0,0,0,0
50315,1,1,0,7,17,20,5,0,0,0,25,0
50316,0,1,0,0,0,0,0,0,0,0,0,0
50316,1,1,0,0,0,0,0,0,0,0,0,0
50317,1,1,0,0,0,0,0,0,0,0,0,0
50317,2,1,0,0,0,0,0,0,0,0,0,0
50318,1,1,0,0,8,0,0,0,0,0,0,0
50318,2,1,0,0,0,0,0,0,0,0,0,0
50318,3,1,0,0,0,0,0,0,0,0,0,0
50319,1,1,0,0,0,0,0,0,0,0,0,0
50319,2,1,0,0,0,0,0,0,0,0,0,0
50320,1,1,0,0,0,0,0,0,0,0,0,0
50321,0,1,1,1,1,1,1,1,1,1,1,1
50321,1,1,0,0,0,0,0,0,0,0,0,0
50322,1,1,10,10,10,10,10,10,10,10,10,10
50323,1,1,0,0,0,0,0,0,0,0,0,0
50325,2,1,0,0,0,0,0,0,0,0,0,0
50326,1,1,10,0,20,0,0,0,6,0,17,15
50327,1,1,21,21,21,21,21,21,21,21,21,21
50328,1,1,0,25,0,0,0,3,0,15,32,14
50328,2,1,0,0,0,0,0,0,0,0,0,0
50329,1,1,22,22,22,22,22,22,22,22,22,22
50330,1,1,0,0,0,0,0,0,0,0,0,0
50330,2,1,0,0,0,0,0,0,0,0,0,0
50330,3,1,0,0,0,0,0,0,0,18,0,0
50331,1,1,0,0,0,0,0,0,0,0,0,0
50332,1,1,0,0,0,0,0,0,0,0,0,0
50332,2,1,0,0,0,0,0,0,0,0,0,0
50333,1,1,15,15,15,15,15,15,15,15,15,15
50334,1,1,24,24,24,24,24,24,24,24,24,24
50335,1,1,0,0,0,0,0,0,0,0,0,0
50336,1,1,0,0,0,0,21,0,5,8,0,0
50338,1,1,0,0,0,0,0,0,0,0,0,0
50338,2,1,0,0,0,0,0,0,0,0,0,0
50339,0,1,0,0,0,0,0,0,0,0,0,0
50339,1,1,0,12,0,19,0,0,14,0,8,0
50340,1,1,0,0,0,0,0,0,0,0,0,0
50342,1,1,0,0,0,0,0,0,0,0,0,0
50342,2,1,0,0,0,0,0,0,0,0,0,0
50343,1,1,0,0,0,0,0,0,0,0,0,0
50344,1,1,1,1,1,1,1,1,1,1,1,1
50345,1,1,0,0,0,16,0,0,0,0,0,0
50346,1,1,12,12,12,12,12,12,12,12,12,12
50347,1,1,0,0,0,0,0,0,0,0,0,0
50348,1,1,26,26,26,26,26,26,26,26,26,26
50349,1,1,0,0,0,0,0,0,0,0,0,0
50350,1,1,21,18,16,26,6,11,10,31,0,16
50351,1,1,0,0,0,0,12,0,0,0,0,0
50351,2,1,0,0,0,0,0,0,0,0,0,0
50351,3,1,0,0,0,0,0,0,0,0,0,0
50352,1,1,0,0,0,0,0,0,0,0,0,0
50352,2,1,0,0,0,0,0,0,0,0,0,0
50353,1,1,0,0,0,0,0,0,0,0,0,0
50353,2,1,0,0,0,0,0,0,0,0,0,0
50354,1,1,0,0,17,15,0,11,0,14,13,1
50355,1,1,0,20,0,0,0,0,0,0,0,0
50355,2,1,0,0,0,0,0,0,0,0,0,10
50356,1,1,0,0,0,0,0,0,0,0,0,0
50357,1,1,0,0,0,0,0,0,0,0,0,0
50358,1,1,0,0,0,0,0,0,0,16,12,0
50358,2,1,0,0,0,0,0,0,0,0,0,0
50359,1,1,0,0,0,0,0,0,0,0,0,0
50360,1,1,0,0,0,0,0,0,0,0,0,0
50360,2,1,0,15,0,0,0,0,0,0,0,0
50362,1,1,0,0,0,0,0,0,0,0,0,0
50363,0,1,0,0,0,0,0,0,0,0,0,0
50363,1,1,0,0,0,0,0,0,0,0,0,0
50364,1,1,21,21,21,21,21,21,21,21,21,21
50365,0,1,2,2,2,2,2,2,2,2,2,2
50365,1,1,0,0,0,0,0,0,0,0,0,25
50366,0,1,0,0,0,9,0,0,0,0,0,0
50366,1,1,0,0,0,0,0,0,0,0,0,0
50367,1,1,0,0,0,0,0,0,0,0,0,0
50367,2,1,7,7,7,7,7,7,7,7,7,7
50368,1,1,0,0,0,0,0,0,0,0,0,0
50369,1,1,17,17,17,17,17,17,17,17,17,17
50370,1,1,18,0,31,0,0,15,0,0,0,0
50371,1,1,12,12,12,12,12,12,12,12,12,12
50371,2,1,0,0,0,0,0,0,0,0,0,0
50372,1,1,0,0,0,0,18,0,0,0,0,0
50372,2,1,0,0,0,0,0,0,15,0,0,0
50373,1,1,0,0,0,0,0,0,0,0,0,0
50373,2,1,0,0,0,0,0,0,0,0,0,0
50374,0,1,0,0,0,0,0,0,0,0,0,0
50374,1,1,0,0,0,0,0,0,0,0,0,0
50375,1,1,0,0,0,0,0,0,0,0,0,0
50375,2,1,0,0,0,0,0,0,0,0,0,0
50376,1,1,0,0,0,0,0,0,0,0,0,0
50377,1,1,17,17,17,17,17,17,17,17,17,17
50377,2,1,0,0,0,12,0,0,0,9,7,0
50378,0,1,0,0,0,0,0,0,0,0,0,0
50378,1,1,0,10,0,0,0,0,0,0,0,0
50379,1,1,0,0,0,0,0,0,0,0,0,0
50380,0,1,0,0,0,0,0,0,0,0,0,0
50380,1,1,0,0,0,0,0,0,0,0,0,0
50381,1,1,0,0,0,0,0,0,0,0,0,0
50381,2,1,4,4,4,4,4,4,4,4,4,4
50382,1,1,0,0,0,0,0,0,0,0,0,0
50382,2,1,0,15,0,0,0,0,0,0,0,0
50383,1,1,0,0,0,0,0,0,0,0,0,0
50384,0,1,0,0,0,0,0,0,0,0,0,0
50384,1,1,0,0,0,0,0,7,0,0,0,0
50385,1,1,0,0,0,0,0,0,0,0,0,0
50386,0,1,0,0,0,0,0,0,0,0,0,0
50387,1,1,0,0,0,0,23,0,0,0,27,0
50388,1,1,0,0,0,0,0,0,0,0,0,0
50388,2,1,0,0,0,16,0,0,0,0,0,0
50389,1,1,20,20,20,20,20,20,20,20,20,20
50390,1,1,14,14,14,14,14,14,14,14,14,14
50390,2,1,0,0,0,0,0,0,0,0,0,0
50390,3,1,0,0,0,0,0,0,0,0,0,0
50391,1,1,14,14,14,14,14,14,14,14,14,14
50392,0,1,0,0,0,0,0,0,0,0,0,0
50392,1,1,0,0,0,0,0,0,0,0,0,0
50393,1,1,0,0,0,0,0,0,0,0,0,0
50394,1,1,0,0,0,0,0,0,0,0,0,0
50395,1,1,21,21,21,21,21,21,21,21,21,21
50395,2,1,0,0,0,0,0,0,0,0,0,0
50396,1,1,0,0,0,0,0,0,0,0,0,0
50396,2,1,0,0,9,0,8,0,20,0,0,0
50397,0,1,24,24,24,24,24,24,24,24,24,24
50397,1,1,0,0,0,0,0,0,0,0,0,0
50398,1,1,0,0,0,0,0,0,0,0,0,0
50398,2,1,0,0,0,0,0,0,0,0,0,0
50398,3,1,0,0,0,0,0,0,0,0,0,0
50399,1,1,0,0,0,0,0,0,0,0,0,0
50400,1,1,0,0,0,0,0,0,0,0,0,0
50401,1,1,0,0,0,0,0,0,0,0,0,0
50401,2,1,0,0,0,0,0,0,0,0,0,0
50401,3,1,0,0,0,0,0,0,0,0,0,0
50402,1,1,0,0,0,0,0,0,0,0,0,0
50403,1,1,26,27,0,0,0,0,0,0,0,0
50404,1,1,14,10,9,4,0,13,31,8,9,19
50404,2,1,0,0,0,0,0,0,0,0,0,0
50405,0,1,0,0,0,0,0,0,0,0,0,0
50405,1,1,0,0,0,0,0,0,0,0,0,0
50406,1,1,0,0,0,0,0,0,0,0,0,0
50406,2,1,0,0,0,0,0,0,0,0,0,0
50407,1,1,0,0,0,0,0,0,0,0,0,0
50407,2,1,0,0,0,0,0,0,0,0,0,0
50408,1,1,0,0,0,0,0,0,0,0,0,0
50408,2,1,0,0,0,0,0,0,0,0,0,0
50409,1,1,18,18,18,18,18,18,18,18,18,18
50410,1,1,0,0,0,0,0,0,0,0,0,0
50411,1,1,0,0,0,0,0,0,0,0,0,0
50411,2,1,0,0,0,0,0,0,0,0,0,0
50412,1,1,0,0,0,0,0,0,0,0,0,0
50412,2,1,0,0,0,0,0,0,0,0,0,0
50413,1,1,7,22,24,34,13,12,18,12,19,18
50414,1,1,0,0,0,0,0,0,0,0,0,0
50414,2,1,0,0,0,0,0,0,0,0,0,0
50415,1,1,1,1,1,1,1,1,1,1,1,1
50415,2,1,0,0,0,0,0,0,0,0,0,0
50415,3,1,0,0,0,0,0,0,0,0,0,0
50415,4,1,0,0,0,0,0,0,0,0,0,0
50416,1,1,0,0,0,0,0,0,0,0,0,0
50416,2,1,0,0,6,0,0,0,0,0,0,0
50417,0,1,0,0,0,0,0,0,0,0,0,0
50417,1,1,0,0,0,0,0,0,0,0,0,0
50418,1,1,12,12,12,12,12,12,12,12,12,12
50419,1,1,23,23,23,23,23,23,23,23,23,23
50420,1,1,0,0,8,11,29,0,0,11,0,9
50421,1,1,0,0,0,0,0,0,0,0,0,0
50421,2,1,0,0,0,0,0,0,0,0,0,0
50422,1,1,22,10,28,32,0,12,8,18,28,29
50423,0,1,1,1,1,1,1,1,1,1,1,1
50423,1,1,0,0,0,0,0,0,0,0,0,0
50424,0,1,17,21,10,14,18,20,6,18,9,26
50424,1,1,0,0,0,0,0,0,0,0,0,0
50425,1,1,0,0,0,0,0,0,0,0,0,0
50425,2,1,0,0,0,0,0,0,0,0,0,0
50426,0,1,25,25,25,25,25,25,25,25,25,25
50426,1,1,0,0,0,0,0,0,0,0,0,0
50427,1,1,24,19,17,9,13,13,12,11,5,18
50427,2,1,0,0,0,0,0,0,0,0,0,0
50428,1,1,14,14,14,14,14,14,14,14,14,14
50429,1,1,26,0,0,8,0,0,0,0,0,0
50430,1,1,0,0,0,0,0,0,0,0,0,0
50430,2,1,0,0,15,0,0,0,0,0,0,0
50431,1,1,0,0,0,0,0,0,0,0,0,0
50431,2,1,0,0,0,0,0,0,0,0,0,0
50432,1,1,0,0,0,0,0,0,0,0,0,0
50432,2,1,0,0,0,0,0,0,0,0,0,0
50433,1,1,0,0,0,0,0,0,0,0,0,0
50433,2,1,0,0,0,0,0,0,0,0,0,0
50434,0,1,20,20,20,20,20,20,20,20,20,20
50434,1,1,0,0,0,0,0,0,0,0,0,0
50434,2,1,0,0,0,0,0,0,0,22,0,0
50434,3,1,0,0,0,0,0,0,0,0,0,0
50435,1,1,0,0,0,0,0,0,0,0,0,0
50436,1,1,18,18,18,18,18,18,18,18,18,18
50437,1,1,0,0,0,0,0,0,0,0,0,0
50437,2,1,0,0,0,0,0,0,0,0,0,0
50438,1,1,23,23,23,23,23,23,23,23,23,23
50440,1,1,1,1,1,1,1,1,1,1,1,1
50441,1,1,0,0,0,0,0,0,0,0,0,0
50441,2,1,18,18,18,18,18,18,18,18,18,18
50442,1,1,0,0,0,0,0,0,0,0,0,0
50442,2,1,0,0,0,0,0,0,0,0,0,0
50443,1,1,10,10,10,10,10,10,10,10,10,10
50443,2,1,0,0,0,0,0,0,0,0,0,0
50443,3,1,0,0,0,0,0,0,0,0,0,0
50444,1,1,6,6,6,6,6,6,6,6,6,6
50445,1,1,0,0,0,0,0,0,0,0,0,0
50445,2,1,0,0,0,0,0,0,0,0,0,0
50446,0,1,0,0,0,0,0,0,0,0,0,0
50446,1,1,0,0,0,0,0,0,0,0,0,0
50447,1,1,0,0,0,0,0,0,0,0,0,0
50447,2,1,0,0,0,0,0,0,0,0,0,0
50447,3,1,0,17,26,0,23,12,35,18,13,10
50448,1,1,0,0,0,0,0,0,0,0,0,0
50449,1,1,10,5,0,16,28,8,18,21,14,24
50449,2,1,0,0,0,0,0,0,0,0,0,0
50450,1,1,0,0,0,0,0,0,0,0,0,0
50450,2,1,0,0,0,0,0,0,0,0,0,0
50451,1,1,0,0,0,0,0,0,0,0,0,0
50451,2,1,0,0,0,0,0,0,0,0,0,0
50452,1,1,0,0,0,0,0,0,0,0,0,0
50453,1,1,0,0,0,0,0,0,0,0,0,0
50454,1,1,0,0,0,0,0,0,0,0,0,0
50454,2,1,0,0,0,0,0,0,0,0,0,0
50454,3,1,0,0,0,0,0,0,0,0,0,0
50455,0,1,0,0,0,0,0,0,0,0,0,0
50455,1,1,0,0,0,0,0,0,0,0,0,0
50456,1,1,11,18,17,15,21,6,23,9,4,10
50456,2,1,0,0,0,10,0,0,0,0,0,0
50457,1,1,0,0,0,0,0,0,0,0,0,0
50458,0,1,0,0,0,0,0,0,0,0,0,0
50458,1,1,0,0,0,0,0,0,0,0,0,0
50459,1,1,0,0,0,0,0,0,0,0,0,0
50460,1,1,0,0,0,0,0,0,0,0,0,0
50460,2,1,0,0,0,0,0,0,0,0,0,0
50461,1,1,19,19,19,19,19,19,19,19,19,19
50462,1,1,0,0,0,35,0,13,0,0,44,10
50463,1,1,0,0,0,0,0,0,0,0,29,0
50464,0,1,0,0,0,0,23,0,5,41,10,0
50464,1,1,0,0,25,0,0,0,0,0,0,0
50465,1,1,0,0,0,0,0,0,0,0,0,0
50465,2,1,0,0,0,0,0,0,0,0,0,0
50466,1,1,14,14,14,14,14,14,14,14,14,14
50466,2,1,0,9,0,18,0,0,0,0,0,23
50467,1,1,0,0,0,0,0,0,0,0,0,0
50467,2,1,11,0,0,0,0,0,0,0,0,0
50467,3,1,0,0,0,0,0,0,0,0,0,0
50467,4,1,0,0,0,0,0,0,0,0,0,0
50468,1,1,0,0,0,0,0,0,0,0,0,0
50468,2,1,0,0,0,0,0,0,0,0,0,0
50469,1,1,12,12,12,12,12,12,12,12,12,12
50470,0,1,25,0,7,0,25,0,0,32,0,0
50470,1,1,26,0,11,0,0,0,0,27,0,10
50471,0,1,0,0,0,0,0,0,0,0,0,0
50471,0,2,0,0,0,0,0,0,0,0,0,0
50471,1,1,10,7,6,11,0,4,15,10,19,12
50472,1,1,14,14,14,14,14,14,14,14,14,14
50473,1,1,0,0,0,0,10,0,0,0,0,0
50473,2,1,0,0,0,0,0,0,0,0,0,0
50474,1,1,0,0,0,0,0,0,0,0,0,0
50475,0,1,0,0,0,38,0,6,24,0,0,0
50475,1,1,0,0,0,0,0,0,0,0,0,0
50475,2,1,0,0,0,0,0,0,0,0,0,0
50476,0,1,0,0,33,0,23,0,41,15,2,25
50476,1,1,0,0,0,0,0,0,0,0,0,0
50477,1,1,0,0,0,0,0,0,0,0,0,0
50477,2,1,0,0,0,0,0,0,0,0,0,6
50478,1,1,0,0,0,0,0,0,0,0,0,0
50478,2,1,0,0,0,0,0,0,0,0,0,0
50478,3,1,0,0,0,0,0,0,0,0,0,0
50479,1,1,0,0,0,0,0,0,0,0,11,0
50479,2,1,0,15,27,0,0,0,0,18,19,21
50480,1,1,0,0,0,0,0,13,14,0,28,0
50481,0,1,0,0,0,32,0,0,0,0,0,0
50481,1,1,0,0,0,5,0,0,0,0,0,0
50482,0,1,0,0,0,0,0,0,0,0,0,0
50482,1,1,0,0,0,0,0,0,0,0,0,0
50483,0,1,0,0,0,0,0,0,0,0,0,0
50483,1,1,0,0,0,0,0,0,0,0,0,0
50484,1,1,0,0,0,0,0,0,0,0,0,0
50484,2,1,0,0,0,0,0,0,0,0,0,0
50485,0,1,0,0,19,0,9,0,0,0,27,0
50485,1,1,20,0,0,0,18,0,0,0,0,0
50486,1,1,0,0,0,0,0,0,0,32,0,5
50487,1,1,18,18,18,18,18,18,18,18,18,18
50488,1,1,0,0,0,0,0,21,0,18,23,0
50489,1,1,0,0,0,0,0,0,0,0,0,0
50490,1,1,13,0,0,0,0,0,0,0,0,28
80001,1,1,0,0,0,0,0,0,0,0,0,0
80002,1,1,10,6,15,19,14,24,24,11,18,17
80003,1,1,0,0,0,0,0,0,0,0,0,0
80004,0,1,0,0,0,0,0,0,0,0,0,0
80004,1,1,0,0,0,0,0,0,0,0,0,0
80005,1,1,0,0,0,0,0,0,0,0,0,0
80005,2,1,0,0,0,0,0,0,0,0,0,0
80006,1,1,0,0,0,0,0,0,0,0,0,0
80006,2,1,0,0,0,0,0,0,0,0,0,0
80007,0,1,20,20,20,20,20,20,20,20,20,20
80007,1,1,0,0,0,0,0,0,0,0,0,0
80008,0,1,0,0,0,0,0,0,0,0,0,0
80008,1,1,0,0,0,0,0,0,0,0,0,0
80009,1,1,19,19,19,19,19,19,19,19,19,19
80010,0,1,0,0,0,0,0,0,0,0,0,0
80010,1,1,2,15,3,18,15,14,19,17,12,27
80010,2,1,6,21,21,30,0,13,0,0,18,0
80010,3,1,20,13,10,15,26,0,0,0,11,0
80010,4,1,15,7,0,42,0,12,8,3,8,0
80011,1,1,0,0,0,0,0,0,7,0,0,0
80011,2,1,0,0,0,0,0,0,0,0,0,0
80012,0,1,0,0,0,0,0,0,0,0,0,0
80012,1,1,0,22,0,0,0,0,0,8,0,0
80013,0,1,0,0,0,0,0,0,0,0,0,0
80013,1,1,0,0,0,0,0,0,0,0,0,0
80014,1,1,18,18,18,18,18,18,18,18,18,18
80014,2,1,17,0,0,0,0,0,0,0,0,0
80015,1,1,8,8,8,8,8,8,8,8,8,8
80016,1,1,23,0,0,0,0,0,0,0,0,0
80017,1,1,0,0,0,0,0,0,0,0,0,0
80017,2,1,0,0,0,0,0,0,0,0,0,0
80018,0,1,0,0,0,0,0,0,0,0,0,0
80018,1,1,0,0,0,0,0,0,0,0,0,0
80019,1,1,0,0,0,0,0,0,0,0,0,0
80020,0,1,0,0,0,0,0,0,0,0,0,0
80020,1,1,0,0,0,0,0,0,0,0,0,0
80021,1,1,0,0,0,0,0,0,0,0,0,0
80021,2,1,22,0,0,0,0,0,0,0,0,0
80021,3,1,0,0,0,0,0,0,0,0,0,0
80021,4,1,0,0,0,0,0,0,0,0,0,12
80022,1,1,0,0,0,0,0,0,0,0,0,0
80022,2,1,0,0,0,0,0,0,0,0,0,0
80023,1,1,9,9,9,9,9,9,9,9,9,9
80023,2,1,0,0,0,0,0,0,0,0,0,0
80024,1,1,0,0,0,0,0,9,0,0,0,0
80025,1,1,0,0,0,0,0,0,0,0,0,0
80026,1,1,0,0,0,0,0,0,0,0,0,0
80027,1,1,22,22,22,22,22,22,22,22,22,22
80028,1,1,17,17,17,17,17,17,17,17,17,17
80029,1,1,14,14,14,14,14,14,14,14,14,14
80029,2,1,0,0,0,0,0,0,0,0,0,0
80029,3,1,0,0,0,12,0,0,0,10,12,0
80030,1,1,9,9,9,9,9,9,9,9,9,9
80030,2,1,0,15,0,0,0,0,0,0,0,0
80031,1,1,25,25,25,25,25,25,25,25,25,25
80032,0,1,0,0,0,0,0,0,0,0,0,0
80033,0,1,12,0,0,0,0,0,0,0,0,0
80033,1,1,0,0,0,0,0,0,0,0,0,0
80034,1,1,26,26,26,26,26,26,26,26,26,26
80034,2,1,0,0,0,0,0,0,0,0,0,0
80035,1,1,0,0,0,0,0,0,0,6,0,0
80035,2,1,0,0,0,0,0,0,0,0,0,0
80036,1,1,0,0,0,0,0,0,0,0,0,0
80036,2,1,14,23,22,14,23,13,9,11,12,13
80037,1,1,0,0,0,0,0,0,0,0,0,0
80037,2,1,0,0,0,0,0,0,0,0,0,0
80037,3,1,0,0,0,0,0,0,0,0,0,0
80037,4,1,0,0,0,19,0,0,0,0,0,0
80038,1,1,0,0,0,0,0,0,0,0,0,0
80038,2,1,0,0,28,0,8,0,20,0,8,0
80038,3,1,0,0,0,0,0,0,0,0,0,0
80039,1,1,6,6,6,6,6,6,6,6,6,6
80039,2,1,0,0,0,0,0,0,0,0,0,0
80040,0,1,0,0,0,0,0,0,0,0,0,0
80040,1,1,0,0,0,0,0,0,0,0,0,0
80041,1,1,0,0,0,0,0,0,0,0,0,0
80041,2,1,0,0,0,0,0,0,0,0,0,0
80042,0,1,20,9,7,23,35,19,8,17,21,17
80042,1,1,0,0,8,0,1,0,0,0,0,0
80044,1,1,19,19,19,19,19,19,19,19,19,19
80045,1,1,38,38,38,38,38,38,38,38,38,38
80046,1,1,0,0,0,0,0,0,0,0,0,0
80047,1,1,26,26,26,26,26,26,26,26,26,26
80047,2,1,0,0,0,0,0,0,0,0,0,0
80048,1,1,0,0,0,0,0,0,0,0,0,0
80048,2,1,0,0,0,0,0,0,0,0,0,0
80049,1,1,0,0,0,0,0,0,0,0,0,0
80050,1,1,0,0,0,0,0,0,0,0,0,0
80051,1,1,0,0,0,0,0,0,0,0,0,0
80052,1,1,0,0,0,0,0,0,0,0,0,0
80052,2,1,0,0,0,0,0,0,0,0,0,0
80053,0,1,0,0,0,0,0,0,0,0,0,0
80053,1,1,0,0,0,0,0,11,0,0,0,0
80054,1,1,0,0,0,0,29,0,0,0,0,0
80054,2,1,0,0,0,0,0,14,0,0,0,0
80055,0,1,0,0,0,0,0,0,0,0,0,0
80055,1,1,0,0,5,0,0,0,0,0,0,0
80056,1,1,2,2,2,2,2,2,2,2,2,2
80056,2,1,7,0,0,0,0,0,0,0,0,0
80057,1,1,14,14,14,14,14,14,14,14,14,14
80058,1,1,0,0,0,0,0,0,0,0,0,0
80059,1,1,17,17,17,17,17,17,17,17,17,17
80059,2,1,0,0,0,0,0,0,5,0,0,0
80060,1,1,17,17,17,17,17,17,17,17,17,17
80061,1,1,9,9,9,9,9,9,9,9,9,9
80062,1,1,0,0,0,0,0,0,0,0,0,0
80062,2,1,0,0,0,0,0,0,0,0,0,0
80062,3,1,0,0,0,0,0,0,0,0,0,0
80062,4,1,0,0,0,0,0,0,0,0,0,0
80063,1,1,0,0,0,0,0,0,8,0,0,0
80064,1,1,0,0,0,0,29,6,0,0,0,0
80065,1,1,0,0,0,0,0,0,0,0,0,0
80065,2,1,0,0,0,28,0,22,0,0,0,0
80066,0,1,0,0,0,0,0,0,0,0,0,0
80066,1,1,0,0,0,0,0,0,0,0,0,0
80067,1,1,33,33,33,33,33,33,33,33,33,33
80067,2,1,0,0,0,0,0,0,0,0,0,0
80068,1,1,0,0,0,0,0,0,0,30,0,0
80068,2,1,0,0,0,0,0,0,0,0,0,0
80069,0,1,0,0,0,22,0,0,0,0,0,26
80069,1,1,0,0,0,0,0,0,0,0,0,0
80070,1,1,0,0,0,0,0,0,0,0,0,0
80071,0,1,20,20,20,20,20,20,20,20,20,20
80071,1,1,0,0,20,0,0,0,0,0,0,0
80072,1,1,22,22,22,22,22,22,22,22,22,22
80073,1,1,0,0,0,0,0,0,0,0,0,0
80074,1,1,0,0,0,0,0,0,0,0,0,0
80075,0,1,0,0,0,0,0,0,0,0,0,0
80075,1,1,0,0,0,0,0,0,0,0,0,0
80076,1,1,23,23,23,23,23,23,23,23,23,23
80077,1,1,34,34,34,34,34,34,34,34,34,34
80077,2,1,0,0,0,0,0,0,0,0,0,0
80078,1,1,8,8,8,8,8,8,8,8,8,8
80078,2,1,0,0,0,0,0,0,0,0,0,0
80079,1,1,14,14,14,14,14,14,14,14,14,14
80079,2,1,0,0,0,0,0,0,0,0,0,0
80080,1,1,29,29,29,29,29,29,29,29,29,29
80081,0,1,0,0,0,0,0,0,0,0,0,0
80081,1,1,0,0,0,0,0,0,0,0,0,0
80082,1,1,0,0,0,0,0,0,0,0,0,0
80083,1,1,4,4,4,4,4,4,4,4,4,4
80083,2,1,0,0,0,0,0,0,0,0,0,0
80084,1,1,25,25,25,25,25,25,25,25,25,25
80084,2,1,6,6,6,6,6,6,6,6,6,6
80085,0,1,0,0,0,0,0,0,0,0,0,0
80085,1,1,0,0,0,0,0,0,22,0,0,0
80086,1,1,0,0,0,0,0,0,0,0,0,0
80086,2,1,0,0,0,0,0,0,0,0,0,0
80086,3,1,0,0,0,0,0,0,0,0,0,0
80087,1,1,0,0,0,0,0,0,0,0,0,0
80087,2,1,0,0,0,0,0,0,0,0,0,0
80088,1,1,0,0,0,0,0,0,0,0,0,0
80089,1,1,17,17,17,17,17,17,17,17,17,17
80090,1,1,35,35,35,35,35,35,35,35,35,35
80090,2,1,0,0,0,0,0,0,0,0,0,0
80091,1,1,0,0,0,0,0,0,0,0,0,0
80091,2,1,0,0,0,0,0,0,0,0,0,0
80091,3,1,0,0,0,0,0,0,0,0,0,0
80092,1,1,0,0,0,0,0,0,0,0,0,0
80093,1,1,0,0,0,0,0,0,0,0,0,0
80093,2,1,2,2,2,2,2,2,2,2,2,2
80094,1,1,0,0,0,0,0,0,0,0,0,0
80095,1,1,0,0,0,0,0,0,0,0,0,0
80095,2,1,0,0,0,0,0,0,14,0,0,0
80096,1,1,4,4,4,4,4,4,4,4,4,4
80097,1,1,0,0,0,0,0,0,0,0,0,0
80098,0,1,0,0,0,0,0,0,0,0,0,0
80098,1,1,0,0,0,0,0,0,0,0,0,0
80099,1,1,17,17,17,17,17,17,17,17,17,17
80099,2,1,0,0,0,0,0,16,0,0,0,0
80100,1,1,0,0,0,0,0,0,0,0,0,0
80100,2,1,0,0,0,0,0,0,16,0,0,0
80101,1,1,0,0,0,0,0,0,0,0,0,0
80102,1,1,11,11,11,11,11,11,11,11,11,11