ST_CASE,VEH_NO,PER_NO,P1,P2,P3,P4,P5,P6,P7,P8,P9,P10
80103,0,1,0,0,0,0,0,0,0,0,0,0
80103,2,1,0,0,0,0,0,0,0,0,0,0
80104,1,1,0,0,0,0,0,0,0,0,0,0
80104,2,1,0,0,0,0,0,0,0,0,0,0
80105,1,1,0,0,0,0,0,0,0,0,0,0
80105,2,1,0,0,0,0,0,0,0,0,0,0
80106,1,1,32,32,32,32,32,32,32,32,32,32
80107,1,1,22,22,22,22,22,22,22,22,22,22
80108,1,1,0,0,0,0,0,0,0,0,0,0
80108,2,1,0,0,0,0,0,0,0,0,0,0
80109,1,1,0,0,0,0,0,0,0,0,0,0
80109,2,1,0,0,0,0,0,0,0,0,0,0
80110,1,1,0,0,0,0,0,0,0,0,0,0
80111,1,1,24,24,24,24,24,24,24,24,24,24
80112,1,1,28,28,28,28,28,28,28,28,28,28
80113,1,1,0,0,0,0,0,0,0,16,8,0
80113,2,1,0,0,0,0,0,0,0,0,0,0
80114,1,1,0,0,0,0,0,0,0,0,0,0
80114,2,1,0,0,0,0,0,0,0,0,0,0
80115,1,1,0,0,0,0,0,0,0,0,0,0
80115,2,1,0,0,0,0,0,0,0,0,0,0
80116,1,1,18,18,18,18,18,18,18,18,18,18
80117,1,1,0,0,0,0,0,0,0,0,0,0
80117,2,1,0,0,0,0,0,0,0,0,0,0
80118,1,1,0,0,0,0,0,0,0,0,0,0
80119,0,1,28,28,28,28,28,28,28,28,28,28
80119,1,1,0,0,0,0,0,0,0,0,0,0
80120,1,1,0,0,0,0,0,0,0,0,0,0
80121,1,1,7,7,7,7,7,7,7,7,7,7
80122,0,1,0,0,0,0,0,0,0,0,0,0
80122,1,1,31,0,21,24,0,12,0,0,16,5
80123,1,1,20,20,20,20,20,20,20,20,20,20
80123,2,1,0,0,0,0,0,0,0,0,0,0
80123,3,1,0,0,0,0,0,0,0,0,0,0
80124,1,1,13,13,13,13,13,13,13,13,13,13
80125,1,1,25,25,25,25,25,25,25,25,25,25
80126,1,1,24,24,24,24,24,24,24,24,24,24
80127,1,1,0,0,0,0,0,0,0,23,0,0
80128,0,1,15,15,15,15,15,15,15,15,15,15
80128,1,1,0,0,0,0,19,0,0,0,0,12
80129,1,1,0,0,0,0,0,0,0,0,0,0
80130,1,1,14,0,0,0,0,0,0,0,0,0
80131,1,1,0,0,0,0,0,0,0,0,0,0
80131,2,1,0,0,0,0,0,0,0,0,0,5
80132,1,1,0,0,0,0,0,0,0,0,0,0
80133,0,1,0,0,0,0,0,0,15,0,0,25
80133,1,1,0,0,0,0,0,6,0,0,0,0
80134,1,1,21,21,21,21,21,21,21,21,21,21
80135,1,1,0,0,0,0,0,0,0,19,0,24
80135,2,1,0,0,0,0,0,0,0,0,0,0
80136,1,1,0,0,0,0,0,0,0,0,0,0
80136,2,1,0,0,0,0,0,0,0,0,0,0
80137,1,1,0,0,0,0,0,0,0,0,0,0
80137,2,1,0,0,0,0,0,0,0,0,0,0
80138,1,1,16,16,16,16,16,16,16,16,16,16
80139,1,1,20,20,20,20,20,20,20,20,20,20
80140,1,1,22,22,22,22,22,22,22,22,22,22
80141,1,1,18,18,18,18,18,18,18,18,18,18
80141,2,1,11,11,11,11,11,11,11,11,11,11
80142,1,1,0,0,0,0,0,0,0,0,0,0
80143,1,1,20,20,20,20,20,20,20,20,20,20
80144,1,1,0,0,0,0,0,0,0,0,0,0
80144,2,1,0,0,0,21,0,0,0,0,0,0
80145,1,1,0,0,0,0,0,0,0,0,0,0
80145,2,1,0,0,0,0,0,0,0,0,0,0
80146,1,1,4,4,4,4,4,4,4,4,4,4
80146,2,1,0,29,0,0,0,0,0,0,0,0
80147,1,1,34,0,0,0,0,0,0,0,0,0
80147,2,1,0,0,0,0,0,0,0,0,0,0
80148,1,1,0,0,0,0,19,0,0,0,0,0
80148,2,1,0,0,0,0,0,0,0,0,0,0
80149,1,1,16,13,12,16,14,28,9,9,26,15
80149,2,1,2,2,2,2,2,2,2,2,2,2
80150,1,1,0,0,0,0,0,0,0,0,0,0
80150,2,1,0,0,0,0,0,0,0,0,0,0
80151,1,1,0,0,0,13,0,0,0,0,0,0
80152,1,1,0,0,0,0,0,0,0,0,0,0
80152,2,1,0,0,0,0,0,0,0,0,0,0
80153,0,1,0,0,0,0,0,0,0,0,0,0
80153,1,1,0,0,0,0,0,0,0,0,0,0
80154,1,1,0,0,0,0,0,0,0,0,0,0
80154,2,1,0,6,0,0,0,0,0,0,0,0
80155,1,1,0,0,0,0,0,0,18,0,0,0
80156,1,1,0,0,0,0,0,0,0,0,0,0
80156,2,1,0,0,0,0,0,0,0,0,0,0
80156,3,1,0,0,0,0,0,0,0,0,0,0
80156,4,1,0,0,0,0,0,0,0,0,0,0
80156,5,1,0,0,0,0,0,0,0,0,0,0
80156,6,1,0,0,0,0,0,0,0,0,6,0
80156,7,1,0,9,0,0,0,0,0,0,17,0
80156,8,1,0,0,0,0,0,0,0,0,0,0
80156,9,1,0,0,0,0,0,0,0,0,0,0
80157,1,1,16,16,16,16,16,16,16,16,16,16
80158,1,1,0,0,0,0,0,0,0,0,0,0
80158,2,1,0,0,0,0,0,0,0,0,0,0
80159,1,1,17,17,17,17,17,17,17,17,17,17
80159,2,1,0,0,0,0,0,0,0,0,0,0
80160,1,1,0,0,0,0,0,0,0,0,0,0
80161,1,1,0,0,0,0,0,0,0,0,0,0
80162,1,1,12,12,12,12,12,12,12,12,12,12
80162,2,1,0,0,0,0,0,0,0,0,0,0
80163,0,1,0,0,0,0,0,0,0,0,0,0
80163,1,1,0,0,3,5,0,0,11,0,10,22
80164,1,1,0,0,0,0,0,16,0,11,0,0
80165,1,1,3,3,3,3,3,3,3,3,3,3
80165,2,1,0,27,0,0,0,0,0,0,0,0
80166,1,1,0,0,0,0,0,0,0,0,0,0
80166,2,1,0,0,0,0,0,0,0,0,0,0
80167,1,1,4,4,4,4,4,4,4,4,4,4
80167,2,1,7,7,7,7,7,7,7,7,7,7
80168,1,1,20,20,20,20,20,20,20,20,20,20
80169,1,1,0,0,0,0,0,0,0,0,0,0
80170,0,1,0,0,0,0,0,0,0,0,0,0
80170,1,1,0,0,0,0,0,0,0,0,0,0
80171,1,1,23,23,23,23,23,23,23,23,23,23
80172,0,1,17,17,17,17,17,17,17,17,17,17
80172,1,1,0,0,0,0,0,0,0,0,0,0
80173,0,1,0,0,0,0,0,0,0,0,0,0
80173,1,1,0,0,0,0,0,0,0,0,0,0
80174,1,1,0,0,0,0,0,0,0,0,0,0
80174,2,1,0,0,0,0,0,0,0,0,0,0
80175,1,1,14,14,14,14,14,14,14,14,14,14
80176,1,1,22,22,22,22,22,22,22,22,22,22
80177,1,1,41,41,41,41,41,41,41,41,41,41
80178,1,1,6,6,6,6,6,6,6,6,6,6
80179,1,1,0,0,0,0,0,0,0,0,0,0
80180,1,1,26,26,26,26,26,26,26,26,26,26
80181,1,1,0,0,0,0,0,0,0,0,0,0
80181,2,1,0,0,0,0,0,0,0,0,0,0
80182,1,1,25,25,25,25,25,25,25,25,25,25
80182,2,1,0,0,0,0,0,0,0,0,12,0
80183,1,1,19,19,19,19,19,19,19,19,19,19
80183,2,1,0,0,0,0,0,0,0,0,0,0
80183,3,1,21,21,21,21,21,21,21,21,21,21
80184,1,1,0,0,0,0,0,0,0,0,0,0
80184,2,1,0,0,0,0,0,0,0,0,0,0
80185,0,1,0,0,0,0,0,0,0,0,0,0
80185,1,1,0,0,0,0,0,0,0,0,0,0
80186,0,1,4,4,4,4,4,4,4,4,4,4
80186,1,1,8,0,0,0,0,13,0,0,9,0
80187,1,1,0,0,0,30,0,0,0,0,0,0
80187,2,1,0,0,0,0,0,0,18,0,11,0
80188,0,1,32,32,32,32,32,32,32,32,32,32
80188,1,1,0,0,0,0,4,0,26,0,0,0
80189,1,1,14,14,14,14,14,14,14,14,14,14
80189,2,1,0,0,0,0,0,0,0,0,0,0
80190,1,1,0,0,0,0,0,0,0,0,0,0
80190,2,1,0,0,0,0,0,0,0,0,0,0
80191,1,1,0,0,0,0,0,0,0,0,0,0
80192,1,1,0,0,0,0,0,0,0,0,0,0
80192,2,1,0,0,0,0,0,0,0,0,0,0
80193,1,1,0,0,0,0,0,0,0,0,0,0
80193,2,1,0,0,0,0,0,0,0,0,0,0
80194,0,1,0,14,0,30,13,10,0,0,0,14
80194,1,1,0,0,0,0,0,0,0,0,0,0
80195,1,1,0,0,0,0,0,0,0,0,0,0
80195,2,1,0,0,0,0,0,0,12,0,0,0
80196,1,1,0,0,0,0,0,0,0,0,0,0
80196,2,1,0,0,0,0,0,0,0,0,0,0
80197,1,1,0,0,0,0,0,0,0,0,0,0
80198,0,1,0,0,0,0,0,0,0,0,0,0
80198,1,1,0,0,0,0,0,0,0,0,28,0
80199,1,1,23,0,0,0,0,0,0,0,0,5
80200,1,1,0,0,0,0,0,0,0,0,0,0
80201,1,1,0,0,0,0,0,0,0,0,0,0
80201,2,1,0,0,0,0,0,0,0,0,0,10
80202,1,1,0,0,0,0,0,0,0,0,0,0
80202,2,1,0,0,0,0,0,0,0,0,0,0
80203,1,1,0,0,0,0,0,0,0,0,0,0
80203,2,1,0,0,0,0,0,0,0,0,0,0
80204,1,1,15,15,15,15,15,15,15,15,15,15
80205,1,1,0,0,0,0,0,0,0,0,0,0
80205,2,1,0,0,0,0,0,0,0,0,0,0
80206,1,1,0,0,0,0,0,0,0,0,0,0
80206,2,1,0,0,0,0,0,0,0,0,0,0
80207,1,1,0,0,0,0,0,0,0,0,0,0
80207,2,1,0,0,0,0,0,0,0,0,0,0
80208,1,1,0,0,0,0,0,0,0,0,0,0
80209,1,1,0,0,0,0,0,0,0,0,0,0
80210,1,1,0,0,0,0,0,0,0,0,0,0
80211,1,1,2,2,2,2,2,2,2,2,2,2
80212,1,1,0,0,0,0,0,0,0,0,0,0
80212,2,1,0,0,0,0,0,0,0,0,0,0
80213,1,1,0,0,0,0,0,0,0,0,0,0
80214,1,1,0,0,0,0,0,0,0,0,0,0
80215,1,1,0,0,0,0,0,0,0,0,0,0
80215,2,1,18,0,0,0,0,0,0,0,0,0
80216,1,1,0,0,0,0,0,0,0,0,0,0
80216,2,1,0,0,0,0,0,0,0,0,0,0
80217,1,1,0,0,0,0,0,0,0,0,0,0
80217,2,1,0,0,0,0,0,0,0,0,0,0
80217,3,1,0,0,0,0,0,0,0,0,0,0
80217,4,1,0,0,0,22,0,0,0,0,0,0
80218,1,1,21,21,21,21,21,21,21,21,21,21
80219,1,1,0,0,0,0,0,0,0,0,0,0
80219,2,1,0,0,0,0,0,0,0,0,0,0
80220,1,1,0,0,0,0,0,0,15,0,0,0
80220,2,1,0,0,0,0,0,0,0,0,0,0
80221,1,1,19,27,18,10,18,23,25,19,21,27
80222,1,1,24,24,24,24,24,24,24,24,24,24
80223,0,1,0,0,0,0,0,0,0,0,0,0
80223,1,1,30,0,12,8,0,22,10,0,2,0
80224,1,1,0,0,0,0,0,0,0,0,0,0
80225,0,1,0,0,0,0,0,0,0,0,0,0
80225,1,1,0,0,0,0,0,0,0,0,0,0
80226,1,1,2,2,2,2,2,2,2,2,2,2
80226,2,1,0,0,0,0,0,0,0,0,0,0
80227,1,1,22,22,22,22,22,22,22,22,22,22
80228,0,1,41,41,41,41,41,41,41,41,41,41
80228,0,2,19,8,34,0,18,18,15,20,45,20
80228,1,1,0,0,0,15,8,16,10,0,16,0
80229,1,1,0,0,0,0,0,0,0,0,0,0
80230,1,1,0,0,0,0,0,0,0,0,0,0
80231,1,1,0,0,0,0,0,0,0,0,0,0
80231,2,1,0,0,0,0,0,0,0,0,0,0
80232,1,1,0,0,0,0,0,0,0,0,0,0
80232,2,1,0,0,0,0,0,0,0,0,0,0
80233,1,1,9,9,9,9,9,9,9,9,9,9
80234,0,1,0,0,0,0,0,0,0,0,0,0
80234,1,1,0,0,0,0,0,0,0,0,0,0
80235,1,1,0,0,0,0,0,0,0,0,0,0
80235,2,1,0,0,0,0,0,0,0,0,0,0
80236,1,1,0,0,0,0,0,0,0,0,0,0
80237,1,1,0,0,0,0,26,0,0,0,0,0
80237,2,1,0,26,0,13,0,0,0,0,0,0
80238,1,1,6,6,6,6,6,6,6,6,6,6
80239,1,1,0,0,0,0,0,0,0,0,0,0
80239,2,1,0,0,0,0,0,0,0,0,0,0
80239,3,1,0,14,0,0,0,0,0,0,0,0
80239,4,1,0,0,0,0,0,0,0,0,0,0
80239,5,1,0,0,0,0,0,0,0,0,0,0
80240,1,1,0,0,0,0,0,0,0,0,0,0
80240,2,1,0,0,0,0,0,0,0,0,0,0
80241,1,1,23,15,11,35,14,20,22,0,14,13
80241,2,1,0,0,0,0,0,0,0,0,0,0
80242,0,1,0,0,0,29,0,0,0,0,0,0
80242,1,1,17,0,0,0,0,0,0,0,0,0
80243,1,1,0,0,0,0,0,0,0,0,0,0
80243,2,1,0,0,0,0,0,0,0,0,0,0
80243,3,1,0,0,0,0,0,0,0,0,0,0
80244,1,1,0,0,0,0,0,0,0,0,0,0
80244,2,1,0,0,0,0,0,0,0,0,0,0
80245,1,1,24,24,24,24,24,24,24,24,24,24
80246,1,1,0,0,0,0,0,0,0,0,0,0
80246,2,1,6,6,6,6,6,6,6,6,6,6
80246,3,1,8,8,7,7,5,4,9,7,9,10
80247,0,1,27,27,27,27,27,27,27,27,27,27
80247,1,1,18,18,18,18,18,18,18,18,18,18
80248,1,1,0,0,0,0,0,0,0,0,0,0
80248,2,1,0,0,0,0,0,0,0,0,0,0
80250,1,1,2,2,2,2,2,2,2,2,2,2
80250,2,1,0,0,0,0,0,0,0,0,0,0
80251,1,1,0,0,0,0,0,0,0,0,0,0
80252,1,1,0,0,0,0,0,0,0,0,0,0
80252,2,1,0,0,0,0,0,0,0,0,0,0
80253,1,1,21,21,21,21,21,21,21,21,21,21
80254,1,1,25,25,25,25,25,25,25,25,25,25
80255,1,1,9,9,9,9,9,9,9,9,9,9
80256,1,1,0,0,0,0,0,0,0,0,0,0
80257,1,1,0,0,0,0,0,0,0,0,0,0
80257,2,1,14,14,14,14,14,14,14,14,14,14
80258,0,1,0,0,0,0,0,0,0,0,0,0
80258,1,1,0,0,0,0,0,0,0,5,18,0
80259,0,1,0,0,0,0,0,0,0,0,0,0
80259,1,1,0,0,0,0,0,0,0,0,0,0
80260,1,1,0,0,0,0,0,0,0,0,0,0
80260,2,1,0,0,0,0,0,0,0,0,0,0
80260,3,1,0,0,0,0,0,0,0,0,0,0
80261,0,1,0,0,0,0,0,0,0,0,0,0
80261,1,1,19,24,10,9,23,15,11,26,15,17
80262,1,1,0,0,0,0,0,0,0,0,0,0
80262,2,1,0,0,0,0,0,0,0,0,0,0
80263,0,1,0,0,0,0,46,0,0,0,0,0
80263,1,1,20,20,20,20,20,20,20,20,20,20
80264,1,1,28,28,28,28,28,28,28,28,28,28
80264,2,1,0,0,0,0,0,0,0,0,0,0
80264,3,1,0,0,0,0,0,0,0,0,0,0
80265,1,1,0,0,0,0,0,0,0,0,0,0
80265,2,1,0,0,0,0,0,0,0,0,0,0
80266,1,1,16,16,16,16,16,16,16,16,16,16
80267,1,1,18,18,18,18,18,18,18,18,18,18
80267,2,1,0,0,0,0,0,0,0,0,0,0
80268,1,1,0,0,0,0,0,0,0,0,0,0
80269,0,1,0,0,0,0,0,0,0,0,0,0
80269,1,1,6,6,6,6,6,6,6,6,6,6
80270,1,1,0,0,0,0,23,0,0,0,0,0
80271,1,1,0,0,0,0,0,0,0,0,0,0
80271,2,1,0,0,0,0,0,0,0,0,0,0
80272,1,1,0,0,0,0,0,0,0,0,0,0
80273,1,1,19,19,19,19,19,19,19,19,19,19
80274,1,1,15,9,17,12,22,19,19,12,0,19
80275,1,1,0,0,0,0,0,0,0,0,0,0
80275,2,1,0,0,0,0,0,0,13,0,0,0
80276,1,1,11,11,11,11,11,11,11,11,11,11
80277,1,1,0,0,0,0,0,0,0,16,0,0
80277,2,1,0,0,0,0,0,0,0,0,0,0
80278,1,1,0,0,0,0,0,0,0,0,0,0
80279,1,1,0,0,0,0,0,0,0,0,0,0
80280,1,1,0,0,0,0,0,0,0,0,0,0
80281,1,1,3,3,3,3,3,3,3,3,3,3
80282,0,1,0,0,0,0,0,0,0,0,0,0
80282,1,1,0,0,0,0,0,0,0,0,0,0
80283,1,1,0,0,0,0,0,0,0,0,0,0
80284,1,1,0,0,0,0,0,0,0,0,0,0
80284,2,1,0,0,0,0,0,0,0,23,0,0
80285,1,1,22,22,22,22,22,22,22,22,22,22
80286,0,1,0,0,0,0,0,0,0,0,0,0
80286,1,1,0,0,0,0,0,0,0,0,0,0
80287,1,1,0,0,0,0,0,0,0,0,0,0
80287,2,1,0,0,0,0,0,0,0,0,0,0
80288,1,1,0,0,0,0,0,0,0,0,0,0
80288,2,1,0,0,0,0,0,0,0,0,0,0
80288,3,1,0,20,0,0,0,0,0,5,0,13
80289,0,1,0,0,0,0,0,0,0,0,0,0
80289,1,1,0,0,0,0,0,0,0,0,0,0
80290,1,1,0,0,0,0,0,0,0,0,0,0
80291,0,1,0,0,0,0,0,0,0,0,0,0
80291,1,1,0,0,0,0,0,0,0,0,0,0
80292,1,1,0,0,0,0,0,0,0,0,0,0
80293,1,1,14,14,14,14,14,14,14,14,14,14
80294,1,1,0,0,0,0,0,0,0,0,0,0
80295,1,1,0,0,0,0,0,0,0,0,0,0
80296,1,1,0,0,0,0,0,0,0,0,0,0
80296,2,1,0,16,0,0,0,0,0,0,0,0
80296,3,1,0,0,0,0,0,0,0,0,0,0
80297,1,1,0,0,0,0,0,0,0,0,0,0
80298,1,1,21,21,21,21,21,21,21,21,21,21
80298,2,1,0,0,0,0,0,0,0,0,0,0
80299,1,1,0,0,0,0,0,0,0,0,0,0
80299,2,1,0,0,0,0,0,0,0,0,0,0
80300,1,1,10,10,10,10,10,10,10,10,10,10
80301,1,1,0,0,0,0,0,10,0,0,0,0
80301,2,1,0,0,0,0,0,0,0,0,0,0
80302,1,1,0,0,0,0,0,0,0,0,0,0
80303,1,1,24,22,12,6,13,8,25,26,8,15
80304,0,1,7,7,7,7,7,7,7,7,7,7
80304,1,1,0,0,0,0,0,0,0,0,0,0
80305,1,1,23,23,23,23,23,23,23,23,23,23
80306,0,1,0,0,0,0,0,0,0,0,0,0
80306,1,1,0,0,17,0,0,0,0,0,0,0
80307,1,1,0,0,0,0,0,0,0,0,0,0
80308,1,1,0,0,0,0,0,0,0,0,0,0
80308,2,1,0,0,0,0,0,0,0,0,0,0
80309,1,1,0,0,0,0,0,0,0,0,0,0
80310,1,1,24,24,24,24,24,24,24,24,24,24
80311,1,1,0,0,0,0,0,0,0,0,0,0
80312,1,1,0,0,0,0,0,0,0,0,0,0
80312,2,1,0,0,0,0,0,0,0,0,0,0
80313,1,1,0,0,0,0,0,0,0,0,0,0
80313,2,1,0,0,0,0,0,0,0,0,0,0
80314,1,1,13,13,13,13,13,13,13,13,13,13
80315,0,1,0,0,0,0,0,0,0,0,0,0
80315,1,1,0,0,0,0,0,0,0,0,0,0
80316,0,1,0,0,0,0,0,0,0,0,0,0
80316,1,1,20,20,20,20,20,20,20,20,20,20
80317,1,1,0,0,0,0,0,20,0,0,0,20
80318,0,1,0,0,0,0,0,0,0,0,0,0
80318,1,1,0,0,0,0,0,0,0,0,0,0
80319,1,1,16,0,0,0,0,0,0,0,0,0
80320,0,1,32,32,32,32,32,32,32,32,32,32
80320,1,1,5,7,9,27,8,19,21,19,19,28
80321,1,1,13,0,0,31,0,0,4,0,0,0
80321,2,1,0,0,0,0,0,0,0,0,0,0
80322,1,1,0,0,0,0,0,0,0,0,0,0
80323,1,1,0,0,0,0,0,0,0,0,0,0
80324,1,1,0,0,0,0,0,0,0,5,0,0
80324,2,1,0,0,0,0,0,0,0,0,0,0
80325,1,1,0,0,0,0,0,0,0,0,0,0
80325,2,1,0,0,0,0,0,0,0,0,0,0
80326,1,1,0,0,0,0,0,0,0,0,0,0
80326,2,1,0,0,0,0,0,0,0,0,0,0
80327,0,1,0,0,0,0,0,0,0,0,0,0
80327,1,1,0,0,0,0,0,0,0,0,0,0
80328,1,1,0,0,0,0,0,0,0,0,0,0
80328,2,1,0,0,0,0,0,0,0,0,0,0
80329,1,1,0,0,0,0,0,0,0,0,0,0
80330,1,1,0,0,0,0,0,0,0,0,0,0
80330,2,1,0,0,11,0,0,12,0,0,0,0
80331,1,1,0,0,0,0,0,0,0,0,0,35
80332,0,1,0,0,0,0,0,0,0,0,0,0
80332,1,1,0,0,0,0,0,0,0,0,0,0
80333,1,1,0,0,0,0,0,0,0,0,0,0
80333,2,1,0,0,0,0,0,0,0,0,0,0
80334,0,1,0,0,0,0,0,0,0,0,0,0
80334,1,1,0,0,0,0,0,0,0,0,0,0
80335,1,1,0,0,0,0,0,0,0,0,0,0
80335,2,1,0,0,0,0,0,0,0,0,0,0
80336,1,1,26,26,26,26,26,26,26,26,26,26
80336,2,1,0,9,28,24,17,9,9,0,13,0
80336,3,1,0,16,9,0,0,0,0,0,0,6
80336,4,1,0,0,0,0,0,0,0,0,0,0
80337,1,1,0,0,0,0,0,0,0,0,0,0
80338,1,1,0,0,0,0,0,0,0,0,0,0
80339,1,1,0,0,0,0,0,0,0,0,0,0
80339,2,1,0,0,0,0,0,0,0,0,0,0
80340,1,1,0,0,0,0,0,0,0,0,0,0
80341,1,1,0,0,0,0,0,0,0,0,0,0
80341,2,1,0,0,0,0,0,0,0,0,0,0
80342,1,1,12,12,12,12,12,12,12,12,12,12
80343,1,1,16,16,16,16,16,16,16,16,16,16
80343,2,1,0,0,0,0,0,0,0,0,0,0
80344,1,1,0,0,0,0,0,0,0,0,0,0
80344,2,1,0,0,0,0,0,0,0,0,0,0
80345,1,1,0,0,0,0,0,0,0,0,0,0
80345,2,1,0,0,0,0,0,0,0,0,0,0
80346,1,1,0,0,0,0,0,0,0,0,0,0
80346,2,1,0,0,0,0,0,0,0,0,0,0
80347,0,1,0,16,0,15,0,21,0,0,0,0
80347,1,1,0,9,0,0,21,0,0,0,0,0
80347,2,1,11,0,0,0,21,0,0,13,0,0
80348,1,1,0,0,0,0,0,0,0,0,0,0
80349,1,1,0,0,0,0,0,0,0,0,0,0
80350,1,1,12,12,12,12,12,12,12,12,12,12
80350,2,1,0,0,0,0,0,0,0,0,0,0
80351,1,1,0,0,0,0,0,0,0,0,0,0
80351,2,1,0,0,0,0,0,10,0,0,0,9
80352,1,1,0,0,0,0,0,0,0,0,0,0
80353,1,1,8,8,8,8,8,8,8,8,8,8
80354,1,1,0,0,0,0,0,0,0,0,0,0
80354,2,1,0,0,0,0,0,0,0,0,0,0
80355,0,1,0,29,22,2,0,15,16,0,0,7
80355,1,1,0,0,0,0,0,0,23,0,0,0
80356,0,1,0,0,0,0,0,0,0,0,0,0
80356,1,1,0,2,0,0,8,26,11,3,42,5
80357,0,1,0,0,0,0,0,0,0,0,0,0
80357,1,1,0,0,19,0,0,0,0,0,0,0
80358,1,1,0,0,0,0,0,0,0,0,0,0
80358,2,1,0,0,0,0,0,0,0,0,0,0
80359,1,1,0,0,0,0,0,0,0,0,0,0
80359,2,1,0,0,0,0,0,0,0,0,0,0
80360,1,1,0,0,0,0,0,0,0,0,0,0
80360,2,1,0,0,0,0,0,0,0,0,0,0
80361,1,1,15,15,15,15,15,15,15,15,15,15
80362,0,1,0,0,0,0,0,0,0,0,0,0
80362,1,1,0,0,0,0,0,0,0,0,0,0
80363,1,1,0,0,0,0,0,0,0,0,0,0
80364,1,1,27,27,27,27,27,27,27,27,27,27
80365,0,1,25,25,25,25,25,25,25,25,25,25
80365,1,1,0,0,0,0,0,0,0,0,0,0
80366,1,1,0,0,0,0,0,0,0,0,0,0
80366,2,1,0,0,0,0,0,0,0,0,0,0
80367,1,1,45,45,45,45,45,45,45,45,45,45
80368,1,1,0,0,0,0,0,0,0,0,0,0
80368,2,1,0,0,0,0,0,0,0,0,0,0
80369,1,1,19,19,19,19,19,19,19,19,19,19
80369,2,1,0,0,0,0,0,0,0,0,0,0
80370,1,1,26,26,26,26,26,26,26,26,26,26
80370,2,1,0,0,0,0,0,0,0,0,0,0
80371,1,1,0,0,0,0,0,0,0,0,0,0
80371,2,1,0,0,0,0,0,0,0,0,0,0
80371,4,1,0,0,0,0,0,0,0,0,0,0
80372,1,1,0,3,0,0,0,0,0,0,0,0
80372,2,1,0,0,0,0,0,0,0,0,0,0
80373,1,1,0,0,0,0,0,0,0,0,0,0
80373,2,1,0,0,0,0,0,0,0,0,0,0
80374,1,1,0,0,0,0,0,0,0,0,0,0
80375,0,1,21,21,21,21,21,21,21,21,21,21
80375,1,1,0,0,0,0,0,0,0,0,0,0
80376,1,1,22,22,22,22,22,22,22,22,22,22
80377,0,1,0,0,0,0,0,0,0,0,0,0
80377,1,1,0,0,0,0,0,0,0,0,0,0
80378,0,1,0,0,0,0,0,0,0,0,0,0
80378,1,1,0,0,0,0,0,0,0,0,0,0
80379,0,1,27,27,27,27,27,27,27,27,27,27
80379,1,1,0,0,0,0,0,0,0,0,0,0
80380,0,1,3,3,3,3,3,3,3,3,3,3
80380,1,1,18,18,18,18,18,18,18,18,18,18
80381,0,1,4,4,4,4,4,4,4,4,4,4
80381,1,1,0,0,0,0,0,0,0,0,0,0
80382,1,1,0,0,0,0,0,0,0,0,0,0
80382,2,1,0,0,0,0,0,0,0,0,0,0
80383,1,1,0,0,0,0,0,0,0,0,0,0
80383,2,1,0,0,0,0,0,21,0,0,0,0
80384,1,1,0,0,0,0,0,0,0,0,0,0
80385,0,1,8,8,8,8,8,8,8,8,8,8
80385,1,1,0,0,0,11,0,0,0,0,0,14
80386,0,1,0,0,0,0,0,0,0,0,0,0
80386,1,1,0,0,0,0,0,0,0,0,0,0
80387,1,1,0,0,0,0,0,0,0,0,0,0
80387,2,1,0,0,0,0,0,0,0,0,0,0
80388,1,1,15,15,15,15,15,15,15,15,15,15
80389,1,1,21,21,21,21,21,21,21,21,21,21
80390,1,1,20,20,20,20,20,20,20,20,20,20
80390,2,1,0,0,0,0,0,0,0,0,0,0
80391,1,1,0,0,0,0,0,0,0,0,0,0
80392,1,1,0,0,0,0,0,0,0,0,0,0
80392,2,1,7,0,0,0,0,0,0,0,0,0
80393,1,1,0,0,0,0,0,0,0,0,0,0
80393,2,1,0,0,0,0,0,0,0,0,0,0
80394,1,1,0,0,0,0,0,8,0,0,0,12
80395,1,1,0,0,0,0,0,0,0,0,0,0
80395,2,1,0,0,0,0,0,0,0,0,0,0
80395,3,1,0,0,0,0,0,0,0,0,0,0
80395,4,1,0,0,0,0,0,0,0,0,0,0
80396,1,1,35,35,35,35,35,35,35,35,35,35
80397,1,1,0,0,0,0,0,0,0,0,0,0
80398,1,1,0,0,0,0,0,0,0,0,0,0
80399,1,1,0,0,0,17,0,0,22,0,0,0
80400,1,1,0,0,0,0,0,0,0,0,0,0
80401,1,1,0,0,0,0,0,0,0,0,0,0
80402,1,1,0,0,0,0,0,0,0,0,0,0
80402,2,1,0,0,0,0,0,0,0,0,0,0
80403,0,1,0,0,0,0,0,0,0,0,0,0
80403,1,1,0,0,0,0,0,0,0,0,0,0
80404,1,1,11,11,11,11,11,11,11,11,11,11
80405,1,1,32,32,32,32,32,32,32,32,32,32
80405,2,1,9,0,18,0,0,0,0,27,0,0
80406,1,1,0,0,0,0,0,0,0,0,0,0
80406,2,1,0,0,0,0,0,0,0,0,0,0
80407,1,1,0,0,0,0,0,0,0,0,0,0
80407,2,1,0,0,0,0,0,0,0,0,0,0
80408,1,1,0,0,0,0,0,0,0,0,0,0
80409,1,1,20,20,20,20,20,20,20,20,20,20
80410,1,1,0,0,0,0,0,0,0,0,0,0
80411,1,1,5,5,5,5,5,5,5,5,5,5
80411,2,1,0,0,0,0,0,0,0,0,0,0
80412,1,1,15,0,0,0,0,16,0,0,0,0
80412,2,1,21,0,0,0,0,0,0,0,0,0
80413,1,1,5,5,5,5,5,5,5,5,5,5
80414,1,1,22,22,22,22,22,22,22,22,22,22
80414,2,1,0,0,0,0,0,6,0,0,0,0
80415,1,1,0,0,0,0,0,0,0,0,0,0
80416,1,1,0,0,0,0,0,0,0,0,0,0
80417,0,1,6,39,27,19,24,19,24,40,15,29
80417,1,1,19,15,3,6,0,5,12,20,9,23
80418,1,1,0,6,0,0,0,0,0,0,0,0
80418,2,1,0,0,0,0,0,0,0,0,0,0