ST_CASE,VEH_NO,PER_NO,P1,P2,P3,P4,P5,P6,P7,P8,P9,P10
80419,1,1,0,0,0,0,0,0,0,0,0,0
80420,1,1,0,0,0,0,0,0,0,0,0,0
80421,1,1,19,19,19,19,19,19,19,19,19,19
80422,1,1,14,14,14,14,14,14,14,14,14,14
80422,2,1,0,0,0,0,0,0,0,0,0,0
80423,1,1,0,0,0,0,0,0,0,0,0,0
80423,2,1,0,0,0,0,0,0,0,0,0,0
80424,1,1,0,0,0,0,0,0,0,0,0,0
80424,2,1,0,0,0,0,0,0,0,0,0,0
80425,1,1,16,16,16,16,16,16,16,16,16,16
80426,0,1,4,4,4,4,4,4,4,4,4,4
80426,1,1,0,0,0,0,0,0,0,0,0,0
80427,0,1,25,25,25,25,25,25,25,25,25,25
80427,1,1,0,0,0,0,0,26,0,0,0,0
80428,0,1,1,1,1,1,1,1,1,1,1,1
80428,1,1,19,11,7,19,26,0,5,17,18,12
80429,1,1,28,28,28,28,28,28,28,28,28,28
80431,1,1,34,34,34,34,34,34,34,34,34,34
80431,2,1,0,0,0,0,0,0,0,0,0,0
80431,3,1,0,0,0,0,0,0,0,0,0,0
80431,4,1,0,0,0,0,0,0,0,0,0,0
80431,5,1,0,0,0,0,0,0,0,0,0,0
80432,0,1,21,21,21,21,21,21,21,21,21,21
80432,1,1,0,0,0,18,8,0,21,19,0,0
80433,1,1,0,0,0,0,0,19,3,0,0,0
80433,2,1,0,0,0,0,0,0,0,0,0,0
80434,1,1,0,0,0,0,0,0,0,0,0,0
80434,2,1,0,0,0,0,0,0,0,0,0,0
80435,0,1,28,28,28,28,28,28,28,28,28,28
80435,1,1,0,0,0,14,0,0,0,0,0,0
80436,1,1,15,15,15,15,15,15,15,15,15,15
80437,0,1,0,0,0,0,0,0,0,0,0,0
80437,1,1,0,0,0,0,0,0,0,0,0,0
80438,0,1,0,0,0,0,0,0,0,0,0,0
80438,1,1,0,0,0,0,0,0,0,0,0,0
80439,1,1,0,12,0,0,0,2,0,0,13,0
80440,1,1,0,0,0,0,0,17,0,0,0,0
80441,1,1,0,0,0,0,0,0,0,0,0,0
80441,2,1,0,0,0,0,0,0,0,0,0,0
80441,3,1,0,0,0,0,0,0,0,0,0,0
80442,1,1,0,0,0,0,0,0,0,0,0,0
80442,2,1,0,11,0,0,0,0,0,0,0,0
80444,0,1,32,32,32,32,32,32,32,32,32,32
80444,1,1,0,0,6,0,0,0,0,0,0,0
80445,0,1,23,23,23,23,23,23,23,23,23,23
80445,1,1,0,0,0,0,0,0,0,0,0,0
80446,1,1,25,25,25,25,25,25,25,25,25,25
80447,1,1,0,0,0,0,0,0,0,0,0,0
80447,2,1,0,0,0,0,0,0,0,0,0,0
80448,1,1,0,0,0,0,0,0,0,0,0,0
80449,0,1,30,30,30,30,30,30,30,30,30,30
80449,1,1,0,15,11,30,17,14,0,20,0,28
80450,1,1,14,14,14,14,14,14,14,14,14,14
80451,1,1,0,0,0,0,0,0,0,0,0,0
80452,1,1,0,0,0,21,0,0,0,0,0,0
80452,2,1,0,0,0,0,0,0,0,0,0,0
80453,1,1,0,0,0,0,0,0,0,0,0,0
80453,2,1,0,0,0,0,0,0,0,0,0,0
80454,0,1,0,0,0,0,0,0,0,0,0,0
80455,1,1,0,0,0,0,0,0,0,0,0,0
80456,0,1,0,0,0,0,0,0,0,0,0,0
80456,1,1,0,0,0,0,0,0,0,0,0,0
80457,1,1,0,0,0,0,0,0,0,0,0,0
80457,2,1,0,0,0,0,0,0,0,0,0,0
80458,1,1,0,0,0,0,0,0,0,0,0,0
80458,2,1,0,0,0,0,0,27,0,0,0,0
80459,1,1,0,0,0,0,0,0,0,0,0,0
80459,2,1,0,0,0,0,0,0,0,0,0,0
80460,1,1,0,0,0,0,0,0,37,0,0,0
80460,2,1,0,0,0,0,5,0,0,25,14,0
80461,1,1,31,31,31,31,31,31,31,31,31,31
80462,1,1,0,0,0,0,0,0,0,0,0,0
80463,1,1,0,0,0,0,0,0,0,0,0,0
80463,2,1,0,0,0,0,0,0,0,0,0,0
80464,1,1,0,0,0,0,0,0,0,0,0,0
80464,2,1,0,0,0,0,0,0,0,0,0,0
80465,1,1,0,0,0,0,0,0,0,7,0,0
80465,2,1,0,0,0,0,0,0,0,0,0,0
80466,1,1,0,9,0,0,0,0,0,0,0,0
80466,2,1,0,0,0,0,0,0,0,0,0,0
80467,1,1,9,9,9,9,9,9,9,9,9,9
80467,2,1,0,0,0,0,0,0,0,0,0,0
80467,3,1,0,0,0,0,0,0,0,0,0,0
80468,1,1,16,16,16,16,16,16,16,16,16,16
80469,1,1,0,0,0,0,0,0,0,0,0,0
80469,2,1,0,0,0,0,0,0,0,0,0,0
80470,1,1,0,0,0,0,0,0,0,0,0,0
80470,2,1,0,0,0,0,0,0,0,0,0,0
80471,1,1,18,9,13,3,12,11,26,22,9,12
80472,0,1,0,0,0,0,0,0,0,0,0,0
80472,1,1,0,0,0,0,0,0,0,0,0,0
80473,0,1,0,0,0,0,0,0,0,0,0,0
80473,1,1,0,0,0,0,0,0,0,0,0,0
80474,1,1,0,0,0,0,0,0,0,0,0,0
80474,2,1,0,0,0,0,0,0,0,0,20,0
80476,1,1,13,13,13,13,13,13,13,13,13,13
80477,1,1,0,0,0,0,0,0,0,0,9,0
80478,1,1,15,15,15,15,15,15,15,15,15,15
80479,1,1,0,0,0,0,0,0,0,0,0,0
80479,2,1,9,0,0,0,0,0,0,0,0,0
80480,1,1,37,37,37,37,37,37,37,37,37,37
80481,1,1,0,0,0,0,0,0,0,0,0,0
80481,2,1,18,18,18,18,18,18,18,18,18,18
80482,1,1,0,0,0,0,0,0,0,0,0,0
80482,2,1,0,0,0,0,0,0,0,0,0,0
80483,1,1,0,0,0,0,0,0,0,0,0,0
80484,0,1,0,0,0,0,0,0,0,0,0,0
80484,1,1,0,0,0,0,0,0,0,14,0,0
80485,1,1,7,7,7,7,7,7,7,7,7,7
80486,1,1,24,24,24,24,24,24,24,24,24,24
80487,0,1,15,15,15,15,15,15,15,15,15,15
80487,1,1,26,17,7,15,4,0,30,5,16,11
80488,0,1,0,0,0,0,0,0,0,0,0,0
80488,1,1,0,0,0,0,0,0,0,0,0,0
80489,0,1,0,0,0,0,0,0,0,0,0,0
80489,1,1,0,0,0,0,0,0,0,0,0,0
80490,0,1,0,0,0,0,0,0,0,0,0,0
80490,1,1,0,0,0,0,0,0,0,0,0,0
80491,0,1,39,39,39,39,39,39,39,39,39,39
80491,1,1,0,0,0,0,0,0,0,0,0,13
80492,1,1,32,32,32,32,32,32,32,32,32,32
80493,1,1,8,8,8,8,8,8,8,8,8,8
80494,1,1,0,0,0,0,0,0,0,0,0,0
80494,2,1,0,30,0,0,0,0,0,0,0,0
80495,1,1,20,20,20,20,20,20,20,20,20,20
80496,1,1,0,0,0,0,0,0,0,0,0,0
80496,2,1,0,0,0,0,0,0,0,8,0,0
80497,1,1,0,0,0,0,0,0,0,0,0,0
80497,2,1,0,5,25,0,0,0,0,0,7,0
80498,1,1,0,0,0,0,0,0,0,0,0,0
80498,2,1,0,0,0,0,0,0,0,0,0,0
80499,1,1,0,0,0,0,0,0,0,0,0,0
80499,2,1,0,0,0,0,0,0,0,0,0,0
80499,3,1,0,0,0,0,0,0,0,0,0,0
80499,4,1,0,0,0,0,0,0,0,10,0,11
80499,5,1,0,4,0,0,0,0,0,0,0,0
80500,1,1,0,0,0,0,0,0,0,0,0,0
80501,1,1,0,0,0,0,0,0,0,0,0,0
80501,2,1,0,0,0,0,0,0,0,0,0,0
80502,1,1,0,0,0,0,0,0,0,0,0,0
80502,2,1,0,0,0,0,0,0,0,0,0,0
80503,1,1,3,3,3,3,3,3,3,3,3,3
80504,0,1,0,0,0,0,0,0,0,0,0,0
80504,1,1,0,0,0,0,0,0,0,0,0,0
80505,1,1,0,0,0,0,0,0,0,0,0,0
80505,2,1,0,0,0,0,0,0,0,0,0,0
80506,1,1,21,21,21,21,21,21,21,21,21,21
80506,2,1,0,0,0,0,0,0,0,0,0,0
80507,1,1,0,0,0,0,0,0,0,0,0,0
80507,2,1,0,0,0,0,0,0,0,0,0,0
80508,1,1,0,0,0,0,0,0,0,0,0,0
80509,1,1,0,0,0,0,0,0,0,0,0,0
80510,1,1,0,0,0,0,0,0,0,0,0,0
80510,2,1,32,32,32,32,32,32,32,32,32,32
80511,0,1,0,0,0,0,0,0,0,0,0,0
80511,1,1,0,0,0,0,0,0,0,0,0,0
80512,1,1,14,14,14,14,14,14,14,14,14,14
80512,2,1,0,0,0,6,0,0,0,0,0,0
80512,3,1,0,0,0,0,0,0,0,0,16,0
80513,1,1,0,0,0,0,0,0,0,0,0,20
80513,2,1,0,0,0,0,0,0,0,0,14,0
80514,0,1,13,13,13,13,13,13,13,13,13,13
80514,1,1,0,0,0,0,0,0,0,0,0,0
80515,1,1,16,16,16,16,16,16,16,16,16,16
80516,1,1,0,0,0,0,0,0,0,0,0,0
80517,0,1,0,0,0,0,0,0,0,0,0,0
80517,1,1,0,0,0,0,0,0,0,0,0,0
80518,1,1,0,0,0,0,0,0,0,0,0,0
80519,1,1,0,0,0,0,0,0,0,0,0,0
80520,1,1,0,0,0,0,0,0,0,0,0,0
80521,1,1,0,0,0,0,0,0,0,0,0,0
80521,2,1,0,0,0,0,0,0,0,0,0,0
80522,0,1,0,0,0,0,0,0,0,0,0,0
80522,1,1,0,0,0,0,0,0,0,0,0,0
80523,0,1,0,0,0,0,0,0,0,0,0,0
80523,0,2,0,22,0,0,0,21,0,0,0,17
80523,0,3,0,36,0,0,0,20,42,0,0,9
80523,1,1,0,0,0,0,0,11,0,0,22,0
80524,1,1,15,15,15,15,15,15,15,15,15,15
80524,2,1,0,0,0,0,0,0,0,0,0,0
80525,0,1,25,25,25,25,25,25,25,25,25,25
80525,1,1,0,0,0,0,0,0,0,0,6,0
80526,1,1,0,0,0,0,0,0,3,0,0,0
80526,2,1,0,0,0,0,0,0,0,0,0,0
80527,1,1,0,0,0,0,0,0,0,0,0,0
80527,2,1,0,0,0,0,0,0,0,0,0,0
80527,3,1,0,0,3,0,0,0,0,0,0,0
80527,4,1,0,0,0,0,0,0,0,0,0,0
80528,1,1,22,22,22,22,22,22,22,22,22,22
80529,1,1,0,0,0,0,0,0,0,0,0,0
80529,2,1,0,0,0,0,0,0,0,0,0,0
80530,1,1,0,0,0,0,0,0,0,0,0,0
80531,1,1,0,0,0,0,0,0,0,0,0,0
80531,2,1,0,0,0,0,0,0,0,0,0,0
80532,1,1,0,0,0,0,0,0,0,0,0,0
80532,2,1,0,0,0,0,0,0,0,0,0,0
80533,1,1,0,0,0,0,0,0,0,0,0,0
80534,1,1,0,0,0,0,0,0,0,0,0,0
80534,2,1,0,0,0,6,0,0,0,0,0,0
80535,1,1,0,0,0,0,0,25,0,0,0,0
80535,2,1,0,0,0,0,0,0,0,0,0,0
80536,0,1,0,0,0,0,0,0,0,0,0,0
80536,1,1,0,0,0,0,0,0,0,0,0,0
80537,1,1,16,9,13,0,18,14,34,0,8,7
80537,2,1,0,0,0,0,0,0,0,0,0,0
80537,3,1,0,0,0,0,0,8,0,0,0,0
80538,1,1,0,0,0,0,0,0,0,0,0,0
80538,2,1,0,0,0,0,0,0,0,0,0,0
80539,1,1,0,0,0,0,0,0,0,0,0,0
80540,1,1,0,0,0,0,0,0,0,0,0,0
80540,2,1,0,0,0,0,0,0,0,0,0,0
80541,1,1,0,0,0,0,0,0,0,0,0,0
80541,2,1,0,0,0,0,0,0,0,0,0,0
80542,1,1,11,11,11,11,11,11,11,11,11,11
80543,1,1,0,0,0,0,0,0,0,0,0,0
80544,1,1,16,16,16,16,16,16,16,16,16,16
80544,2,1,0,0,0,0,0,0,0,0,0,0
80545,1,1,16,16,16,16,16,16,16,16,16,16
80545,2,1,0,0,0,0,0,0,0,0,0,12
80546,1,1,0,0,0,0,0,0,0,0,0,0
80547,0,1,0,0,0,0,0,0,0,0,0,0
80547,1,1,0,0,0,0,0,0,0,0,0,0
80548,1,1,16,16,16,16,16,16,16,16,16,16
80549,0,1,13,13,13,13,13,13,13,13,13,13
80549,1,1,4,4,4,4,4,4,4,4,4,4
80550,0,1,0,0,0,0,0,0,0,0,0,0
80550,1,1,0,21,0,18,0,14,0,0,0,0
80551,0,1,0,0,0,0,0,0,0,0,0,0
80551,1,1,0,0,0,0,0,0,0,0,0,0
80552,1,1,0,0,0,0,0,0,0,0,0,0
80552,2,1,0,0,13,22,0,0,0,0,0,0
80553,1,1,29,29,29,29,29,29,29,29,29,29
80553,2,1,0,0,0,0,0,0,0,0,0,0
80554,1,1,7,0,0,0,0,0,24,0,0,0
80555,1,1,24,24,24,24,24,24,24,24,24,24
80556,1,1,27,27,27,27,27,27,27,27,27,27
80557,1,1,0,0,0,0,0,0,0,0,0,0
80557,2,1,0,0,0,0,0,0,0,0,0,0
80557,3,1,0,0,0,0,0,0,0,0,0,0
80557,4,1,0,0,0,0,0,0,0,0,0,0
80558,1,1,0,0,0,0,0,0,0,0,0,0
80559,1,1,16,16,16,16,16,16,16,16,16,16
80559,2,1,0,0,0,0,0,0,0,0,0,0
80559,3,1,0,0,0,0,0,0,0,0,0,0
80560,1,1,0,0,0,0,0,0,0,0,0,0
80560,2,1,0,0,0,0,0,0,0,0,0,0
80561,1,1,26,26,26,26,26,26,26,26,26,26
80561,2,1,0,0,0,0,0,0,0,0,0,0
80562,1,1,5,5,5,5,5,5,5,5,5,5
80562,2,1,0,0,25,0,0,0,0,0,0,0
80563,1,1,0,0,0,0,0,0,0,0,0,0
80563,2,1,0,14,0,0,0,0,0,0,0,0
80564,1,1,0,0,0,0,0,0,0,0,0,0
80565,1,1,20,20,20,20,20,20,20,20,20,20
80565,2,1,0,0,0,0,0,0,0,0,0,0
80566,1,1,0,0,0,0,3,0,0,0,0,0
80566,2,1,0,0,0,0,0,0,0,0,0,0
80567,1,1,0,0,0,0,0,0,0,0,0,0
80568,0,1,0,0,0,0,0,0,0,0,0,0
80568,1,1,0,0,0,0,0,0,0,0,0,0
80569,1,1,0,0,0,0,0,0,0,0,0,0
80569,2,1,0,0,0,0,0,0,0,0,0,0
80570,1,1,25,25,25,25,25,25,25,25,25,25
80571,1,1,21,21,21,21,21,21,21,21,21,21
80571,2,1,0,0,0,0,0,0,0,0,0,0
80571,3,1,0,0,0,0,0,0,0,0,0,0
80571,4,1,0,0,0,0,0,26,0,0,0,0
80572,1,1,0,0,0,0,0,0,0,0,0,0
80572,2,1,0,0,0,0,0,0,0,0,0,0
80573,0,1,25,25,25,25,25,25,25,25,25,25
80573,1,1,0,0,0,0,0,0,0,0,0,0
80574,1,1,0,0,12,0,0,0,0,0,0,0
80574,2,1,11,0,0,0,0,0,0,0,0,0
80575,1,1,12,12,12,12,12,12,12,12,12,12
80575,2,1,0,0,0,0,0,0,0,0,0,0
80576,1,1,0,0,0,0,0,0,0,0,0,0
80577,1,1,0,0,0,0,0,0,0,0,0,0
80577,2,1,0,0,0,0,0,0,0,0,0,0
80578,0,1,0,0,0,0,0,0,0,0,0,0
80578,1,1,0,7,0,0,0,24,0,0,0,0
80579,1,1,0,0,0,0,0,0,20,0,0,0
80580,1,1,0,0,0,0,0,0,0,0,0,0
80580,2,1,0,0,0,0,0,0,0,0,0,0
80581,1,1,19,19,19,19,19,19,19,19,19,19
80582,1,1,16,17,22,19,18,0,16,25,19,12
80583,1,1,31,31,31,31,31,31,31,31,31,31
80584,1,1,0,0,0,0,0,0,0,0,0,0
80584,2,1,0,0,0,0,0,0,0,0,0,0
80585,1,1,0,0,0,0,0,0,0,0,0,0
80585,2,1,0,0,0,0,0,0,0,0,0,0
80585,3,1,0,0,0,0,0,0,0,0,0,0
80585,4,1,0,0,0,0,10,0,0,0,0,0
80586,1,1,0,0,0,0,0,0,0,0,0,0
80586,2,1,0,0,0,0,0,0,0,0,0,0
80587,1,1,0,0,0,0,0,0,0,0,0,0
80588,0,1,0,3,0,0,0,0,5,0,0,9
80588,1,1,0,11,0,0,0,0,0,0,0,0
80589,1,1,0,0,0,0,0,0,0,0,0,0
80590,0,1,0,0,0,0,0,0,10,0,0,0
80590,1,1,0,0,0,0,0,0,0,0,0,0
80591,1,1,0,0,0,0,0,0,0,15,0,0
80591,2,1,0,0,0,0,0,0,0,0,0,0
80592,1,1,0,0,0,0,0,0,0,0,0,0
80592,2,1,0,13,0,0,0,0,0,0,0,0
80593,0,1,11,10,20,0,34,0,31,27,36,8
80593,1,1,0,0,0,0,0,0,0,0,0,0
90001,1,1,19,19,19,19,19,19,19,19,19,19
90002,1,1,23,23,23,23,23,23,23,23,23,23
90002,2,1,22,0,12,0,0,16,0,5,17,19
90003,1,1,0,0,0,0,0,0,0,0,0,0
90003,2,1,0,0,0,16,0,0,0,0,15,18
90004,1,1,0,0,0,0,0,0,0,0,0,0
90005,1,1,14,14,14,14,14,14,14,14,14,14
90006,1,1,0,0,0,0,0,0,0,0,0,0
90007,1,1,0,0,0,0,0,0,0,0,0,0
90008,1,1,10,10,10,10,10,10,10,10,10,10
90009,1,1,0,7,0,0,0,0,0,0,0,0
90009,2,1,0,0,0,0,0,0,0,0,0,0
90010,1,1,0,0,0,0,0,0,0,0,0,0
90010,2,1,0,18,12,15,0,0,12,9,11,0
90011,1,1,10,10,10,10,10,10,10,10,10,10
90012,0,1,0,0,0,0,0,0,0,0,0,0
90012,0,2,0,0,28,22,0,0,0,19,0,6
90012,1,1,0,0,0,0,23,0,0,0,0,0
90013,1,1,0,0,0,0,0,0,0,0,0,0
90014,0,1,5,5,5,5,5,5,5,5,5,5
90014,1,1,0,0,0,0,0,0,0,0,0,0
90015,1,1,23,8,5,19,19,0,0,0,6,9
90015,2,1,15,15,15,15,15,15,15,15,15,15
90016,0,1,0,0,0,0,0,0,0,0,0,0
90016,1,1,0,0,0,0,0,0,0,0,0,0
90017,1,1,20,20,20,20,20,20,20,20,20,20
90018,1,1,29,29,29,29,29,29,29,29,29,29
90019,1,1,0,0,0,0,0,9,4,0,0,0
90019,2,1,12,12,12,12,12,12,12,12,12,12
90019,3,1,25,0,13,0,0,0,0,0,0,0
90020,1,1,17,0,0,0,0,0,0,0,0,0
90020,2,1,0,0,0,0,0,0,0,0,0,0
90020,3,1,6,6,6,6,6,6,6,6,6,6
90020,4,1,0,0,0,0,0,0,0,0,0,0
90021,1,1,0,0,0,0,0,0,0,0,0,0
90021,2,1,29,29,29,29,29,29,29,29,29,29
90022,1,1,0,0,37,0,0,0,0,0,0,0
90022,2,1,0,0,0,0,0,0,0,11,9,0
90023,0,1,27,27,27,27,27,27,27,27,27,27
90023,1,1,0,0,0,0,0,0,0,0,0,0
90024,1,1,0,0,0,0,0,0,0,0,0,0
90024,2,1,0,0,0,0,0,0,0,0,0,0
90025,1,1,0,0,0,0,0,21,0,0,0,0
90025,2,1,24,0,0,0,0,0,0,0,0,0
90025,3,1,0,0,0,0,0,0,0,0,0,0
90026,1,1,0,0,0,0,0,0,0,0,0,0
90027,1,1,0,0,0,0,0,0,0,0,13,0
90027,2,1,0,0,0,0,0,0,0,0,0,0
90027,3,1,0,0,0,0,0,0,0,0,0,0
90028,1,1,0,0,0,0,0,0,0,0,0,0
90028,2,1,0,0,0,0,0,0,0,0,0,0
90029,1,1,0,0,0,0,0,0,0,0,0,0
90030,0,1,0,0,0,0,0,0,0,0,0,0
90030,1,1,0,0,0,0,0,0,0,0,0,0
90031,0,1,0,0,0,0,0,0,0,0,0,0
90031,1,1,0,0,0,0,8,0,0,0,0,0
90032,1,1,0,14,18,0,0,0,16,0,0,13
90033,0,1,0,0,11,23,0,0,21,0,14,0
90033,1,1,0,0,0,0,0,0,0,0,0,0
90035,1,1,0,0,0,0,0,0,0,0,0,10
90035,2,1,0,0,0,5,0,0,0,7,0,0
90036,1,1,21,0,0,14,0,0,0,0,0,13
90037,0,1,0,0,0,0,0,0,0,0,0,0
90037,2,1,8,2,18,0,0,10,0,0,8,0
90038,1,1,0,0,0,0,0,0,0,0,0,0
90038,2,1,0,0,0,0,0,0,0,0,0,0
90039,1,1,10,25,0,0,27,10,19,0,18,0
90039,2,1,0,0,0,0,29,4,20,6,21,0
90040,1,1,0,0,0,0,0,16,0,0,0,0
90040,2,1,0,0,0,0,0,0,0,0,0,0
90041,0,1,0,0,0,0,0,0,0,0,0,0
90041,1,1,27,14,12,10,11,0,36,11,0,24
90042,1,1,27,27,27,27,27,27,27,27,27,27
90043,1,1,0,0,0,0,0,0,0,0,0,0
90043,2,1,0,0,0,0,0,0,0,0,0,0
90043,3,1,0,0,3,0,0,0,8,0,29,0
90044,1,1,21,21,21,21,21,21,21,21,21,21
90045,1,1,0,0,0,0,0,0,0,0,0,0
90045,2,1,12,10,0,0,0,27,22,0,0,0
90046,1,1,10,7,14,6,0,10,9,0,0,0
90046,2,1,0,0,6,0,0,0,0,0,0,0
90047,1,1,0,0,0,0,0,0,0,0,0,0
90048,1,1,0,17,0,19,0,0,16,0,0,0
90048,2,1,0,0,0,0,0,4,0,12,0,0
90048,3,1,0,0,0,0,0,0,0,0,0,0
90049,1,1,11,11,11,11,11,11,11,11,11,11
90050,1,1,0,0,0,0,0,0,0,0,0,0
90051,1,1,0,0,0,35,0,0,0,0,0,0
90051,2,1,0,0,0,0,0,0,0,0,0,0
90052,1,1,0,0,5,0,0,0,18,0,0,0
90052,2,1,0,0,17,0,0,0,0,12,6,0
90052,3,1,0,0,15,32,26,12,0,17,0,0
90053,1,1,0,0,0,0,0,0,0,0,0,0
90053,2,1,0,0,0,0,0,0,0,0,0,0
90054,1,1,24,24,24,24,24,24,24,24,24,24
90055,1,1,0,0,0,0,0,0,0,0,0,16
90055,2,1,0,0,0,0,0,0,0,0,0,10
90056,1,1,0,0,0,11,0,0,0,0,0,0
90056,2,1,9,3,20,15,3,31,15,0,13,22
90056,3,1,6,6,6,6,6,6,6,6,6,6
90057,1,1,0,0,0,0,0,0,0,0,0,0
90057,2,1,0,0,0,0,0,0,13,0,10,0
90057,3,1,0,21,0,0,0,20,0,21,13,0
90058,1,1,24,24,24,24,24,24,24,24,24,24
90059,0,1,11,11,11,11,11,11,11,11,11,11
90059,1,1,0,0,0,0,0,0,0,0,0,0
90060,0,1,8,0,7,11,0,0,28,15,15,20
90060,1,1,0,6,12,0,0,0,0,0,0,6
90061,1,1,20,20,20,20,20,20,20,20,20,20
90061,2,1,0,0,0,0,0,0,0,0,0,0
90062,1,1,9,9,9,9,9,9,9,9,9,9
90063,0,1,31,31,31,31,31,31,31,31,31,31
90063,1,1,0,13,0,0,27,0,0,0,0,12
90063,2,1,0,0,12,0,6,0,20,0,0,0
90064,1,1,19,19,19,19,19,19,19,19,19,19
90065,1,1,0,0,0,0,0,0,0,0,0,0
90066,1,1,0,0,0,0,0,0,0,0,0,0
90066,2,1,0,0,0,0,0,0,0,0,0,0
90067,0,1,0,0,0,0,0,0,0,0,0,0
90067,1,1,21,21,21,21,21,21,21,21,21,21
90068,1,1,0,0,0,0,0,0,0,0,0,0
90069,1,1,22,22,22,22,22,22,22,22,22,22
90069,2,1,0,0,13,0,0,14,20,0,0,0
90070,1,1,23,23,23,23,23,23,23,23,23,23
90071,1,1,12,12,12,12,12,12,12,12,12,12
90072,1,1,0,0,0,0,0,0,0,0,0,0
90073,1,1,13,13,13,13,13,13,13,13,13,13
90073,2,1,0,0,0,0,0,0,0,0,0,0
90073,3,1,0,0,0,0,0,12,0,0,0,0
90074,1,1,0,0,0,0,0,0,0,6,0,0
90074,2,1,0,0,0,0,0,0,0,0,0,0
90075,0,1,14,14,14,14,14,14,14,14,14,14
90075,1,1,0,0,0,0,0,0,0,0,0,0
90076,1,1,0,0,0,0,0,0,0,21,0,0
90077,0,1,0,0,0,0,0,0,0,0,0,0
90077,1,1,0,0,0,0,0,0,0,0,0,33
90078,1,1,14,12,20,0,23,20,30,0,16,0
90079,1,1,0,0,0,0,0,0,0,0,0,0
90079,2,1,0,0,0,0,0,0,0,0,0,0
90080,1,1,0,0,0,0,0,11,0,0,0,0
90080,2,1,7,7,7,7,7,7,7,7,7,7
90081,1,1,0,0,0,0,0,0,0,0,0,0
90081,2,1,0,0,0,0,0,0,0,0,0,0
90083,1,1,12,0,17,11,0,0,0,0,18,0
90083,2,1,0,0,0,0,0,0,0,0,27,0
90084,1,1,0,0,12,0,0,0,0,0,0,0
90084,2,1,10,0,0,0,0,0,0,0,0,0
90085,1,1,0,0,0,0,0,0,0,0,0,0
90085,2,1,0,10,0,0,9,12,21,26,0,5
90085,3,1,0,0,2,0,0,12,0,18,0,3
90086,1,1,16,0,14,21,12,15,0,0,10,6
90087,1,1,12,12,12,12,12,12,12,12,12,12
90088,1,1,2,2,2,2,2,2,2,2,2,2
90088,2,1,0,0,0,0,0,0,0,0,0,0
90089,1,1,0,0,0,0,0,0,0,0,0,0
90089,2,1,12,0,0,35,7,0,0,8,14,6
90090,1,1,0,0,0,0,0,0,0,0,0,0
90090,2,1,0,0,0,0,0,0,0,0,0,0
90091,1,1,23,23,23,23,23,23,23,23,23,23
90092,1,1,0,0,0,0,0,0,0,0,0,0
90093,1,1,0,19,8,0,0,0,0,0,0,10
90093,2,1,13,0,0,6,0,0,0,3,9,0
90093,3,1,0,0,0,0,0,0,0,0,0,0
90094,1,1,16,16,16,16,16,16,16,16,16,16
90095,1,1,13,13,13,13,13,13,13,13,13,13
90096,1,1,12,0,0,0,0,18,0,6,20,2
90097,1,1,0,0,0,0,0,0,0,0,0,0
90097,2,1,0,0,0,0,0,0,0,0,0,0
90098,1,1,29,29,29,29,29,29,29,29,29,29
90099,1,1,0,0,0,0,8,0,0,0,0,0
90099,2,1,0,0,0,0,0,0,0,0,0,0
90100,1,1,9,9,9,9,9,9,9,9,9,9
90101,1,1,0,0,0,0,0,16,16,4,0,0
90101,2,1,0,0,24,5,12,0,15,3,0,0
90102,1,1,0,0,0,0,0,0,0,0,0,0
90103,1,1,3,3,3,3,3,3,3,3,3,3
90103,2,1,0,0,0,0,0,0,0,0,0,0
90104,1,1,3,3,3,3,3,3,3,3,3,3
90105,1,1,15,14,23,9,19,0,0,0,27,17
90106,1,1,5,0,0,0,0,0,0,0,0,8
90106,2,1,0,0,0,0,0,0,0,0,5,0
90106,3,1,0,0,0,0,0,0,22,0,0,0
90107,0,1,7,7,7,7,7,7,7,7,7,7
90107,1,1,13,0,27,15,9,0,0,0,0,0
90108,1,1,1,1,1,1,1,1,1,1,1,1
90109,1,1,0,0,0,0,0,0,0,0,0,0
90110,1,1,26,26,26,26,26,26,26,26,26,26
90110,2,1,0,0,0,0,0,0,0,0,0,0
90111,0,1,1,1,1,1,1,1,1,1,1,1
90111,1,1,42,42,42,42,42,42,42,42,42,42
90111,2,1,14,0,16,0,15,0,14,11,15,0
90112,1,1,0,0,0,0,0,0,0,0,0,0
90113,1,1,11,11,11,11,11,11,11,11,11,11
90114,1,1,0,0,4,0,0,0,0,0,0,0
90114,2,1,0,0,0,0,0,0,0,4,0,0
90114,3,1,0,0,0,35,0,0,0,37,0,0
90114,4,1,11,0,0,44,0,0,0,0,0,0
90115,1,1,0,0,10,15,13,0,26,17,0,0
90116,0,1,0,0,35,0,0,48,23,0,0,0
90116,1,1,0,0,0,0,0,0,0,0,0,0
90117,1,1,7,12,19,5,15,25,16,40,16,12
90117,2,1,0,0,0,0,0,0,0,0,0,0
90118,1,1,0,2,8,0,14,20,21,0,0,0
90119,1,1,0,0,0,0,0,0,0,0,0,0
90120,1,1,23,0,20,0,0,13,0,0,7,0
90120,2,1,0,0,13,0,0,0,20,0,0,7
90121,1,1,16,16,16,16,16,16,16,16,16,16
90121,2,1,0,23,8,0,6,0,0,0,0,0
90122,1,1,6,6,6,6,6,6,6,6,6,6
90122,2,1,0,6,0,0,0,0,0,0,0,0
90123,1,1,15,15,15,15,15,15,15,15,15,15
90124,1,1,4,0,17,10,0,15,10,0,0,18
90124,2,1,0,0,0,0,0,0,0,0,0,0
90125,1,1,0,0,0,10,0,0,8,0,0,0