ST_CASE,VEH_NO,PER_NO,P1,P2,P3,P4,P5,P6,P7,P8,P9,P10
90125,2,1,11,0,0,0,0,10,14,0,0,10
90126,1,1,20,20,20,20,20,20,20,20,20,20
90127,1,1,0,0,0,0,0,0,0,0,0,17
90127,2,1,0,5,0,0,16,0,0,19,6,0
90127,3,1,0,0,0,0,9,0,0,44,25,11
90128,1,1,23,12,18,0,23,0,16,0,0,20
90129,1,1,22,22,22,22,22,22,22,22,22,22
90130,1,1,21,21,21,21,21,21,21,21,21,21
90130,2,1,0,20,0,22,0,17,21,20,0,21
90131,1,1,0,0,0,0,0,0,0,0,0,0
90131,2,1,0,0,0,0,0,0,0,0,0,0
90132,0,1,0,0,0,0,0,0,0,0,0,0
90132,1,1,0,30,5,0,13,0,9,10,0,0
90133,1,1,0,13,17,25,0,0,0,0,0,0
90134,0,1,0,23,0,8,6,0,0,0,0,0
90134,1,1,0,0,0,0,0,0,12,0,0,15
90135,0,1,15,0,21,0,32,0,0,0,33,0
90135,1,1,0,0,0,18,13,6,13,0,0,0
90136,1,1,0,10,5,22,0,15,0,0,0,0
90137,1,1,24,24,24,24,24,24,24,24,24,24
90137,2,1,0,0,0,0,0,0,0,0,0,0
90138,1,1,7,0,0,0,0,0,0,0,0,0
90138,2,1,0,0,0,0,0,0,0,0,0,15
90138,3,1,0,0,0,0,0,0,0,0,0,0
90139,0,1,0,0,0,0,0,0,0,0,0,0
90139,1,1,0,0,0,0,0,0,0,0,0,0
90140,1,1,21,0,17,17,21,24,26,14,24,0
90141,1,1,10,0,0,20,0,0,25,13,13,6
90141,2,1,16,11,0,0,0,0,0,0,14,0
90142,0,1,0,0,0,0,0,0,0,0,0,0
90142,1,1,27,5,4,9,0,0,0,13,0,0
90143,0,1,19,20,0,19,22,0,8,0,0,0
90143,1,1,0,14,0,0,0,4,0,0,0,0
90144,1,1,0,0,0,0,0,0,0,0,0,0
90145,1,1,10,0,27,21,22,0,0,19,0,0
90146,1,1,0,0,0,0,22,14,0,0,10,0
90147,0,1,20,0,16,26,0,9,11,28,8,16
90147,0,2,0,9,12,19,22,0,25,0,21,34
90147,1,1,0,0,0,0,13,0,0,0,0,0
90148,0,1,0,0,0,0,0,0,0,0,0,0
90148,1,1,0,0,0,0,0,0,0,0,0,0
90149,1,1,0,0,0,0,0,0,18,0,0,0
90150,1,1,0,0,0,0,0,0,0,0,0,0
90151,1,1,0,0,0,0,0,0,0,0,0,0
90152,1,1,22,0,0,0,0,0,10,26,23,15
90153,1,1,14,16,0,7,0,23,0,9,14,25
90154,1,1,0,0,0,0,0,0,0,0,0,0
90154,2,1,0,0,0,18,0,10,0,0,0,0
90155,0,1,34,34,34,34,34,34,34,34,34,34
90155,1,1,0,0,0,0,0,0,0,0,0,29
90156,1,1,21,0,0,0,0,0,26,29,0,0
90157,1,1,14,14,14,14,14,14,14,14,14,14
90158,1,1,0,0,0,0,0,0,0,0,0,0
90159,1,1,13,0,19,13,20,18,0,3,16,34
90160,1,1,0,0,15,0,13,12,0,18,22,0
90160,2,1,0,27,21,0,11,0,4,0,0,0
90161,1,1,0,0,0,0,0,0,0,0,0,0
90161,2,1,0,0,0,0,0,0,0,0,0,0
90162,1,1,14,14,14,14,14,14,14,14,14,14
90163,1,1,29,14,7,28,0,27,0,20,17,14
90164,1,1,0,0,0,0,0,15,0,18,6,0
90164,2,1,0,0,0,0,0,0,0,0,0,0
90165,1,1,0,0,0,0,0,16,9,0,10,17
90166,0,1,0,0,0,0,30,0,0,29,36,0
90166,1,1,16,0,0,0,0,0,8,0,0,12
90167,1,1,0,0,0,0,0,0,0,0,15,0
90167,2,1,0,0,0,0,0,0,0,0,0,0
90168,1,1,22,18,8,0,30,21,0,0,14,10
90169,1,1,0,0,0,0,0,0,0,23,0,0
90170,1,1,0,0,11,11,13,0,6,0,0,0
90171,1,1,0,0,0,12,0,0,8,0,0,0
90171,2,1,0,0,0,0,0,14,5,0,0,0
90172,1,1,33,0,41,31,0,12,30,0,11,7
90173,1,1,0,0,0,0,0,0,0,0,0,0
90173,2,1,0,0,0,0,0,0,0,0,0,0
90174,1,1,24,0,18,0,0,37,0,7,8,9
90175,1,1,27,0,6,0,0,0,13,0,19,16
90175,2,1,10,0,0,0,16,0,0,0,0,0
90176,1,1,15,0,0,22,0,0,0,0,0,0
90176,2,1,0,0,0,0,0,12,0,19,0,0
90177,1,1,0,12,0,0,0,0,22,0,0,0
90177,2,1,0,12,22,21,0,0,0,0,0,13
90178,1,1,0,38,0,0,0,0,31,0,11,0
90179,1,1,0,0,0,0,0,16,13,0,0,0
90179,2,1,26,0,0,0,0,0,0,0,0,0
90180,1,1,0,0,0,0,0,0,0,0,0,0
90180,2,1,0,0,0,0,0,0,0,0,0,0
90181,0,1,0,38,23,0,0,0,0,15,0,0
90181,1,1,0,0,0,0,0,13,0,10,0,0
90182,1,1,0,11,18,8,17,0,0,0,0,0
90182,2,1,14,0,0,0,0,0,0,0,0,0
90182,3,1,0,0,0,14,0,0,10,11,7,11
90183,0,1,17,0,16,0,30,26,25,22,0,0
90183,1,1,0,17,0,0,11,0,0,0,0,0
90184,1,1,0,0,0,0,0,0,0,0,0,0
90184,2,1,0,6,0,0,9,0,0,0,0,0
90184,3,1,0,0,0,0,0,0,0,0,0,13
90185,0,1,17,0,0,0,0,17,6,12,0,0
90185,1,1,0,16,0,21,9,10,17,7,4,8
90186,0,1,0,0,0,0,15,0,0,0,0,13
90186,1,1,0,0,0,0,0,0,0,0,0,0
90187,1,1,19,6,0,0,0,10,0,0,0,0
90187,2,1,0,8,14,0,0,0,0,0,18,0
90187,3,1,0,0,0,25,0,0,0,23,0,0
90188,1,1,0,8,0,10,17,0,7,0,0,17
90188,2,1,7,9,0,35,0,9,0,2,3,0
90189,1,1,0,0,0,0,0,0,27,0,0,0
90190,1,1,11,0,0,0,14,0,12,21,0,11
90191,1,1,0,11,0,0,0,0,0,4,0,11
90192,1,1,0,14,10,10,16,15,0,17,0,0
90193,1,1,22,0,0,0,0,7,13,0,0,0
90194,0,1,25,12,33,57,22,0,0,15,26,0
90194,1,1,0,7,0,0,0,0,0,0,0,0
90194,2,1,15,0,0,0,0,0,0,42,26,10
90194,3,1,0,9,0,25,0,0,0,6,11,0
90195,1,1,0,4,17,14,0,7,0,0,27,12
90196,1,1,0,0,0,0,0,0,18,11,0,26
90196,2,1,0,0,0,0,0,0,0,0,0,0
90197,1,1,0,10,0,0,0,0,0,0,0,0
90198,1,1,20,0,18,0,0,0,0,0,0,0
90199,0,1,16,0,0,0,0,0,29,0,0,0
90199,1,1,0,12,0,13,0,26,0,0,0,0
90200,0,1,0,0,0,19,0,0,0,0,0,0
90200,1,1,0,0,0,0,0,0,0,0,0,0
90201,0,1,14,9,0,22,31,33,14,0,0,15
90201,1,1,9,4,26,5,12,15,0,11,7,20
90202,0,1,27,27,27,27,27,27,27,27,27,27
90202,1,1,0,0,0,0,28,0,3,0,17,0
90203,1,1,12,12,12,12,12,12,12,12,12,12
90204,0,1,25,25,25,25,25,25,25,25,25,25
90204,1,1,0,21,0,0,0,0,0,0,8,0
90205,0,1,0,0,0,17,0,0,0,0,0,0
90205,1,1,0,0,0,0,0,0,0,0,0,0
90206,1,1,6,16,17,13,0,12,0,0,27,0
90207,1,1,10,0,11,20,0,0,6,13,0,12
90208,1,1,0,0,0,0,0,0,0,15,26,0
90208,2,1,4,0,0,0,0,0,0,2,24,0
90208,3,1,0,0,0,0,0,6,0,0,0,0
90209,1,1,0,0,0,0,10,0,0,0,0,0
90209,2,1,0,0,0,0,0,0,0,0,0,0
90210,1,1,0,0,0,0,0,0,0,0,0,0
90211,1,1,0,0,0,0,0,0,0,0,0,0
90211,2,1,10,27,26,8,0,6,0,16,0,19
90212,1,1,0,0,0,0,0,0,0,0,0,0
90212,2,1,0,0,0,0,0,0,0,0,0,0
90213,1,1,23,0,8,0,0,33,0,0,11,27
90214,0,1,0,0,0,0,0,0,0,0,0,0
90214,1,1,0,0,0,0,20,7,0,0,0,5
90215,1,1,20,0,18,0,0,11,29,14,0,9
90216,1,1,19,19,19,19,19,19,19,19,19,19
90217,1,1,4,4,6,19,11,0,0,0,0,0
90217,2,1,0,9,6,10,0,9,0,0,28,0
90218,1,1,0,0,0,0,0,0,0,0,0,0
90218,2,1,0,18,0,0,0,0,0,8,0,0
90219,1,1,0,0,0,0,0,0,0,0,0,0
90220,0,1,0,0,0,0,0,0,0,0,0,0
90220,1,1,0,0,0,0,0,0,0,0,0,0
90221,0,1,0,0,0,0,0,0,0,0,0,0
90221,1,1,0,0,0,0,0,0,0,0,0,0
90222,1,1,0,0,0,0,0,0,0,0,9,0
90222,2,1,0,0,0,15,0,0,15,0,0,0
90223,0,1,0,0,0,0,0,0,0,0,0,0
90223,1,1,0,0,0,0,0,0,0,0,0,9
90224,1,1,9,5,0,0,0,0,0,0,0,0
90224,2,1,13,17,10,18,29,24,12,4,21,13
90225,1,1,0,0,0,0,0,0,0,0,0,0
90226,1,1,16,15,3,0,0,0,14,10,16,19
90227,1,1,0,0,0,0,0,0,0,0,0,0
90227,2,1,0,0,0,0,0,0,0,0,0,0
90228,0,1,0,0,0,0,0,25,0,26,0,0
90228,2,1,15,14,0,0,11,14,0,11,0,8
90229,1,1,0,18,6,0,0,27,0,9,0,27
90230,1,1,9,0,0,17,0,0,29,11,0,0
90231,1,1,0,0,0,0,21,0,11,9,0,0
90231,2,1,0,0,0,0,0,0,0,0,0,0
90232,0,1,23,0,0,0,35,0,0,17,0,12
90232,1,1,0,0,0,15,15,0,0,0,17,0
90233,1,1,12,0,0,0,0,0,0,16,0,0
90233,2,1,0,8,0,0,0,13,11,15,0,0
90233,3,1,7,0,0,0,0,0,21,0,0,0
90234,1,1,0,0,0,0,0,0,0,0,0,0
90234,2,1,0,16,0,13,0,13,24,0,0,8
90235,1,1,0,0,0,22,0,0,0,5,0,0
90236,1,1,19,5,29,0,9,14,10,0,0,0
90236,2,1,0,14,0,0,0,0,0,0,0,0
90237,0,1,17,0,0,0,0,17,18,0,0,14
90237,1,1,11,0,12,20,0,0,0,0,0,0
90238,1,1,17,0,0,0,15,0,0,0,0,0
90239,1,1,0,0,0,0,0,0,0,0,28,0
90240,1,1,31,13,0,0,0,28,0,0,0,16
90240,2,1,0,0,21,0,0,0,19,0,0,0
90241,1,1,0,0,0,0,0,0,0,0,0,0
90242,0,1,5,5,5,5,5,5,5,5,5,5
90242,1,1,0,0,0,0,4,0,0,6,10,0
90244,0,1,31,31,31,31,31,31,31,31,31,31
90244,1,1,0,0,0,0,0,0,0,0,0,0
90245,1,1,0,0,10,0,0,0,0,0,0,0
90246,1,1,0,0,21,0,0,0,31,0,0,6
90247,1,1,27,9,33,0,22,22,10,16,0,0
90248,0,1,0,0,0,0,0,0,0,0,0,0
90248,1,1,0,0,0,0,0,0,0,0,0,0
90249,1,1,0,0,0,0,0,0,0,0,0,0
90249,2,1,0,0,0,0,0,0,0,0,0,0
90250,1,1,0,0,9,0,31,25,0,17,0,18
90250,2,1,10,0,0,14,10,0,0,19,20,0
90251,1,1,0,0,0,4,0,0,0,0,27,0
90251,2,1,0,0,0,0,21,0,0,0,0,0
90251,3,1,0,0,25,0,0,0,0,0,0,0
90252,0,1,13,0,29,26,10,0,0,25,16,0
90252,1,1,0,0,0,0,0,5,0,31,0,0
90253,1,1,0,5,0,28,8,10,17,0,9,16
90253,2,1,0,0,0,0,0,0,0,0,0,0
90254,1,1,0,0,0,0,0,0,28,0,14,0
90254,2,1,17,0,0,0,0,0,0,0,0,15
90254,3,1,0,0,0,0,0,9,9,0,0,16
90255,0,1,0,0,12,25,31,10,14,0,8,0
90255,1,1,10,10,10,10,10,10,10,10,10,10
90256,1,1,0,15,0,0,0,0,0,14,0,0
90256,2,1,10,20,7,26,11,14,27,8,22,15
90257,0,1,0,4,0,0,19,0,0,25,0,0
90257,2,1,0,0,0,15,0,0,0,0,0,28
90257,3,1,17,0,0,0,0,0,0,0,0,0
90257,4,1,0,0,9,0,0,12,0,0,15,11
90258,0,1,0,0,0,0,0,0,44,0,0,0
90258,1,1,0,5,0,0,0,0,0,0,0,0
90259,1,1,0,0,0,0,0,0,0,0,0,0
90259,2,1,0,0,0,0,0,0,0,0,0,0
90260,1,1,25,25,25,25,25,25,25,25,25,25
90260,2,1,0,0,0,0,0,0,0,0,0,0
90261,1,1,0,19,16,0,0,0,0,19,23,13
90262,1,1,15,15,15,15,15,15,15,15,15,15
90262,2,1,0,0,0,0,0,0,0,0,0,0
90263,1,1,0,6,0,0,0,0,18,0,0,0
90263,2,1,23,0,0,0,0,10,13,0,0,0
90264,0,1,8,8,8,8,8,8,8,8,8,8
90264,1,1,0,0,0,0,0,0,0,0,0,0
90265,0,1,0,0,0,0,0,12,10,0,21,0
90265,1,1,0,24,7,0,17,22,0,0,0,0
90266,1,1,9,0,11,16,23,9,11,0,0,4
90266,2,1,25,18,17,19,0,0,15,0,0,22
90267,0,1,0,0,0,0,0,0,0,0,0,0
90267,1,1,0,0,0,0,8,0,0,0,0,0
90268,1,1,19,0,19,21,0,19,15,23,0,0
90268,2,1,0,0,0,0,0,0,0,0,0,0
90269,0,1,35,40,24,36,5,16,15,9,21,9
90269,1,1,20,20,20,20,20,20,20,20,20,20
90270,0,1,0,0,0,0,0,0,0,0,0,0
90270,1,1,15,0,0,9,0,0,0,0,0,0
90271,1,1,14,14,14,14,14,14,14,14,14,14
90271,2,1,0,0,0,0,0,0,0,0,0,0
90272,0,1,10,28,25,7,32,0,21,21,14,32
90272,1,1,10,0,0,0,0,4,0,0,0,0
90273,0,1,12,0,0,0,0,0,0,0,15,20
90273,1,1,5,10,0,12,28,0,26,0,9,0
90274,1,1,0,0,0,14,20,8,18,18,0,0
90274,2,1,0,0,0,0,0,0,0,0,0,8
90275,1,1,0,0,0,0,0,0,0,0,0,0
90275,2,1,0,0,0,19,0,0,0,0,0,0
90275,3,1,0,0,0,0,0,23,32,0,0,0
90276,1,1,0,0,0,13,0,0,4,23,15,0
90277,1,1,39,0,10,0,12,0,0,32,0,3
90278,1,1,21,6,29,16,27,15,9,16,0,15
90279,0,1,24,0,0,0,29,0,0,0,0,18
90279,1,1,10,11,0,0,27,0,0,0,13,0
100001,1,1,24,24,24,24,24,24,24,24,24,24
100002,1,1,22,22,22,22,22,22,22,22,22,22
100003,1,1,0,0,0,0,0,0,0,0,0,0
100003,2,1,0,0,6,0,0,0,0,0,0,0
100004,1,1,23,23,23,23,23,23,23,23,23,23
100005,1,1,0,0,0,0,17,0,0,0,0,0
100005,2,1,0,0,0,0,0,13,9,0,0,0
100006,1,1,3,3,3,3,3,3,3,3,3,3
100006,2,1,0,0,0,0,0,0,0,0,0,0
100007,1,1,0,0,0,0,0,0,0,0,0,0
100007,2,1,0,0,0,0,0,0,0,0,0,0
100008,0,1,0,0,0,0,0,0,0,0,0,0
100008,1,1,15,0,0,0,0,0,0,0,0,0
100009,1,1,0,0,0,0,0,0,0,0,0,0
100010,1,1,0,0,0,0,0,0,0,0,0,0
100010,2,1,0,0,0,0,0,0,0,0,0,7
100011,1,1,0,0,0,0,0,0,0,0,0,0
100011,2,1,0,0,0,0,0,0,0,0,0,0
100012,1,1,28,0,34,0,0,0,3,0,6,0
100013,0,1,9,9,9,9,9,9,9,9,9,9
100013,1,1,0,0,0,0,0,0,0,0,12,13
100014,1,1,0,0,0,0,0,0,0,0,0,0
100015,1,1,11,11,11,11,11,11,11,11,11,11
100015,2,1,0,0,0,0,0,0,0,0,0,0
100016,1,1,0,0,0,0,0,0,0,0,0,0
100016,2,1,34,34,34,34,34,34,34,34,34,34
100017,1,1,0,0,0,0,0,0,0,0,0,0
100018,1,1,0,0,0,0,0,0,0,0,0,0
100018,2,1,0,0,0,0,0,0,0,0,0,0
100019,1,1,0,0,0,0,0,4,0,0,0,0
100020,1,1,0,0,0,0,12,0,0,0,0,0
100020,2,1,0,0,0,0,0,0,0,0,0,0
100021,0,1,15,15,15,15,15,15,15,15,15,15
100021,1,1,0,0,0,0,0,0,0,0,0,0
100022,1,1,0,0,0,0,0,0,0,0,0,0
100023,1,1,23,23,23,23,23,23,23,23,23,23
100024,0,1,0,0,0,0,0,0,0,0,0,0
100024,1,1,0,0,0,22,0,0,0,0,0,0
100025,1,1,0,0,0,0,0,0,0,0,0,0
100025,2,1,0,0,0,0,0,0,0,0,0,0
100026,0,1,0,0,0,0,0,0,0,0,19,0
100026,1,1,0,0,0,16,0,0,0,0,0,0
100027,1,1,5,5,5,5,5,5,5,5,5,5
100027,2,1,13,13,13,13,13,13,13,13,13,13
100028,1,1,0,0,0,0,0,0,0,0,0,0
100028,2,1,0,0,0,0,0,0,0,0,0,0
100029,1,1,4,4,4,4,4,4,4,4,4,4
100029,2,1,0,0,0,14,0,0,0,0,0,0
100030,0,1,0,0,0,0,0,0,0,0,0,0
100030,1,1,0,0,0,0,9,0,0,0,0,0
100031,1,1,23,23,23,23,23,23,23,23,23,23
100031,2,1,0,9,0,0,0,0,0,0,0,0
100032,0,1,0,13,8,0,10,0,0,0,28,0
100032,1,1,10,10,10,10,10,10,10,10,10,10
100033,0,1,0,17,0,0,0,0,0,0,0,0
100033,1,1,0,0,0,0,0,0,0,0,0,0
100034,1,1,23,23,23,23,23,23,23,23,23,23
100034,2,1,18,0,0,0,0,0,0,0,0,0
100035,1,1,15,0,0,0,0,0,0,0,0,0
100035,2,1,0,0,0,0,0,0,0,0,0,0
100036,0,1,0,0,0,0,0,0,0,0,0,0
100036,1,1,0,0,0,0,0,0,0,0,0,0
100037,1,1,0,0,0,0,0,0,0,0,0,0
100038,1,1,0,0,0,0,0,0,0,0,0,0
100038,2,1,0,0,0,0,0,0,0,0,0,0
100038,4,1,0,0,0,0,0,0,0,0,0,0
100039,1,1,0,0,0,0,0,0,0,0,0,0
100039,2,1,0,0,0,0,0,0,0,0,0,0
100040,1,1,0,0,0,0,0,0,0,0,0,0
100040,2,1,0,0,0,0,0,0,0,0,0,0
100041,0,1,0,0,0,0,0,0,0,0,0,0
100041,1,1,0,5,23,11,0,16,8,15,17,0
100042,1,1,21,21,21,21,21,21,21,21,21,21
100043,1,1,17,17,17,17,17,17,17,17,17,17
100044,0,1,0,0,0,0,0,0,0,0,0,0
100044,1,1,0,0,0,0,0,0,0,0,0,0
100045,1,1,21,10,19,9,17,19,26,27,22,12
100046,1,1,0,0,0,0,0,0,0,0,0,0
100046,2,1,0,0,0,0,0,0,0,0,0,0
100047,0,1,0,0,0,0,0,0,0,0,0,0
100047,1,1,0,0,0,0,0,0,0,0,0,0
100048,1,1,0,0,0,0,0,0,0,0,0,0
100048,2,1,0,0,0,0,0,0,0,0,0,0
100048,3,1,0,0,0,0,0,0,0,0,0,0
100049,1,1,4,4,4,4,4,4,4,4,4,4
100049,2,1,0,0,0,0,0,0,0,0,0,7
100050,0,1,18,18,18,18,18,18,18,18,18,18
100050,1,1,18,29,12,38,20,31,5,0,27,0
100051,0,1,22,22,22,22,22,22,22,22,22,22
100051,1,1,0,0,18,0,15,0,0,0,0,0
100052,0,1,0,0,0,0,0,0,0,0,0,0
100052,1,1,0,0,0,0,0,0,0,0,0,0
100053,1,1,23,23,23,23,23,23,23,23,23,23
100053,2,1,0,0,0,0,0,0,0,0,0,0
100054,1,1,0,0,0,0,0,0,0,0,0,0
100054,2,1,0,0,0,0,0,0,0,0,0,0
100055,1,1,0,10,0,9,0,0,0,0,0,0
100055,2,1,0,0,0,0,0,0,0,0,0,0
100056,0,1,0,0,0,0,0,0,0,0,0,0
100056,1,1,0,0,0,10,4,0,0,0,0,0
100057,1,1,0,0,0,0,0,0,0,0,0,0
100057,2,1,0,0,0,0,20,0,0,21,0,13
100057,3,1,0,0,0,0,0,10,5,0,0,20
100057,4,1,0,0,0,0,0,0,0,0,0,0
100058,0,1,0,0,0,0,0,0,0,0,0,0
100058,1,1,0,0,0,0,0,0,0,0,0,0
100059,1,1,0,0,0,0,0,0,0,0,0,19
100059,2,1,37,0,0,0,0,0,0,7,0,0
100060,0,1,0,0,0,0,0,0,0,0,0,0
100060,1,1,15,15,15,15,15,15,15,15,15,15
100061,1,1,0,0,0,0,0,0,0,0,0,0
100062,0,1,0,0,0,0,0,0,0,0,0,0
100062,1,1,0,0,0,0,0,0,0,0,0,0
100063,0,1,30,30,30,30,30,30,30,30,30,30
100063,1,1,19,9,0,0,0,0,19,0,4,0
100064,1,1,0,0,0,0,0,0,0,0,0,0
100065,0,1,21,21,21,21,21,21,21,21,21,21
100065,1,1,0,0,0,0,16,0,0,0,0,0
100066,0,1,0,0,0,0,0,0,0,0,0,0
100066,1,1,0,0,0,0,0,0,0,0,0,0
100067,1,1,0,0,0,0,0,0,0,0,0,0
100067,2,1,0,0,0,0,0,0,0,0,0,0
100068,0,1,34,34,34,34,34,34,34,34,34,34
100068,1,1,0,0,0,0,0,0,0,0,0,0
100069,0,1,7,12,7,0,19,0,0,0,9,25
100069,1,1,0,0,0,0,0,0,0,0,0,0
100070,0,1,0,0,0,0,0,0,0,0,0,0
100070,4,1,0,0,0,0,0,0,0,0,0,0
100071,0,1,3,3,3,3,3,3,3,3,3,3
100071,1,1,0,0,6,28,15,0,0,6,9,0
100073,0,1,8,8,8,8,8,8,8,8,8,8
100073,1,1,0,0,0,0,0,0,0,0,0,0
100074,1,1,0,0,14,0,0,0,0,0,0,0
100074,2,1,0,0,0,0,0,0,0,0,0,0
100075,1,1,0,0,0,0,0,0,0,0,0,0
100075,2,1,0,0,0,0,0,0,0,0,0,0
100075,3,1,0,0,0,0,0,0,0,0,0,0
100075,4,1,21,0,0,0,0,0,0,0,0,0
100075,5,1,0,0,0,0,0,0,0,0,0,0
100076,1,1,0,0,0,0,0,0,0,0,0,0
100076,2,1,0,0,0,0,0,0,0,0,0,0
100077,1,1,13,13,13,13,13,13,13,13,13,13
100078,1,1,0,0,0,0,0,0,0,0,0,0
100079,1,1,0,0,0,0,0,0,0,0,0,0
100080,1,1,0,0,0,0,0,0,0,0,0,0
100080,2,1,0,0,0,0,0,0,0,0,0,0
100081,0,1,0,0,0,0,0,0,0,0,0,0
100081,1,1,0,0,0,0,5,26,0,0,0,0
100082,0,1,0,0,0,0,0,0,0,0,0,0
100082,1,1,0,0,0,0,0,0,0,0,0,0
100083,1,1,0,0,0,0,0,0,0,0,0,0
100083,2,1,0,0,0,0,0,0,0,0,0,0
100084,1,1,10,10,10,10,10,10,10,10,10,10
100084,2,1,0,0,0,0,0,0,0,0,0,0
100085,1,1,5,5,5,5,5,5,5,5,5,5
100085,2,1,0,0,0,0,0,0,0,0,0,0
100086,1,1,4,0,0,0,0,0,0,0,0,0
100086,2,1,0,0,0,0,0,0,0,0,0,0
100086,3,1,0,0,0,0,0,0,0,0,0,0
100086,4,1,0,0,0,0,0,0,0,0,0,0
100086,5,1,0,0,0,0,0,0,0,0,0,0
100087,1,1,0,0,0,0,0,0,0,0,0,0
100087,2,1,0,0,0,0,0,0,0,0,0,0
100088,1,1,0,0,0,0,0,0,0,0,0,0
100088,2,1,0,0,0,0,0,0,0,0,0,0
100089,0,1,0,0,0,0,0,0,0,0,0,0
100089,1,1,0,0,11,0,24,0,13,0,0,0
100090,1,1,0,0,0,0,0,0,0,0,0,0
100090,2,1,0,0,0,0,0,0,0,0,0,0
100090,3,1,0,0,0,0,0,0,0,0,6,0
100090,4,1,0,0,0,0,18,0,0,0,0,0
100091,1,1,0,0,0,0,0,0,0,0,0,0
100091,2,1,0,0,0,0,0,14,0,0,0,0
100091,3,1,0,0,0,0,0,0,16,0,0,0
100092,1,1,6,6,6,6,6,6,6,6,6,6
100093,1,1,25,25,25,25,25,25,25,25,25,25
100093,2,1,0,0,0,0,0,0,0,0,0,0
100094,0,1,18,18,18,18,18,18,18,18,18,18
100094,1,1,0,0,0,0,0,0,0,0,0,0
100095,1,1,0,0,0,0,0,0,0,0,0,0
100095,2,1,0,0,0,0,0,0,0,0,0,0
100096,1,1,0,0,0,0,0,0,0,0,0,0
100097,1,1,0,0,0,11,0,10,0,0,0,0
100097,2,1,0,0,0,0,0,0,0,0,0,0
100098,1,1,0,0,0,0,0,0,0,0,0,0
100099,1,1,0,0,0,0,0,0,0,0,0,0
100100,1,1,0,0,0,0,0,0,0,0,0,0
100100,2,1,0,0,0,0,0,0,0,0,0,0
100100,3,1,0,0,0,0,0,0,0,0,0,5
100101,1,1,0,0,0,0,0,0,0,0,0,0
100101,2,1,0,0,0,0,0,0,0,0,0,0
100102,1,1,29,29,29,29,29,29,29,29,29,29
100102,2,1,25,0,0,0,0,0,0,0,0,0
100103,1,1,17,17,17,17,17,17,17,17,17,17
100103,2,1,0,0,0,0,0,0,0,0,17,0
100104,1,1,4,4,4,4,4,4,4,4,4,4
100104,2,1,0,0,0,0,0,0,0,0,0,0
100105,1,1,24,24,24,24,24,24,24,24,24,24
110001,0,1,38,38,38,38,38,38,38,38,38,38
110001,1,1,8,14,24,0,0,0,0,0,18,0
110003,0,1,0,0,11,0,0,0,0,0,0,0
110003,1,1,0,0,0,0,0,0,0,0,0,0
110004,1,1,16,16,16,16,16,16,16,16,16,16
110004,2,1,0,0,0,0,0,0,0,0,0,0
110005,0,1,0,0,0,0,0,0,0,0,0,0
110005,1,1,0,0,0,0,0,0,0,0,0,0
110006,1,1,7,0,0,0,9,17,0,19,7,0
110006,2,1,13,0,0,22,0,15,0,0,0,6
110007,1,1,0,32,13,14,10,21,0,0,0,19
110007,2,1,0,0,0,0,0,0,0,0,0,0
110008,0,1,22,22,22,22,22,22,22,22,22,22
110008,1,1,18,18,18,18,18,18,18,18,18,18
110009,0,1,0,0,0,0,0,0,0,0,0,0
110009,1,1,0,0,0,0,0,0,0,0,0,0
110009,2,1,0,0,0,0,0,0,0,0,0,0
110009,3,1,0,15,0,0,0,0,0,0,0,0
110010,0,1,20,20,20,20,20,20,20,20,20,20
110010,1,1,0,0,0,0,0,20,0,0,0,19
110011,1,1,0,0,23,14,9,0,0,0,0,0
110011,2,1,0,0,0,0,0,0,0,0,0,0
110012,1,1,0,0,0,0,0,0,0,0,0,0
110012,2,1,0,0,0,0,0,0,0,0,0,0
110013,0,1,0,0,28,0,24,8,0,31,29,22
110013,1,1,0,0,0,0,0,0,0,0,0,0
110014,1,1,0,0,0,0,0,0,0,0,0,0
110015,1,1,1,1,1,1,1,1,1,1,1,1
110015,2,1,0,0,0,0,0,0,0,0,0,0
110016,1,1,0,20,0,15,16,0,0,0,18,0
110016,2,1,0,0,10,12,2,13,0,0,21,10
110016,3,1,12,10,36,17,10,0,10,8,12,0
110016,4,1,0,0,0,12,0,0,0,11,0,2
110017,0,1,25,0,16,18,10,0,0,8,0,0
110017,1,1,0,19,0,16,5,0,0,14,0,34
110018,0,1,0,19,0,0,0,0,0,0,0,0
110018,1,1,0,0,0,0,0,0,0,0,0,0
110019,0,1,15,15,15,15,15,15,15,15,15,15
110019,1,1,0,0,0,0,23,0,0,0,0,0
110020,0,1,0,0,0,0,0,0,0,0,0,0
110020,1,1,0,0,0,0,0,0,9,0,0,0
110021,0,1,0,0,0,0,0,0,0,0,0,0
110021,1,1,0,0,0,0,0,0,0,0,0,0
110022,1,1,25,25,0,17,6,0,11,23,0,6
110023,1,1,0,0,0,0,0,0,0,0,0,0
110023,2,1,8,8,8,8,8,8,8,8,8,8
110024,0,1,0,34,15,15,13,0,0,10,0,0
110024,0,2,0,30,0,15,11,0,0,0,0,0
110024,1,1,16,0,0,13,0,0,0,0,0,0
110025,1,1,16,16,16,16,16,16,16,16,16,16