ST_CASE,VEH_NO,PER_NO,P1,P2,P3,P4,P5,P6,P7,P8,P9,P10
120605,1,1,8,8,8,8,8,8,8,8,8,8
120606,1,1,0,12,14,31,0,0,0,0,0,0
120606,2,1,0,0,0,0,10,0,0,0,0,0
120607,1,1,0,0,0,0,0,0,0,0,0,0
120607,2,1,0,0,0,0,0,7,0,0,0,0
120608,0,1,0,0,30,0,0,13,0,0,25,0
120608,1,1,0,0,0,0,0,0,0,0,0,0
120609,1,1,0,0,0,0,0,0,0,0,0,0
120609,2,1,0,0,0,0,0,0,0,0,0,0
120609,3,1,0,0,0,0,0,0,0,0,0,0
120609,4,1,0,0,0,0,0,0,0,0,13,0
120610,1,1,0,0,0,0,0,17,0,0,13,0
120610,2,1,0,0,0,0,0,0,0,0,0,0
120611,1,1,14,14,14,14,14,14,14,14,14,14
120611,2,1,0,0,0,0,0,0,0,0,0,0
120612,1,1,0,0,0,0,0,0,0,0,0,0
120612,2,1,0,0,9,0,0,0,0,0,0,0
120613,1,1,0,0,0,0,0,0,0,0,0,0
120613,2,1,0,0,0,0,0,0,0,0,0,13
120614,1,1,0,0,9,0,0,0,0,0,0,0
120614,2,1,0,0,0,0,0,0,0,0,0,0
120614,3,1,0,0,0,0,0,0,0,0,0,0
120616,0,1,0,0,0,0,0,0,0,0,0,0
120616,1,1,0,0,0,0,0,0,0,0,0,0
120617,0,1,0,0,0,0,0,0,0,16,0,25
120617,1,1,9,8,20,20,45,0,13,16,22,2
120618,1,1,0,0,0,0,0,0,0,0,0,0
120618,2,1,0,0,0,0,0,0,0,0,0,0
120619,1,1,0,0,0,0,0,0,0,0,0,0
120620,1,1,0,0,0,0,0,0,0,0,0,0
120620,2,1,0,0,0,0,0,0,0,0,0,0
120621,1,1,0,0,0,0,0,0,0,0,0,0
120621,2,1,0,0,0,0,0,0,0,0,0,0
120622,0,1,0,0,29,0,0,0,0,0,0,0
120622,1,1,16,19,14,11,9,21,17,6,18,10
120623,1,1,0,0,0,0,0,0,0,0,0,0
120623,2,1,0,0,0,0,0,8,18,0,0,13
120624,1,1,0,0,0,0,15,0,0,0,0,0
120624,2,1,0,0,0,0,0,17,0,17,0,2
120626,1,1,15,13,14,0,21,0,0,11,0,19
120627,1,1,14,23,0,0,20,25,25,29,25,12
120628,1,1,11,11,11,11,11,11,11,11,11,11
120629,1,1,0,0,0,0,0,0,0,0,0,0
120629,2,1,0,0,0,0,0,0,0,0,0,0
120630,0,1,0,0,0,0,0,0,0,0,0,0
120630,1,1,0,0,0,0,8,0,0,0,0,0
120631,1,1,5,4,12,34,11,10,20,11,11,14
120632,1,1,25,25,25,25,25,25,25,25,25,25
120633,1,1,0,0,0,0,0,0,0,0,0,0
120633,2,1,0,0,0,0,0,0,0,0,0,0
120634,1,1,0,0,0,0,0,0,0,0,0,0
120634,2,1,0,0,0,0,0,0,0,0,0,0
120636,0,1,33,0,20,23,0,14,13,31,7,12
120636,1,1,0,0,0,0,0,8,0,0,0,0
120637,1,1,0,0,0,0,0,0,0,0,0,0
120637,2,1,0,9,0,0,0,0,0,0,0,0
120637,3,1,0,0,0,0,0,7,15,0,0,11
120638,1,1,0,0,0,0,0,0,0,0,0,0
120638,2,1,0,0,0,0,0,0,0,0,0,0
120638,3,1,0,0,0,0,0,12,0,0,0,0
120639,1,1,0,0,0,0,13,0,0,0,0,0
120639,2,1,0,0,0,7,0,0,0,0,26,0
120640,1,1,16,0,0,29,8,10,0,17,0,17
120641,1,1,0,0,0,0,0,0,0,0,0,0
120641,2,1,0,0,0,0,0,0,0,0,0,0
120642,1,1,0,0,0,0,0,0,0,0,0,0
120642,2,1,0,0,0,0,0,0,0,0,0,0
120643,0,1,0,0,0,0,0,0,0,0,0,0
120643,1,1,0,0,0,0,0,0,0,0,0,0
120644,1,1,15,14,0,0,21,23,22,0,18,16
120645,1,1,0,0,0,0,0,0,0,0,0,0
120645,2,1,0,0,0,0,0,0,0,0,0,0
120646,1,1,0,0,15,3,0,0,0,0,0,0
120646,2,1,0,0,0,0,0,0,0,0,0,4
120647,1,1,0,0,0,0,0,0,0,0,0,0
120648,1,1,0,0,0,0,0,0,0,0,0,0
120649,1,1,0,0,0,0,0,0,0,0,0,0
120649,2,1,0,0,0,0,0,0,0,0,0,0
120650,1,1,0,0,0,0,0,0,0,0,0,0
120650,2,1,0,0,0,0,0,0,0,0,0,0
120651,1,1,0,0,0,0,0,0,0,0,0,0
120651,2,1,0,0,0,0,0,0,0,0,0,0
120651,3,1,0,0,0,0,0,0,0,0,0,0
120651,4,1,0,0,0,0,0,0,0,0,0,0
120652,0,1,0,0,0,0,0,11,0,0,0,0
120652,1,1,0,0,0,0,0,0,0,0,0,0
120653,1,1,0,0,0,0,0,0,0,0,0,0
120653,2,1,0,0,0,0,20,0,0,0,21,0
120654,1,1,0,12,17,11,0,11,13,0,12,12
120655,1,1,0,0,0,0,0,0,0,0,0,0
120655,2,1,0,0,0,0,0,0,0,0,0,0
120656,1,1,0,0,0,0,0,0,0,0,0,0
120656,2,1,0,0,0,0,0,0,0,0,0,0
120657,1,1,4,0,0,0,0,0,0,0,0,0
120658,1,1,6,7,22,17,13,21,0,7,9,11
120658,2,1,0,0,0,0,0,0,0,0,0,0
120659,1,1,0,0,0,0,0,0,0,0,0,0
120659,2,1,0,0,0,32,0,0,0,0,0,0
120661,1,1,0,0,0,0,0,0,0,0,0,0
120661,2,1,0,0,0,0,0,0,0,0,0,0
120662,0,1,0,13,0,0,0,14,0,0,0,0
120662,1,1,0,0,0,0,0,0,0,0,0,0
120663,0,1,0,0,0,0,0,0,0,0,0,0
120663,1,1,0,0,0,0,0,0,0,0,0,0
120664,0,1,0,0,0,0,0,0,0,0,0,0
120664,1,1,0,0,0,0,0,0,0,0,0,0
120665,1,1,5,5,5,5,5,5,5,5,5,5
120666,1,1,0,0,0,0,0,0,0,0,0,0
120667,1,1,0,0,0,0,0,0,0,0,0,0
120669,1,1,16,0,0,0,0,0,0,0,0,0
120669,2,1,0,0,0,0,0,0,0,0,0,0
120670,1,1,0,0,0,0,0,0,0,0,0,0
120670,2,1,0,0,0,0,0,0,0,0,0,0
120671,1,1,4,4,4,4,4,4,4,4,4,4
120673,1,1,0,0,0,0,0,0,0,0,0,0
120673,2,1,0,0,0,0,0,0,0,0,0,0
120673,3,1,0,0,0,0,0,0,0,0,0,0
120674,0,1,0,0,0,0,0,0,0,0,0,0
120674,1,1,0,12,0,0,0,0,0,0,0,0
120674,2,1,0,0,0,0,0,0,0,0,0,0
120675,1,1,0,0,0,0,0,0,0,0,0,0
120675,2,1,0,0,0,0,0,0,0,0,0,0
120676,1,1,0,0,0,0,0,0,0,0,0,0
120676,2,1,0,0,0,0,16,0,0,0,0,0
120677,0,1,0,0,0,0,0,0,0,0,0,0
120677,0,2,0,17,0,0,0,27,0,0,0,0
120677,1,1,0,0,37,16,8,0,0,0,26,39
120678,1,1,0,0,0,0,0,0,0,0,0,0
120678,2,1,0,0,0,0,0,0,0,0,0,0
120679,1,1,0,0,0,0,0,0,0,0,0,0
120679,2,1,0,0,0,0,0,0,0,0,0,0
120680,1,1,0,0,0,0,0,0,0,0,0,0
120680,2,1,0,0,0,0,0,0,0,0,0,0
120680,3,1,0,0,0,0,0,0,0,0,0,0
120681,0,1,0,0,0,0,0,0,0,0,0,0
120681,1,1,0,0,0,12,0,0,0,14,0,12
120682,1,1,0,0,0,0,0,0,0,0,0,0
120683,1,1,22,0,0,0,0,0,0,0,0,0
120683,2,1,0,0,0,0,0,0,0,0,0,0
120684,1,1,5,5,5,5,5,5,5,5,5,5
120685,1,1,0,0,0,0,0,0,0,0,0,0
120686,1,1,0,0,0,0,0,7,0,0,0,0
120687,0,1,8,8,33,15,16,35,7,23,6,34
120687,1,1,23,0,18,6,14,31,8,18,9,14
120689,1,1,0,0,0,0,0,0,0,0,0,0
120689,2,1,0,17,0,0,7,0,0,0,0,0
120690,1,1,0,0,0,0,0,0,0,0,37,0
120690,2,1,0,0,0,0,0,0,0,0,0,0
120691,1,1,20,20,20,20,20,20,20,20,20,20
120692,1,1,9,9,9,9,9,9,9,9,9,9
120693,1,1,29,29,29,29,29,29,29,29,29,29
120693,2,1,14,14,14,14,14,14,14,14,14,14
120694,1,1,0,0,0,0,0,0,0,0,0,0
120694,2,1,5,5,5,5,5,5,5,5,5,5
120695,0,1,0,0,0,0,0,0,0,0,0,0
120695,1,1,0,0,14,0,0,0,0,0,0,10
120696,1,1,0,0,0,0,0,0,0,0,0,0
120696,2,1,0,0,0,0,0,16,0,0,0,0
120697,1,1,0,0,0,37,0,0,0,0,0,0
120697,2,1,0,0,0,0,0,0,0,0,0,0
120697,3,1,0,0,0,5,0,0,0,0,0,0
120697,4,1,0,0,0,0,0,0,0,0,0,0
120698,1,1,0,0,0,0,0,0,0,0,0,0
120699,1,1,0,0,0,0,0,0,0,0,0,0
120700,1,1,0,0,0,0,0,0,0,0,0,0
120700,2,1,0,0,0,0,0,0,0,0,0,0
120701,1,1,0,0,16,0,0,0,0,0,0,0
120701,2,1,0,0,0,0,0,0,0,0,0,0
120702,0,1,0,0,0,16,15,0,0,0,0,22
120702,1,1,13,0,15,19,9,0,21,0,0,0
120704,0,1,0,0,0,0,0,0,0,0,0,0
120704,1,1,0,0,0,0,0,0,0,0,0,0
120705,0,1,0,6,0,0,0,0,0,31,0,0
120705,1,1,0,0,0,0,0,0,0,0,0,0
120706,0,1,0,0,0,0,0,0,0,0,0,0
120706,1,1,0,0,0,0,0,0,0,0,0,0
120707,1,1,14,0,20,18,16,11,10,12,12,16
120708,0,1,8,8,8,8,8,8,8,8,8,8
120708,1,1,0,0,0,0,0,0,0,0,0,0
120709,1,1,24,24,24,24,24,24,24,24,24,24
120709,2,1,0,0,0,0,0,0,0,0,0,0
120710,0,1,0,0,0,0,0,0,0,0,0,0
120710,1,1,0,0,0,0,0,0,0,0,0,0
120711,1,1,14,14,14,14,14,14,14,14,14,14
120711,2,1,4,4,4,4,4,4,4,4,4,4
120711,3,1,0,0,0,0,0,8,0,0,0,0
120712,1,1,0,0,27,21,0,21,0,14,0,0
120712,2,1,10,20,22,15,22,17,0,19,27,7
120713,1,1,18,18,18,18,18,18,18,18,18,18
120713,2,1,0,0,0,0,0,0,0,0,0,0
120714,0,1,0,0,0,0,0,0,0,0,0,0
120714,1,1,0,0,0,0,0,0,0,0,0,0
120715,0,1,0,0,0,0,0,0,0,0,0,0
120715,1,1,0,0,0,0,0,0,0,0,0,0
120716,0,1,0,0,0,0,0,0,0,0,0,0
120716,1,1,0,0,0,0,0,0,0,0,0,0
120717,1,1,19,19,19,19,19,19,19,19,19,19
120717,2,1,0,0,0,0,0,0,0,0,0,0
120718,1,1,9,0,0,0,0,0,0,0,0,0
120718,2,1,0,0,0,0,0,0,0,0,0,0
120720,1,1,0,0,0,0,0,0,0,0,0,0
120720,2,1,14,0,0,0,0,0,0,0,0,0
120721,1,1,0,0,0,0,0,0,0,0,0,0
120722,1,1,0,0,0,0,7,11,0,0,0,0
120722,2,1,0,0,34,0,0,0,0,0,0,0
120723,1,1,0,0,0,0,0,0,0,0,0,0
120724,0,1,0,0,0,0,0,0,0,0,0,0
120724,1,1,0,0,0,0,0,0,0,0,0,0
120725,0,1,0,0,0,0,0,0,0,0,0,0
120725,1,1,0,0,0,0,0,0,0,0,0,0
120727,1,1,17,17,17,17,17,17,17,17,17,17
120727,2,1,0,0,0,0,0,0,0,0,0,0
120728,0,1,5,0,0,0,0,42,0,11,14,0
120728,1,1,0,0,0,0,0,0,0,0,0,0
120729,1,1,0,20,0,0,0,33,22,0,6,0
120729,2,1,20,0,0,0,0,0,0,0,0,0
120730,0,1,0,0,0,0,26,0,0,24,18,0
120730,1,1,0,0,0,0,0,9,0,0,0,0
120730,2,1,11,0,0,0,0,0,0,0,0,0
120731,1,1,0,22,18,0,0,0,7,19,0,9
120732,1,1,0,0,0,0,0,0,0,0,0,0
120732,2,1,0,0,0,0,0,0,0,0,0,0
120733,0,1,0,0,26,0,0,0,0,18,0,0
120733,1,1,0,0,0,6,0,0,0,0,0,0
120734,1,1,12,12,12,12,12,12,12,12,12,12
120734,2,1,9,9,9,9,9,9,9,9,9,9
120734,3,1,0,0,0,0,0,0,0,0,0,0
120735,1,1,0,24,0,0,0,0,0,0,0,0
120735,2,1,0,6,0,0,0,0,0,18,0,6
120736,0,1,0,0,0,0,0,0,0,0,0,0
120736,1,1,0,0,0,0,0,0,0,0,0,0
120737,1,1,0,0,0,0,0,0,0,0,0,0
120737,2,1,0,0,0,0,0,0,0,0,0,0
120737,3,1,0,0,0,0,0,0,0,0,0,8
120738,1,1,14,14,14,14,14,14,14,14,14,14
120739,0,1,2,2,2,2,2,2,2,2,2,2
120739,1,1,0,0,0,0,0,0,0,0,0,0
120739,2,1,8,0,0,0,0,5,0,0,0,0
120739,3,1,0,0,0,0,0,0,0,0,0,0
120740,1,1,19,0,0,0,0,0,0,0,0,0
120740,2,1,0,0,0,0,0,0,0,0,0,0
120741,0,1,29,29,29,29,29,29,29,29,29,29
120741,1,1,0,0,0,0,0,0,0,3,0,0
120742,1,1,0,0,0,0,0,0,0,0,0,0
120742,2,1,0,0,0,0,0,0,0,0,0,0
120743,1,1,19,19,19,19,19,19,19,19,19,19
120744,0,1,0,20,0,0,0,0,9,0,32,29
120744,1,1,0,0,0,0,0,0,0,0,0,0
120745,1,1,0,0,0,0,0,0,0,0,0,0
120745,2,1,0,0,0,0,0,0,0,0,0,0
120746,1,1,0,14,0,14,17,24,0,0,64,14
120747,1,1,23,23,23,23,23,23,23,23,23,23
120747,2,1,39,0,0,0,0,0,0,0,0,0
120747,3,1,0,0,0,10,0,0,0,0,0,0
120748,0,1,21,0,9,0,14,15,0,22,0,0
120748,1,1,0,0,0,0,0,0,0,0,10,0
120749,0,1,31,0,0,0,0,10,0,0,21,21
120749,1,1,0,0,0,0,0,0,0,0,0,0
120750,0,1,0,0,0,0,0,0,0,0,0,0
120750,1,1,0,0,0,0,0,0,0,0,0,0
120751,0,1,19,19,19,19,19,19,19,19,19,19
120751,1,1,0,0,0,0,11,0,0,0,0,0
120752,1,1,0,0,0,0,0,0,0,0,0,0
120753,1,1,0,0,0,0,0,0,0,0,7,0
120753,2,1,0,0,0,0,0,0,0,0,0,0
120753,3,1,0,0,0,0,0,0,0,0,0,0
120754,1,1,0,0,0,0,0,0,0,0,0,0
120755,0,1,19,14,0,31,0,17,0,32,0,0
120755,1,1,0,0,0,0,17,0,0,0,0,0
120756,0,1,0,0,0,0,0,0,0,0,0,0
120756,1,1,0,0,0,0,0,0,0,0,0,0
120757,0,1,0,0,0,0,0,0,0,0,0,0
120757,0,2,0,0,0,15,0,0,0,19,0,0
120757,1,1,0,0,0,0,0,0,0,0,0,0
120757,2,1,0,0,0,0,0,0,0,0,0,0
120758,0,1,0,0,0,0,0,0,0,0,0,0
120758,0,2,0,0,0,0,0,0,0,0,35,0
120758,1,1,0,0,0,0,0,0,0,0,0,0
120759,1,1,0,0,0,0,0,0,13,22,2,0
120759,2,1,0,0,0,0,0,0,0,0,0,0
120760,1,1,0,0,0,27,0,7,0,0,0,0
120760,2,1,16,0,0,0,0,0,14,0,18,0
120761,0,1,0,0,0,0,0,0,0,0,0,0
120761,1,1,0,0,0,0,0,0,0,0,0,0
120762,0,1,0,0,0,0,0,0,0,0,0,0
120762,1,1,0,0,0,0,0,0,0,0,0,0
120763,0,1,0,0,0,28,0,0,0,0,15,30
120763,1,1,0,0,0,0,0,0,0,0,0,0
120764,1,1,22,22,22,22,22,22,22,22,22,22
120765,0,1,16,16,16,16,16,16,16,16,16,16
120765,1,1,0,0,0,0,0,0,0,0,0,16
120767,0,1,0,0,0,0,26,20,23,7,0,26
120767,1,1,13,5,18,0,0,9,0,0,20,27
120768,1,1,24,24,24,24,24,24,24,24,24,24
120769,1,1,0,0,0,0,0,0,0,0,0,0
120770,1,1,0,0,0,0,0,0,0,0,0,0
120771,1,1,0,0,0,0,0,0,0,0,0,0
120771,2,1,0,0,0,0,0,0,0,0,0,0
120772,0,1,12,12,12,12,12,12,12,12,12,12
120772,1,1,0,0,0,0,0,0,0,0,0,0
120773,1,1,0,0,0,0,0,0,0,0,0,0
120773,2,1,0,0,0,0,0,0,0,0,0,0
120774,1,1,0,0,0,0,0,0,0,0,0,0
120774,2,1,0,0,0,0,0,0,0,0,0,0
120775,0,1,0,0,0,0,20,0,0,0,0,0
120775,1,1,16,0,0,0,0,25,0,0,0,0
120776,1,1,0,0,0,0,0,0,0,28,0,0
120776,2,1,0,0,0,0,0,0,0,0,0,0
120776,3,1,0,0,0,0,0,0,0,0,0,0
120777,1,1,13,7,19,30,13,0,10,27,30,4
120778,1,1,0,0,0,0,0,0,0,0,0,0
120778,2,1,0,0,0,0,0,0,0,0,38,0
120779,1,1,0,0,0,0,0,0,0,0,7,0
120779,2,1,0,0,0,0,7,0,19,0,0,0
120780,1,1,0,22,7,0,0,25,14,0,0,7
120780,2,1,5,0,0,0,27,0,0,22,24,0
120781,1,1,0,0,0,0,0,0,0,0,0,0
120781,2,1,0,0,0,0,0,0,0,0,0,0
120782,0,1,0,0,0,0,0,0,0,0,32,0
120782,1,1,0,0,0,0,0,21,24,0,0,0
120783,1,1,0,0,0,0,0,0,0,0,0,20
120783,2,1,0,0,0,0,0,0,0,0,0,6
120784,1,1,0,0,0,0,0,0,0,0,0,0
120785,1,1,0,7,0,0,0,0,0,0,18,0
120785,2,1,0,0,0,0,0,0,0,0,0,0
120786,1,1,0,0,0,0,0,0,0,0,0,0
120787,1,1,0,0,0,0,0,0,0,0,0,0
120787,2,1,0,0,0,0,0,0,0,0,0,0
120788,1,1,0,0,0,0,0,0,0,0,0,0
120788,2,1,0,0,0,0,0,0,0,0,0,0
120788,3,1,0,0,0,0,8,0,0,0,0,0
120788,4,1,0,0,0,0,0,0,0,13,0,0
120790,1,1,0,0,0,0,0,11,0,0,0,0
120790,2,1,0,0,0,0,0,0,6,0,0,0
120792,1,1,0,0,0,0,0,0,0,0,0,0
120792,2,1,0,0,0,9,0,0,0,0,10,0
120793,1,1,0,0,0,0,0,0,0,0,0,0
120793,2,1,0,0,0,0,0,0,0,0,0,0
120793,3,1,0,0,0,8,0,0,0,0,0,0
120795,1,1,22,21,0,0,0,0,0,0,0,0
120795,2,1,0,0,0,0,0,0,0,0,0,0
120796,1,1,0,0,0,0,0,0,0,0,0,0
120796,2,1,0,0,0,0,0,0,0,0,0,0
120797,1,1,19,19,19,19,19,19,19,19,19,19
120798,0,1,0,0,0,0,0,0,21,0,10,0
120798,1,1,0,0,0,0,0,0,0,15,0,35
120799,0,1,0,0,0,0,0,0,0,0,0,0
120799,1,1,0,0,0,0,0,0,0,0,0,0
120800,1,1,0,0,0,0,0,0,0,0,0,0
120800,2,1,0,0,0,0,0,0,0,0,0,0
120801,1,1,0,5,0,0,0,0,0,0,0,0
120802,1,1,29,29,29,29,29,29,29,29,29,29
120802,2,1,23,0,0,0,0,0,0,0,0,0
120802,3,1,0,0,0,0,0,0,0,0,0,0
120802,4,1,0,0,0,0,0,0,0,0,14,0
120803,0,1,0,20,0,0,0,0,0,0,0,0
120803,1,1,0,0,0,0,0,0,0,0,0,0
120804,0,1,19,19,19,19,19,19,19,19,19,19
120804,1,1,11,9,0,0,23,19,0,0,7,4
120806,0,1,21,21,21,21,21,21,21,21,21,21
120806,1,1,0,0,0,0,0,0,0,0,0,0
120807,0,1,0,19,23,0,10,0,0,0,12,9
120807,1,1,17,0,0,0,0,0,0,0,0,0
120808,1,1,0,0,0,0,0,0,0,0,0,0
120808,2,1,0,11,0,9,0,0,0,0,8,0
120809,0,1,0,0,0,0,0,0,0,0,0,10
120809,1,1,0,5,0,0,0,0,0,0,0,0
120810,1,1,22,22,22,22,22,22,22,22,22,22
120811,1,1,0,0,0,0,0,0,0,0,12,0
120811,2,1,10,10,10,10,10,10,10,10,10,10
120811,3,1,0,0,0,0,0,0,0,0,0,0
120812,0,1,18,19,0,0,0,26,0,8,25,0
120812,1,1,11,0,6,23,0,0,12,10,0,0
120812,2,1,11,13,26,32,0,7,5,11,0,11
120813,1,1,20,20,20,20,20,20,20,20,20,20
120814,1,1,22,22,22,22,22,22,22,22,22,22
120815,1,1,0,0,0,0,0,0,0,0,0,0
120815,2,1,0,0,0,0,0,0,0,0,0,0
120816,1,1,0,0,0,0,0,0,0,0,0,0
120817,1,1,0,11,0,28,22,0,24,26,0,0
120818,1,1,18,18,18,18,18,18,18,18,18,18
120819,1,1,0,7,0,0,0,0,16,0,0,0
120819,2,1,0,0,0,0,0,0,0,0,0,0
120820,1,1,0,0,0,0,0,0,0,0,0,0
120821,1,1,0,0,0,0,0,0,0,0,0,0
120821,2,1,16,0,0,0,0,0,0,0,0,0
120822,0,1,0,0,0,0,0,0,0,0,0,0
120822,1,1,0,0,0,0,0,0,0,0,0,0
120822,2,1,0,7,0,0,0,13,24,0,18,27
120823,1,1,0,0,0,0,0,0,0,0,0,0
120824,1,1,0,0,0,0,0,0,0,0,0,0
120824,2,1,0,0,0,0,0,0,0,0,0,0
120825,1,1,0,0,0,0,0,0,0,0,0,0
120826,1,1,0,0,0,0,0,0,0,0,0,0
120826,2,1,0,0,0,0,14,0,5,0,0,0
120827,1,1,0,0,0,0,0,0,0,0,0,0
120828,1,1,0,0,0,0,0,0,0,0,0,0
120828,2,1,0,0,0,0,0,0,0,0,0,0
120828,3,1,0,0,0,0,0,0,0,0,0,0
120828,4,1,0,0,0,0,0,0,0,0,0,0
120829,1,1,0,0,22,0,0,0,0,0,0,0
120830,1,1,0,0,0,0,0,0,0,0,0,0
120830,2,1,0,0,0,0,0,0,0,0,0,0
120831,1,1,20,20,20,20,20,20,20,20,20,20
120831,2,1,0,0,0,0,0,0,0,0,0,0
120832,1,1,0,0,0,0,0,0,0,0,0,0
120832,2,1,0,0,0,0,0,0,0,0,0,0
120833,1,1,9,9,9,9,9,9,9,9,9,9
120833,2,1,9,0,0,0,0,0,0,0,0,0
120834,1,1,0,0,0,0,0,0,0,0,0,0
120835,1,1,2,2,2,2,2,2,2,2,2,2
120835,2,1,0,0,0,0,0,0,0,0,0,0
120835,3,1,0,0,0,0,0,0,0,0,0,0
120835,4,1,0,0,0,0,0,10,0,0,0,0
120836,0,1,16,16,16,16,16,16,16,16,16,16
120836,1,1,0,0,0,0,0,0,36,0,0,0
120837,0,1,14,14,14,14,14,14,14,14,14,14
120837,1,1,31,0,37,10,0,0,0,17,21,11
120838,0,1,49,49,49,49,49,49,49,49,49,49
120838,1,1,0,0,0,0,0,0,0,0,0,0
120839,1,1,0,0,0,0,0,0,0,0,0,0
120839,2,1,0,0,0,0,0,0,0,0,0,0
120840,1,1,16,16,16,16,16,16,16,16,16,16
120841,1,1,0,8,0,0,0,0,18,0,0,0
120841,2,1,0,13,0,0,0,0,0,0,0,0
120842,0,1,0,0,0,0,0,0,0,0,0,0
120842,1,1,0,0,0,0,0,25,0,0,0,0
120843,0,1,0,0,0,0,0,0,0,0,0,16
120843,1,1,0,0,0,0,0,0,0,0,0,0
120844,1,1,19,0,0,0,0,0,0,0,0,0
120844,2,1,0,0,0,0,0,0,0,0,0,0
120846,1,1,12,12,12,12,12,12,12,12,12,12
120847,1,1,0,0,0,0,0,0,0,0,0,0
120847,2,1,0,0,0,0,0,0,0,0,0,0
120848,1,1,0,0,0,0,0,0,0,0,0,0
120849,1,1,0,0,0,0,0,0,0,0,0,0
120849,2,1,0,0,0,0,0,0,0,0,0,0
120850,1,1,0,0,0,0,0,0,0,0,0,0
120851,1,1,18,18,18,18,18,18,18,18,18,18
120852,1,1,0,0,0,0,0,0,0,0,0,0
120852,2,1,0,0,0,0,0,0,0,0,0,0
120853,1,1,0,0,0,0,0,0,0,0,0,0
120853,2,1,0,0,0,0,0,0,0,0,0,0
120854,0,1,0,0,0,0,0,0,0,0,0,0
120854,1,1,12,0,0,0,0,0,0,0,0,0
120855,0,1,31,31,31,31,31,31,31,31,31,31
120855,1,1,0,0,0,0,0,0,0,0,0,0
120855,2,1,0,0,0,0,0,0,0,0,0,0
120856,0,1,29,0,7,16,36,0,33,0,21,0
120856,1,1,0,0,15,22,10,0,21,0,0,32
120857,1,1,33,33,33,33,33,33,33,33,33,33
120857,2,1,0,0,8,0,0,0,0,0,0,0
120858,1,1,28,28,28,28,28,28,28,28,28,28
120858,2,1,11,11,11,11,11,11,11,11,11,11
120859,1,1,0,0,0,0,0,0,0,0,0,0
120860,0,1,20,20,20,20,20,20,20,20,20,20
120860,1,1,33,0,0,0,0,0,0,0,0,0
120861,1,1,24,24,24,24,24,24,24,24,24,24
120862,1,1,19,19,19,19,19,19,19,19,19,19
120862,2,1,0,0,0,0,0,0,0,0,0,0
120863,0,1,0,0,0,0,0,0,0,0,0,0
120863,1,1,0,0,0,0,0,0,0,0,0,0
120863,2,1,0,0,0,0,0,0,0,0,0,0
120864,0,1,11,11,11,11,11,11,11,11,11,11
120864,1,1,0,0,0,0,0,0,0,0,0,0
120865,0,1,13,0,0,0,0,0,12,25,6,18
120865,1,1,0,0,0,0,0,0,0,0,0,0
120866,1,3,16,0,25,10,0,0,0,0,27,15
120867,1,1,0,0,0,0,0,0,0,0,0,0
120867,2,1,0,0,0,0,0,0,0,0,0,0
120868,1,1,12,12,12,12,12,12,12,12,12,12
120868,2,1,10,0,0,0,0,0,0,0,0,0
120869,0,1,0,0,0,0,0,0,0,0,0,0
120869,1,1,0,0,0,0,0,0,0,0,0,0
120870,1,1,0,0,0,0,0,0,0,0,0,0
120870,2,1,6,6,6,6,6,6,6,6,6,6
120871,1,1,0,0,0,0,0,0,0,0,0,0
120871,2,1,0,0,0,0,10,0,0,0,0,11
120872,1,1,0,0,0,0,0,0,0,0,0,0
120873,1,1,0,18,17,20,31,14,17,0,23,10
120874,0,1,0,19,18,25,0,0,0,13,0,0
120874,1,1,0,0,0,0,0,0,0,0,0,0
120875,0,1,31,31,31,31,31,31,31,31,31,31
120875,1,1,0,0,0,0,0,0,20,0,0,0
120876,0,1,0,0,0,0,0,0,0,0,0,0
120876,1,1,0,0,0,0,4,8,0,0,0,0
120877,0,1,0,0,0,0,0,0,0,0,0,0
120877,1,1,0,0,0,13,0,0,0,0,0,0
120878,1,1,7,7,7,7,7,7,7,7,7,7
120878,2,1,0,0,0,0,0,0,0,0,0,0
120879,1,1,0,0,0,0,0,0,0,0,0,0
120879,2,1,0,10,0,0,0,28,0,0,0,0
120880,1,1,15,29,3,23,21,0,9,0,27,19
120881,0,1,0,0,0,22,0,0,0,0,0,0
120881,1,1,0,20,17,0,0,0,0,10,0,0
120882,1,1,0,0,0,0,0,0,0,0,0,0
120882,2,1,0,18,0,0,0,0,0,0,0,0
120883,1,1,15,48,16,23,16,29,20,15,12,27
120884,1,1,0,0,0,0,0,0,0,0,0,0
120884,2,1,0,0,0,0,0,0,10,0,0,0
120885,1,1,13,13,13,13,13,13,13,13,13,13
120886,1,1,29,0,37,25,13,10,0,0,0,11
120887,1,1,21,0,11,15,0,0,0,0,0,6
120887,2,1,0,0,0,0,0,0,0,0,0,0
120888,0,1,0,0,0,21,0,0,0,19,0,0
120888,1,1,0,0,0,0,0,0,0,0,0,0
120889,1,1,0,0,0,0,0,0,0,0,0,10
120889,2,1,0,0,0,0,0,0,0,0,0,0
120890,0,1,31,31,23,28,7,11,5,18,30,12
120890,1,1,0,0,0,10,0,0,13,0,0,0
120891,1,1,15,0,3,11,0,12,13,11,21,0
120892,1,1,44,44,44,44,44,44,44,44,44,44
120892,2,1,0,0,0,0,0,0,0,0,0,0