ST_CASE,VEH_NO,PER_NO,P1,P2,P3,P4,P5,P6,P7,P8,P9,P10
121183,1,1,13,13,13,13,13,13,13,13,13,13
121184,1,1,0,0,0,0,0,0,0,0,0,0
121184,2,1,0,0,0,0,0,0,0,0,0,0
121185,0,1,19,19,19,19,19,19,19,19,19,19
121185,1,1,0,0,0,0,17,0,0,24,0,0
121186,1,1,0,0,0,0,0,0,0,0,0,0
121186,2,1,0,0,0,0,0,0,0,0,0,0
121187,1,1,0,0,0,0,0,0,0,0,0,0
121188,1,1,0,0,0,0,0,0,0,0,0,0
121188,2,1,0,0,0,0,0,0,0,0,0,0
121189,1,1,0,0,0,0,0,3,0,0,0,0
121190,0,1,27,21,0,10,21,0,33,16,0,0
121190,1,1,0,0,0,0,0,0,0,0,0,0
121191,1,1,0,0,0,0,0,0,0,0,0,0
121191,2,1,0,0,0,0,0,0,0,0,0,0
121191,3,1,0,0,0,0,0,0,0,0,0,0
121191,4,1,0,0,0,0,0,0,0,0,0,0
121192,0,1,0,0,0,0,0,0,0,0,0,0
121192,1,1,0,0,0,0,0,0,0,8,0,0
121193,0,1,0,0,38,0,0,0,0,27,0,0
121193,1,1,0,0,0,0,0,11,0,0,0,0
121196,0,1,8,11,25,22,5,15,31,10,14,12
121196,1,1,0,0,0,0,0,0,0,0,0,0
121197,1,1,0,0,0,0,0,0,31,11,0,0
121198,0,1,0,0,0,0,0,0,0,0,0,0
121198,1,1,0,0,0,0,0,0,0,0,0,0
121199,0,1,11,0,0,0,0,0,26,0,0,0
121199,1,1,0,0,0,0,0,0,0,0,15,0
121200,0,1,11,11,13,20,6,11,15,38,12,15
121200,1,1,17,0,0,0,0,0,0,0,0,0
121201,1,1,0,0,0,0,0,0,0,0,0,17
121201,2,1,0,0,0,0,0,0,15,0,0,0
121202,1,1,0,0,26,23,0,0,0,0,0,0
121203,0,1,0,0,0,0,0,0,0,0,0,0
121203,1,1,0,0,0,0,0,0,0,0,0,0
121204,1,1,26,18,0,13,0,0,0,0,7,0
121205,0,1,21,23,30,12,12,25,14,24,15,25
121205,1,1,0,0,0,0,0,0,0,0,0,0
121206,1,1,0,0,0,7,0,0,0,0,0,0
121207,1,1,10,10,10,10,10,10,10,10,10,10
121208,1,1,0,0,0,0,0,0,0,0,0,0
121208,2,1,6,0,0,0,0,0,0,0,0,0
121209,1,1,0,0,0,0,0,0,0,0,0,0
121209,2,1,1,1,1,1,1,1,1,1,1,1
121210,1,1,0,0,0,0,0,0,0,0,0,0
121211,1,1,0,0,11,0,0,0,0,0,0,0
121211,2,1,0,0,0,0,0,0,0,0,0,0
121212,1,1,0,0,0,0,0,0,0,0,0,0
121212,2,1,0,0,0,0,0,0,0,0,0,15
121213,1,1,12,12,12,12,12,12,12,12,12,12
121214,1,1,16,16,16,16,16,16,16,16,16,16
121215,0,1,30,30,30,30,30,30,30,30,30,30
121215,1,1,0,0,0,0,0,0,9,6,0,0
121216,0,1,0,0,0,0,0,0,0,0,0,0
121216,1,1,17,0,8,0,0,9,20,16,0,0
121217,0,1,0,0,0,0,0,0,0,0,0,0
121217,1,1,0,0,0,0,0,0,0,0,0,0
121218,1,1,6,15,20,12,0,0,0,7,0,0
121218,2,1,2,2,2,2,2,2,2,2,2,2
121219,1,1,0,0,0,0,0,0,0,0,0,0
121219,2,1,0,0,0,0,0,0,0,0,0,0
121220,1,1,6,6,6,6,6,6,6,6,6,6
121221,0,1,0,0,28,0,0,0,8,0,0,0
121221,1,1,0,8,23,16,0,0,13,0,0,8
121222,0,1,30,30,30,30,30,30,30,30,30,30
121222,1,1,0,0,0,0,0,0,0,9,0,0
121223,1,1,0,0,0,0,0,0,0,0,0,0
121223,2,1,0,0,0,0,0,0,0,0,0,0
121224,0,1,0,0,15,9,8,0,0,21,0,0
121224,1,1,0,0,0,0,0,0,0,0,0,0
121225,1,1,15,15,15,15,15,15,15,15,15,15
121225,2,1,0,0,0,0,0,0,0,0,0,0
121226,1,1,0,0,0,0,0,0,0,0,0,0
121227,1,1,0,0,0,0,0,0,0,0,0,0
121227,2,1,0,12,0,0,0,0,0,0,0,0
121228,1,1,0,0,0,0,0,0,0,0,0,0
121229,1,1,32,32,32,32,32,32,32,32,32,32
121229,2,1,0,5,0,0,0,0,0,0,0,0
121230,1,1,20,20,20,20,20,20,20,20,20,20
121231,1,1,0,0,0,0,0,11,0,0,0,0
121232,0,1,29,29,29,29,29,29,29,29,29,29
121232,1,1,11,0,0,9,0,23,0,0,0,0
121233,1,1,23,23,23,23,23,23,23,23,23,23
121234,1,1,0,0,0,0,15,0,0,0,0,0
121235,1,1,0,0,0,0,0,0,0,0,0,0
121236,1,1,0,0,0,0,0,0,0,0,0,0
121237,0,1,0,0,36,0,0,0,0,0,0,0
121237,1,1,0,0,0,0,0,0,0,3,0,0
121238,1,1,0,0,0,0,0,0,0,15,0,0
121239,1,1,0,0,16,0,0,0,0,15,0,0
121240,1,1,9,9,9,9,9,9,9,9,9,9
121241,1,1,10,0,9,28,7,0,21,0,38,0
121241,2,1,0,0,0,0,0,0,0,0,0,0
121241,3,1,0,0,0,0,0,0,0,0,0,0
121242,0,1,0,20,0,0,0,0,0,0,16,0
121242,1,1,0,0,4,0,0,0,0,0,24,0
121243,1,1,0,0,0,7,0,23,0,0,11,0
121243,2,1,0,14,14,0,0,0,0,19,0,8
121244,1,1,20,0,0,15,0,0,0,0,0,11
121244,2,1,0,0,0,0,0,0,0,0,0,0
121244,3,1,0,0,0,13,0,0,0,0,0,0
121245,1,1,0,0,0,0,0,0,0,0,0,0
121246,0,1,0,0,0,0,30,0,0,0,0,0
121246,1,1,0,0,0,0,0,0,0,0,0,0
121247,1,1,0,0,0,0,0,0,0,0,0,0
121247,2,1,0,0,0,0,0,12,0,0,0,0
121247,3,1,2,2,2,2,2,2,2,2,2,2
121248,0,1,0,0,0,0,0,0,0,0,0,0
121248,1,1,0,0,0,4,0,0,0,18,0,0
121249,0,1,0,0,0,18,0,0,0,0,0,0
121249,1,1,0,0,0,0,0,0,0,0,0,0
121250,1,1,7,7,7,7,7,7,7,7,7,7
121251,1,1,0,0,0,0,0,0,0,0,0,0
121252,1,1,0,0,0,0,0,0,0,0,0,0
121252,2,1,0,0,0,0,0,0,0,0,0,0
121253,1,1,0,0,0,0,0,0,0,0,0,0
121254,1,1,8,8,8,8,8,8,8,8,8,8
121254,2,1,0,23,0,0,0,0,0,0,0,18
121255,0,1,0,0,0,0,0,0,0,0,0,0
121255,1,1,0,0,0,0,0,0,0,0,0,0
121255,2,1,0,0,0,0,0,0,0,0,0,0
121256,1,1,0,0,0,0,0,0,0,0,0,0
121257,1,1,0,0,0,0,0,0,0,0,0,0
121258,1,1,17,12,8,9,0,15,12,6,20,11
121258,2,1,0,0,0,0,0,0,0,0,0,0
121260,0,1,0,0,0,0,18,0,23,0,0,6
121260,1,1,0,0,0,0,0,0,0,0,0,0
121261,0,1,0,0,0,0,0,0,0,0,0,0
121261,1,1,0,0,0,0,0,0,0,0,0,0
121262,0,1,19,0,0,0,43,0,0,0,28,0
121262,1,1,9,0,16,18,11,10,28,19,25,13
121263,1,1,0,0,0,0,0,0,0,0,0,9
121263,2,1,0,0,0,0,0,0,0,4,9,0
121263,3,1,0,0,0,0,0,0,0,18,0,0
121264,1,1,0,0,0,0,0,0,0,0,0,0
121264,2,1,0,0,0,0,0,0,0,0,0,0
121265,1,1,13,14,0,0,8,0,13,0,0,17
121265,2,1,0,0,0,0,0,0,0,0,0,0
121266,1,1,0,0,0,0,0,0,0,24,0,0
121266,2,1,0,0,0,0,0,0,0,0,0,0
121267,0,1,26,30,0,0,0,11,0,0,0,0
121267,0,2,8,8,8,8,8,8,8,8,8,8
121267,0,3,0,0,0,0,0,0,0,0,0,0
121267,1,1,0,0,8,22,0,0,2,0,0,0
121268,1,1,8,16,9,28,13,0,20,12,17,13
121269,0,1,0,0,0,0,0,0,0,0,0,0
121269,1,1,0,0,4,0,0,0,0,0,0,0
121270,1,1,0,0,13,0,0,0,0,0,0,0
121270,2,1,0,0,0,0,0,0,0,0,0,0
121271,1,1,24,24,24,24,24,24,24,24,24,24
121272,1,1,0,0,0,0,0,0,0,0,0,0
121272,2,1,0,0,0,0,0,0,0,0,0,0
121272,3,1,0,0,0,0,0,0,0,0,0,0
121273,1,1,0,0,22,0,0,0,0,0,0,0
121273,2,1,0,0,0,0,0,0,0,0,0,0
121274,1,1,15,7,0,0,21,0,10,18,31,0
121274,2,1,0,0,0,0,0,0,0,0,0,0
121275,1,1,21,21,21,21,21,21,21,21,21,21
121275,2,1,0,0,0,0,0,0,0,0,0,0
121276,0,1,0,39,0,0,0,0,0,0,0,0
121276,1,1,0,14,0,16,0,0,0,0,9,0
121276,2,1,0,14,0,0,0,0,0,0,0,16
121277,0,1,15,0,16,0,0,36,21,0,8,0
121277,1,1,14,14,14,14,14,14,14,14,14,14
121278,1,1,0,0,0,0,8,0,0,19,0,0
121278,2,1,0,0,0,0,0,0,0,0,0,0
121279,1,1,13,13,13,13,13,13,13,13,13,13
121279,2,1,12,0,0,0,0,0,0,0,0,0
121280,1,1,0,15,0,0,0,0,0,0,0,0
121282,1,1,0,0,0,0,0,16,0,0,0,0
121283,0,1,0,0,0,0,0,0,0,0,0,0
121283,1,1,9,0,0,0,0,20,13,0,0,0
121284,1,1,0,0,0,0,0,0,0,0,0,0
121285,1,1,0,0,0,23,0,0,13,0,0,0
121285,2,1,0,27,0,0,0,10,24,24,0,0
121286,1,1,0,0,0,0,0,12,0,13,20,19
121287,1,1,0,16,0,0,0,0,0,0,0,2
121288,0,1,0,0,0,0,0,0,0,0,0,0
121289,0,1,0,0,0,0,0,0,0,0,0,0
121289,1,1,0,0,0,0,0,0,0,0,0,11
121290,0,1,0,0,0,0,0,0,12,26,0,0
121290,1,1,0,0,0,0,0,0,0,12,0,0
121291,1,1,0,0,0,0,0,0,0,0,0,0
121291,2,1,5,5,5,5,5,5,5,5,5,5
121292,1,1,8,0,0,0,0,0,0,13,0,0
121292,2,1,0,0,0,0,0,0,0,0,0,0
121293,0,1,0,0,0,9,0,0,0,0,0,0
121293,1,1,0,0,0,0,0,34,5,0,0,0
121294,1,1,19,19,19,19,19,19,19,19,19,19
121294,2,1,0,0,0,0,14,0,0,18,0,0
121295,1,1,0,0,0,0,0,0,0,0,0,0
121296,1,1,0,0,0,0,0,0,0,0,0,0
121296,2,1,0,0,0,0,0,0,0,0,0,0
121297,1,1,14,22,21,20,0,14,37,16,23,27
121297,2,1,0,0,14,0,0,0,0,0,0,0
121298,1,1,0,0,0,0,0,0,0,0,0,0
121298,2,1,0,0,0,23,0,0,0,0,6,0
121299,1,1,0,0,0,0,0,0,0,0,0,0
121300,0,1,25,16,0,0,0,0,0,0,0,0
121300,1,1,0,19,0,0,0,20,0,0,0,0
121301,1,1,4,0,0,0,0,0,0,0,0,0
121301,2,1,0,0,0,0,0,0,0,0,0,0
121302,1,1,9,24,8,14,18,7,0,0,0,11
121302,2,1,0,0,4,0,0,0,0,0,0,0
121303,1,1,29,29,29,29,29,29,29,29,29,29
121303,2,1,0,0,0,0,0,0,0,0,0,0
121304,0,1,0,0,28,0,0,0,18,0,0,2
121304,1,1,14,0,0,0,0,0,0,0,0,0
121305,1,1,0,0,0,0,0,0,0,0,0,0
121305,2,1,0,0,0,0,0,0,0,0,0,0
121306,1,1,0,0,0,0,0,0,0,0,0,0
121308,1,1,0,0,0,0,0,0,0,0,0,0
121309,0,1,0,17,20,0,0,10,27,22,17,5
121309,1,1,0,0,0,0,0,0,0,0,0,0
121310,1,1,0,0,0,0,0,0,0,0,0,0
121310,2,1,0,0,0,0,0,0,0,0,0,0
121311,1,1,0,0,0,0,0,0,0,0,0,0
121312,0,1,15,0,0,0,0,0,0,0,0,0
121312,1,1,0,0,0,0,0,0,0,0,0,0
121313,1,1,19,19,19,19,19,19,19,19,19,19
121314,0,1,23,0,0,20,0,0,0,0,24,3
121314,1,1,0,0,0,0,0,0,0,16,0,0
121314,2,1,0,0,0,0,0,0,9,0,0,0
121315,0,1,34,23,35,6,17,11,19,5,23,18
121315,1,1,0,0,0,0,0,0,0,0,0,0
121316,1,1,0,0,4,0,16,21,0,0,16,0
121316,2,1,0,0,0,0,0,0,0,0,0,0
121317,1,1,0,0,0,0,0,0,0,0,0,0
121317,2,1,0,0,0,0,0,0,0,0,0,0
121318,1,1,0,0,0,0,0,0,0,0,0,0
121318,2,1,0,28,0,0,0,0,0,0,0,0
121319,0,1,0,0,0,0,0,0,0,0,0,0
121319,1,1,0,0,21,0,0,14,0,0,0,0
121320,0,1,23,23,23,23,23,23,23,23,23,23
121320,1,1,0,0,0,0,0,0,0,0,0,0
121321,1,1,0,0,0,0,0,0,0,0,0,0
121321,2,1,0,0,0,0,0,0,0,0,0,0
121322,1,1,0,11,0,0,11,0,0,0,0,0
121322,2,1,0,0,0,0,0,12,0,0,0,21
121323,1,1,0,0,0,0,0,0,0,0,0,0
121323,2,1,0,0,0,0,0,0,0,0,0,0
121324,0,1,0,0,19,3,29,22,0,23,13,0
121324,1,1,0,0,0,0,0,0,0,0,0,0
121325,1,1,0,0,0,0,0,0,0,0,0,0
121326,0,1,19,0,0,6,9,20,0,31,0,0
121326,1,1,4,0,36,17,14,0,10,23,12,11
121327,1,1,0,0,0,0,0,0,0,0,0,0
121327,2,1,0,16,34,19,0,0,13,19,0,17
121328,1,1,0,0,0,0,0,0,0,0,0,0
121328,2,1,0,0,0,0,0,0,0,0,0,0
121329,1,1,10,10,10,10,10,10,10,10,10,10
121330,0,1,0,0,0,0,0,0,0,0,0,0
121330,1,1,0,0,0,0,0,0,0,0,0,0
121331,1,1,0,0,0,0,0,0,0,0,0,0
121331,2,1,0,0,0,0,0,0,0,0,0,0
121332,1,1,0,0,0,0,0,0,0,0,0,0
121333,1,1,0,16,0,14,0,0,0,0,0,0
121333,2,1,0,0,0,0,24,0,0,0,0,0
121334,0,1,0,0,0,0,0,0,0,0,19,0
121334,1,1,21,0,0,3,0,18,29,0,0,0
121335,1,1,0,0,0,0,0,0,0,0,0,0
121336,1,1,14,14,14,14,14,14,14,14,14,14
121337,1,1,17,17,17,17,17,17,17,17,17,17
121338,1,1,0,0,0,0,0,0,0,0,0,0
121339,1,1,0,0,0,0,0,0,0,0,0,0
121339,2,1,0,0,0,0,0,0,0,2,0,0
121340,0,1,0,0,0,0,0,0,0,0,0,0
121340,1,1,0,0,15,0,28,0,0,0,0,0
121341,1,1,0,0,0,0,0,0,0,0,22,0
121342,1,1,0,0,0,0,0,0,0,0,0,0
121343,1,1,0,0,33,0,0,25,0,0,0,0
121344,1,1,0,14,0,0,0,0,0,0,0,18
121344,2,1,14,14,14,14,14,14,14,14,14,14
121345,0,1,0,0,0,0,0,0,0,0,0,0
121345,1,1,0,0,0,0,0,0,0,0,26,0
121346,1,1,10,10,10,10,10,10,10,10,10,10
121347,1,1,0,4,0,0,0,0,0,0,20,0
121348,1,1,0,0,0,0,0,0,0,0,0,0
121348,2,1,0,0,0,0,0,0,0,0,0,0
121349,1,1,0,0,0,0,0,0,0,0,0,16
121349,2,1,0,0,0,0,0,0,0,0,0,0
121350,1,1,0,0,0,0,0,0,0,0,0,0
121350,2,1,0,0,0,0,0,0,0,0,0,0
121351,1,1,0,0,0,0,0,0,0,0,0,0
121351,2,1,0,0,0,0,0,0,0,0,0,0
121353,1,1,6,0,0,0,0,0,0,0,0,0
121353,2,1,0,0,0,0,0,0,0,0,0,0
121354,1,1,11,18,18,15,21,23,17,22,21,16
121355,0,1,17,19,0,0,0,27,0,0,0,7
121355,1,1,15,0,0,0,0,0,0,0,0,0
121356,1,1,0,0,0,0,0,0,0,0,0,0
121356,2,1,0,0,0,0,0,0,0,0,0,0
121358,1,1,16,16,16,16,16,16,16,16,16,16
121358,2,1,17,17,17,17,17,17,17,17,17,17
121358,3,1,12,0,0,0,0,11,0,0,0,0
121358,4,1,0,0,0,0,0,7,3,23,0,0
121359,1,1,0,0,0,0,0,0,0,0,0,0
121359,2,1,0,0,0,0,0,0,0,0,0,0
121359,3,1,0,0,0,0,0,0,0,0,0,0
121360,1,1,0,0,0,0,0,0,0,0,0,0
121361,1,1,27,27,27,27,27,27,27,27,27,27
121362,0,1,6,14,0,0,16,0,14,37,0,0
121362,1,1,0,21,0,0,0,0,0,0,0,0
121363,1,1,0,0,0,18,0,0,0,0,0,16
121363,2,1,0,0,0,0,0,0,0,0,0,0
121364,0,1,0,0,0,0,0,0,0,0,0,0
121364,1,1,0,0,0,0,0,0,0,0,0,0
121365,0,1,0,0,0,0,0,0,0,0,0,0
121365,0,2,0,0,0,0,0,0,0,0,0,0
121365,1,1,8,0,15,6,15,6,0,17,14,0
121366,1,1,0,0,0,0,0,0,0,0,0,0
121366,2,1,0,0,17,0,13,0,0,0,0,0
121367,1,1,18,18,18,18,18,18,18,18,18,18
121367,2,1,0,0,0,0,0,0,0,0,0,0
121368,0,1,0,0,0,0,0,0,0,0,0,43
121368,1,1,0,0,0,0,0,0,0,0,0,31
121369,1,1,0,0,0,0,0,0,0,0,0,0
121370,1,1,0,0,0,0,0,0,0,0,0,0
121370,2,1,0,0,0,0,0,0,0,0,0,0
121371,1,1,28,28,28,28,28,28,28,28,28,28
121372,1,1,0,0,0,0,0,0,0,0,0,0
121373,1,1,0,0,8,0,0,0,0,0,0,0
121373,2,1,0,0,0,0,0,0,0,0,0,0
121373,3,1,7,0,0,0,0,16,0,0,0,0
121374,1,1,0,0,0,0,0,0,0,0,0,0
121374,2,1,3,3,3,3,3,3,3,3,3,3
121375,1,1,0,0,0,0,0,0,0,0,0,0
121375,2,1,0,0,0,8,0,0,0,0,0,0
121377,0,1,0,32,0,0,0,0,0,0,0,0
121377,1,1,0,0,0,0,16,0,0,0,0,0
121378,1,1,0,0,0,0,0,0,0,0,0,0
121378,2,1,0,0,0,0,0,0,0,0,0,0
121379,1,1,0,0,0,0,0,0,0,4,19,0
121380,1,1,0,0,0,0,0,0,0,0,0,0
121380,2,1,0,0,0,0,0,0,0,0,0,0
121381,1,1,15,15,15,15,15,15,15,15,15,15
121382,1,1,0,0,0,0,0,0,0,0,0,0
121382,2,1,0,0,0,0,0,0,0,0,0,0
121383,0,1,29,29,29,29,29,29,29,29,29,29
121383,1,1,0,0,0,0,0,0,0,0,0,0
121384,1,1,18,18,18,18,18,18,18,18,18,18
121384,2,1,0,0,25,0,0,0,0,0,0,0
121384,3,1,0,0,0,0,0,0,0,0,0,12
121385,1,1,0,0,0,0,0,0,0,0,0,0
121385,2,1,0,0,0,0,0,0,0,0,0,0
121386,1,1,0,0,0,0,0,0,0,0,0,0
121386,2,1,19,19,19,19,19,19,19,19,19,19
121387,1,1,0,0,0,0,0,0,0,0,0,0
121387,2,1,0,0,0,0,0,0,0,0,0,0
121388,1,1,0,0,0,0,0,0,0,0,0,0
121388,2,1,0,0,0,0,0,0,0,0,0,0
121389,1,1,0,0,0,0,0,0,0,0,0,0
121389,2,1,0,0,0,0,0,0,0,0,0,0
121390,1,1,0,0,0,0,0,0,0,0,0,0
121390,2,1,0,0,0,0,22,0,0,0,0,0
121391,1,1,0,0,0,15,0,0,6,0,0,0
121391,2,1,0,0,0,0,0,0,0,0,0,0
121392,1,1,11,0,0,22,32,20,0,12,0,7
121393,1,1,0,0,0,0,8,0,0,0,0,0
121394,1,1,0,0,0,16,0,0,0,0,0,0
121394,2,1,0,0,0,0,0,0,0,0,0,0
121395,1,1,0,0,5,14,0,0,0,4,14,0
121395,2,1,0,0,0,0,0,0,0,0,0,0
121395,3,1,0,0,0,0,0,0,0,0,0,0
121396,1,6,0,0,0,0,19,0,0,9,0,0
121396,2,1,0,0,0,0,20,0,0,0,0,0
121397,1,1,0,0,0,0,0,0,0,0,0,0
121397,2,1,0,0,0,0,0,0,0,0,0,0
121400,1,1,18,0,0,0,0,0,0,0,0,0
121400,2,1,0,0,0,19,0,0,0,22,0,0
121401,0,1,0,0,0,27,0,21,0,23,0,0
121401,1,1,0,3,0,0,12,0,0,0,0,0
121402,1,1,0,14,0,0,43,15,27,34,21,7
121403,0,1,0,0,0,0,0,0,0,0,0,0
121403,1,1,0,0,0,0,0,0,0,0,0,0
121404,1,1,13,13,13,13,13,13,13,13,13,13
121405,0,1,0,0,0,0,0,0,0,0,0,0
121405,1,1,0,6,0,0,0,0,0,0,0,0
121406,1,1,14,14,14,14,14,14,14,14,14,14
121407,1,1,0,0,0,0,0,0,0,0,0,0
121408,1,1,16,16,16,16,16,16,16,16,16,16
121408,2,1,0,0,12,0,14,0,0,10,0,0
121409,1,1,0,0,0,0,0,0,0,0,0,0
121409,2,1,0,0,0,0,0,0,0,0,0,0
121409,3,1,0,0,0,0,0,0,0,0,0,0
121410,1,1,0,0,0,0,0,0,0,0,0,0
121410,2,1,0,0,0,0,0,0,0,0,0,0
121411,0,1,17,15,32,0,0,0,16,40,16,36
121411,1,1,4,0,0,0,0,0,0,0,0,20
121412,1,1,0,0,0,0,0,0,0,0,0,0
121412,2,1,0,0,0,0,0,0,0,0,0,0
121414,1,1,17,17,17,17,17,17,17,17,17,17
121414,2,1,0,0,0,0,0,0,0,0,0,0
121415,0,1,18,12,0,24,20,0,35,16,41,19
121415,1,1,13,0,0,0,0,0,0,0,0,0
121416,1,1,0,0,0,0,0,0,0,0,0,0
121417,1,1,0,0,0,0,0,0,0,0,0,0
121417,2,1,0,0,0,0,0,0,8,0,0,0
121418,1,2,10,17,22,20,0,10,0,0,18,11
121419,1,1,0,0,0,0,0,0,0,0,0,0
121419,2,1,0,0,0,0,0,0,0,0,0,0
121419,3,1,0,0,0,0,0,0,0,0,0,0
121419,4,1,0,0,0,0,0,0,0,0,0,0
121420,1,1,0,0,0,0,0,0,0,0,0,0
121420,2,1,0,0,0,0,0,0,0,0,0,0
121421,1,1,0,0,0,0,0,0,0,0,0,0
121421,2,1,9,0,0,14,0,0,0,11,0,0
121422,1,1,0,0,0,0,0,0,0,0,0,0
121422,2,1,0,0,0,0,0,0,0,0,12,0
121423,1,1,0,0,0,0,0,0,0,0,0,0
121423,2,1,0,0,0,0,0,0,0,0,0,0
121423,3,1,0,0,0,0,0,0,0,0,0,0
121424,1,1,0,0,0,0,0,0,0,0,0,0
121424,2,1,0,0,0,0,0,0,0,0,0,0
121425,1,1,0,0,0,0,0,0,0,0,0,0
121425,2,1,0,23,0,0,0,0,0,0,0,9
121426,1,1,0,0,0,0,0,0,0,0,0,0
121427,1,1,0,0,14,29,9,38,6,19,24,0
121428,1,1,16,16,16,16,16,16,16,16,16,16
121429,1,1,0,0,0,0,0,0,0,0,0,0
121429,2,1,0,0,0,12,0,0,0,0,0,0
121430,1,1,11,0,0,0,0,0,0,0,0,0
121432,1,1,22,22,22,22,22,22,22,22,22,22
121433,1,1,0,0,0,0,0,0,0,0,0,0
121433,2,1,0,0,0,0,0,0,0,0,0,0
121434,1,1,0,28,0,0,0,0,0,0,0,0
121435,0,1,0,0,0,0,0,0,0,0,0,0
121435,1,1,0,0,0,0,0,0,0,0,0,0
121436,1,1,0,18,0,38,0,0,0,0,37,0
121437,0,1,0,24,0,0,0,0,13,0,0,0
121437,1,1,0,0,0,0,0,0,0,0,0,0
121438,1,1,0,0,0,0,0,0,0,0,0,0
121438,2,1,0,0,0,0,0,0,0,0,0,0
121439,1,1,0,0,0,0,0,0,0,0,0,0
121439,2,1,0,0,0,0,0,0,0,0,0,0
121440,1,1,12,12,12,12,12,12,12,12,12,12
121440,2,1,0,0,0,0,0,0,0,0,14,0
121441,0,1,0,0,0,0,0,0,0,0,0,0
121441,1,1,0,0,0,0,0,0,0,0,0,0
121442,0,1,0,0,0,0,0,0,0,0,0,0
121442,1,1,0,0,0,0,0,0,0,25,19,0
121443,0,1,17,17,17,17,17,17,17,17,17,17
121443,1,1,0,0,0,0,0,0,0,0,2,0
121444,1,1,0,0,0,0,0,0,0,0,0,0
121444,2,1,20,0,14,15,0,0,0,0,20,0
121445,1,1,0,0,0,0,0,0,0,0,0,0
121446,1,1,21,20,0,0,0,13,0,0,0,19
121447,1,1,0,0,9,0,21,0,0,0,0,0
121447,2,1,0,0,0,0,0,0,0,0,0,0
121448,1,1,15,0,3,0,0,0,0,0,0,0
121448,2,1,0,0,0,0,0,0,0,0,0,0
121449,1,1,0,0,0,0,0,0,0,0,0,0
121450,0,1,2,2,2,2,2,2,2,2,2,2
121450,1,1,0,10,0,0,0,0,0,0,0,0
121451,1,1,0,0,0,0,0,18,0,0,0,0
121451,2,1,0,0,12,0,17,0,9,0,0,0
121452,1,1,28,0,0,0,0,0,26,0,0,0
121452,2,1,0,0,0,0,0,0,0,0,0,0
121453,0,1,6,16,0,14,0,9,24,0,0,0
121453,1,1,21,0,0,11,0,16,0,0,0,0
121454,1,1,15,15,15,15,15,15,15,15,15,15
121455,0,1,0,0,0,0,0,13,0,0,4,0
121455,1,1,0,0,0,0,0,0,0,0,0,0
121456,1,1,0,0,0,0,0,0,0,0,0,0
121456,2,1,0,0,0,9,0,0,0,0,0,0
121456,3,1,0,0,0,0,0,0,0,0,0,0
121456,4,1,0,0,0,0,0,0,0,11,0,0
121457,1,1,0,0,0,0,0,0,0,0,0,0
121457,2,1,0,0,0,0,0,0,0,0,0,0
121458,0,1,31,31,31,31,31,31,31,31,31,31
121458,1,1,0,34,0,0,11,0,0,0,0,0
121459,0,1,0,0,0,0,13,0,0,0,0,0
121459,1,1,0,0,0,0,0,0,0,0,0,0
121460,1,1,0,0,0,0,0,0,0,0,0,17
121460,2,1,0,0,0,0,0,0,0,0,0,17
121461,1,1,0,0,0,0,0,0,0,0,0,0
121461,2,1,0,0,0,0,0,0,20,23,0,0
121462,0,1,0,0,0,0,8,6,0,0,0,0
121462,1,1,0,11,0,0,25,0,21,0,0,19
121463,0,1,30,0,0,0,0,0,0,0,49,0
121463,0,2,22,0,0,0,0,0,0,0,0,16
121463,1,1,0,0,0,21,0,0,0,0,0,0
121464,1,1,0,0,0,0,0,0,0,0,0,0
121465,1,1,0,0,0,0,4,0,0,0,0,9
121465,2,1,0,0,0,0,0,3,22,0,9,0
121466,1,1,0,0,0,0,0,0,0,0,0,0
121466,2,1,0,0,0,0,0,0,0,0,0,0
121466,3,1,0,0,17,0,0,0,0,0,0,0
121467,0,1,0,0,0,0,0,0,0,0,0,0
121467,1,1,0,0,14,0,0,0,0,0,0,0
121468,1,1,22,22,22,22,22,22,22,22,22,22
121469,1,1,0,0,17,0,17,0,0,0,0,11
121469,2,1,0,0,0,0,0,0,0,0,0,0
121470,0,1,9,9,9,9,9,9,9,9,9,9
121470,1,1,15,0,0,0,0,0,0,0,0,0
121471,1,1,0,0,0,0,0,0,0,0,0,0
121471,2,1,0,0,0,0,0,0,0,0,0,0
121472,1,1,0,0,0,0,0,0,0,0,0,0
121472,2,1,0,0,0,0,0,0,0,0,0,0
121473,1,1,0,26,0,0,0,0,0,0,0,0
121473,2,1,0,0,0,0,0,0,0,0,0,0
121474,0,1,0,0,0,0,0,0,0,0,0,0
121474,1,1,0,0,0,8,0,0,0,0,0,0
121475,0,1,0,0,0,0,0,0,0,0,0,0
121475,1,1,0,0,0,0,0,0,0,0,0,0
121476,1,1,9,9,9,9,9,9,9,9,9,9
121477,1,1,0,0,0,0,0,0,0,0,0,0
121477,2,1,0,0,0,0,0,0,0,0,0,0
121478,1,1,0,0,0,0,0,0,0,0,0,0
121478,2,1,0,0,0,0,0,0,0,0,0,0
121479,1,1,14,0,0,0,0,0,29,0,7,0
121480,1,1,0,0,0,0,0,0,0,0,0,0
121480,2,1,0,0,0,0,0,0,0,0,0,0