ST_CASE,VEH_NO,PER_NO,P1,P2,P3,P4,P5,P6,P7,P8,P9,P10
121481,1,1,0,0,0,0,0,0,0,0,0,0
121481,2,1,0,0,0,0,0,0,0,0,0,0
121481,3,1,0,0,0,0,0,0,0,0,0,0
121481,4,1,0,0,0,0,0,0,0,0,0,8
121482,0,1,0,0,0,0,0,0,0,0,0,0
121482,1,1,0,0,0,0,0,16,0,0,10,0
121483,1,1,0,0,0,0,0,0,0,0,0,0
121483,2,1,0,0,0,0,0,0,0,0,0,0
121484,0,1,0,0,0,23,0,16,31,0,0,0
121484,1,1,0,17,0,0,0,16,0,14,20,0
121485,0,1,11,18,0,0,0,0,16,0,0,0
121485,1,1,0,0,0,0,0,0,0,0,0,0
121486,1,1,21,21,21,21,21,21,21,21,21,21
121488,1,1,0,0,0,0,0,0,0,0,0,0
121488,2,1,0,0,0,0,0,0,0,0,5,0
121489,1,1,0,0,0,0,0,0,0,0,0,0
121489,2,1,0,0,0,0,0,0,0,0,0,0
121490,1,1,0,0,0,0,0,0,0,0,0,0
121491,1,1,0,0,0,0,0,0,0,17,26,0
121491,2,1,0,0,0,0,0,0,0,0,0,0
121492,0,1,36,0,0,0,0,0,0,0,0,0
121492,1,1,0,0,0,0,13,0,0,25,0,0
121493,1,1,0,0,0,0,0,0,0,0,10,0
121493,2,1,0,0,0,0,0,0,0,0,0,0
121493,3,1,0,0,0,0,0,0,0,0,0,0
121494,1,1,0,0,0,0,0,0,0,0,28,0
121494,2,1,0,0,0,0,0,0,0,0,0,0
121495,1,1,0,0,0,0,0,0,0,0,0,0
121496,1,1,0,0,0,0,0,0,0,0,0,0
121496,2,1,8,8,8,8,8,8,8,8,8,8
121497,1,1,23,23,23,23,23,23,23,23,23,23
121499,1,1,0,0,0,0,0,0,0,0,0,0
121499,2,1,0,0,0,0,0,0,0,0,0,0
121500,1,1,0,0,0,0,0,0,0,0,0,0
121501,1,1,0,0,0,0,0,0,0,0,0,0
121501,2,1,0,0,0,0,0,0,0,0,0,0
121502,0,1,0,0,0,0,0,0,0,5,0,0
121502,1,1,0,0,0,0,0,0,0,0,0,0
121503,1,1,6,0,0,0,0,0,0,0,0,0
121503,2,1,0,0,0,0,0,0,0,0,0,0
121504,1,1,0,0,0,0,0,0,0,0,0,0
121505,1,1,0,0,0,0,0,0,18,0,0,0
121506,1,1,0,0,0,0,0,0,0,0,0,0
121507,1,1,0,0,0,0,0,0,0,21,0,0
121507,2,1,0,0,0,0,0,0,0,0,0,0
121508,0,1,0,0,0,0,0,0,0,0,0,0
121508,1,1,0,13,0,0,0,8,0,0,0,7
121509,1,1,0,0,36,0,10,16,14,19,0,0
121509,2,1,0,0,0,0,0,0,0,0,0,0
121510,1,1,0,0,0,0,0,0,0,0,0,0
121510,2,1,0,0,0,0,0,0,0,0,0,0
121511,1,1,26,0,0,0,0,0,0,0,0,0
121511,2,1,0,0,0,0,0,0,0,0,0,0
121512,1,1,0,0,0,0,0,0,0,0,10,0
121513,0,1,33,33,33,33,33,33,33,33,33,33
121513,1,1,0,0,0,0,0,0,0,0,0,0
121514,1,1,0,0,0,0,0,0,0,0,0,0
121514,2,1,18,0,0,0,0,7,0,0,0,0
121515,0,1,0,0,0,0,0,0,0,0,0,0
121515,1,1,0,0,18,0,0,0,0,0,0,0
121516,0,1,31,18,16,25,29,10,0,5,17,5
121516,1,1,0,0,0,0,0,0,0,0,0,0
121518,1,1,0,0,0,0,0,15,0,0,0,0
121518,2,1,0,0,0,0,0,0,0,0,0,0
121519,1,1,22,22,22,22,22,22,22,22,22,22
121520,0,1,21,21,21,21,21,21,21,21,21,21
121520,1,1,21,21,21,21,21,21,21,21,21,21
121521,1,1,10,10,10,10,10,10,10,10,10,10
121522,1,1,0,0,0,0,0,0,0,0,0,0
121522,2,1,0,0,0,21,0,0,0,0,0,0
121523,1,1,0,0,0,0,0,0,0,0,0,0
121523,2,1,0,0,0,0,0,0,0,0,0,0
121524,1,1,0,0,0,0,0,0,0,0,0,0
121524,2,1,0,0,0,0,0,0,0,0,0,0
121525,1,1,0,0,0,0,0,0,0,0,0,0
121526,1,1,0,0,0,0,0,0,0,0,0,0
121526,2,1,0,0,0,0,0,0,0,0,0,0
121527,1,1,0,0,0,0,0,0,0,0,14,0
121527,2,1,0,0,0,0,0,0,0,0,0,0
121527,3,1,0,0,0,0,0,0,0,0,0,0
121527,4,1,0,0,0,0,0,0,0,0,0,9
121527,5,1,0,0,0,0,0,0,0,0,0,7
121528,1,1,0,0,0,0,0,0,0,0,0,0
121528,2,1,0,0,0,0,0,0,0,0,0,0
121529,1,1,0,0,0,0,0,0,0,0,0,0
121529,2,1,22,0,0,0,10,0,0,0,0,0
121530,1,1,0,0,0,0,0,0,0,0,0,0
121531,0,1,0,0,0,0,29,0,16,0,0,0
121531,1,1,27,9,15,0,41,9,4,14,11,22
121533,1,1,0,0,0,0,0,0,0,0,0,0
121533,2,1,13,0,0,0,0,0,0,0,0,0
121534,1,1,0,8,40,0,18,0,12,0,0,0
121535,1,1,19,19,19,19,19,19,19,19,19,19
121536,0,1,29,29,29,29,29,29,29,29,29,29
121536,1,1,0,0,0,0,0,0,0,0,0,0
121537,1,1,0,3,0,0,0,0,0,0,0,0
121537,2,1,13,0,0,0,0,0,0,0,0,0
121538,1,1,0,0,0,0,0,0,0,0,0,0
121538,2,1,0,0,0,0,0,0,0,0,0,0
121539,1,1,7,7,7,7,7,7,7,7,7,7
121540,0,1,38,0,0,0,0,0,0,16,0,0
121540,0,2,0,0,0,26,0,0,0,0,0,0
121540,0,3,0,0,0,0,0,0,0,0,0,0
121540,0,4,0,0,0,0,0,0,0,0,0,0
121540,1,1,0,0,0,0,0,0,0,0,0,0
121541,1,1,0,0,0,0,0,0,0,0,0,0
121541,2,1,0,0,0,0,0,0,18,0,0,0
121541,3,1,0,0,0,0,0,0,0,0,0,0
121543,1,1,0,0,0,0,7,0,0,0,0,0
121543,2,1,0,0,0,0,0,0,0,0,0,0
121544,1,1,27,0,0,0,0,0,0,0,0,0
121545,0,1,0,0,0,0,0,6,14,0,0,17
121545,1,1,12,20,17,0,5,16,14,18,18,17
121546,1,1,0,0,0,0,0,0,0,0,0,0
121546,2,1,0,0,0,0,0,0,0,0,0,0
121548,0,1,36,36,36,36,36,36,36,36,36,36
121548,1,1,0,10,9,0,8,14,0,0,17,7
121548,2,1,0,0,0,0,19,0,0,0,0,0
121549,0,1,20,25,7,26,6,11,5,34,27,24
121549,1,1,22,29,0,0,0,0,0,0,17,3
121550,0,1,8,8,8,8,8,8,8,8,8,8
121550,0,2,0,0,0,0,0,0,23,0,0,0
121550,1,1,0,0,0,0,0,0,0,0,0,0
121551,0,1,21,21,21,21,21,21,21,21,21,21
121551,1,1,0,0,0,0,0,0,0,0,0,0
121551,2,1,0,0,0,0,0,0,15,0,0,4
121552,0,1,0,0,0,0,0,0,0,0,0,0
121552,1,1,0,0,0,0,0,0,0,0,0,0
121553,1,1,0,0,0,0,0,0,0,0,0,0
121554,1,1,8,0,0,0,0,0,0,0,0,0
121554,2,1,0,0,0,0,0,0,0,0,0,0
121554,3,1,0,0,0,0,0,0,0,0,0,0
121555,1,1,0,0,0,0,0,0,0,0,0,0
121555,2,1,0,0,0,0,0,0,0,0,0,0
121556,1,1,0,0,0,0,0,0,0,0,0,0
121556,2,1,0,0,0,0,0,0,0,0,0,0
121557,1,1,0,0,0,0,0,0,0,0,0,0
121557,2,1,0,0,0,0,0,0,0,0,0,0
121558,0,1,0,0,0,0,0,0,0,0,0,0
121558,1,1,9,0,0,0,0,0,0,0,0,0
121559,1,1,0,20,0,26,15,16,0,0,0,0
121560,1,1,0,0,0,0,0,0,0,0,0,0
121561,1,1,25,0,0,0,0,0,0,16,0,0
121561,2,1,0,0,0,0,0,0,14,0,0,0
121562,1,1,0,0,0,0,0,0,0,0,0,0
121562,2,1,0,0,0,0,0,0,0,0,0,0
121563,0,1,0,0,0,0,0,0,0,0,0,0
121563,1,1,0,0,0,0,0,0,0,0,0,0
121564,1,1,0,0,0,0,0,0,0,0,0,0
121565,1,1,11,11,11,11,11,11,11,11,11,11
121566,0,1,26,26,26,26,26,26,26,26,26,26
121566,1,1,0,0,0,0,0,0,0,0,0,0
121567,0,1,34,34,34,34,34,34,34,34,34,34
121567,1,1,11,19,0,0,7,22,3,0,0,0
121568,1,1,0,0,0,0,0,0,0,0,0,0
121569,1,1,0,0,0,0,0,0,0,0,0,0
121569,2,1,0,0,0,0,0,0,0,0,0,0
121570,0,1,19,19,19,19,19,19,19,19,19,19
121570,1,1,0,0,0,0,0,0,0,0,0,0
121571,1,1,0,0,0,0,0,0,0,0,0,0
121572,0,1,0,0,0,0,0,0,0,0,0,0
121572,1,1,14,14,14,14,14,14,14,14,14,14
121573,0,1,43,0,30,42,0,0,0,40,0,0
121573,1,1,0,0,0,10,0,0,0,0,0,0
121574,0,1,0,0,7,0,19,0,10,2,36,21
121574,1,1,4,0,5,20,17,32,25,12,14,23
121575,1,1,0,0,0,0,0,0,0,0,0,0
121575,2,1,0,0,0,0,0,0,0,6,0,0
121576,1,1,0,0,0,0,0,0,0,0,0,0
121577,1,1,0,0,0,0,0,0,0,0,0,0
121577,2,1,0,0,0,0,0,0,0,0,0,0
121578,1,1,12,12,12,12,12,12,12,12,12,12
121579,1,1,0,0,0,0,0,0,0,0,0,0
121579,2,1,0,0,0,0,0,0,0,0,0,0
121580,0,1,0,22,19,0,8,15,26,0,7,0
121580,2,1,0,0,20,0,0,0,0,0,0,0
121582,1,1,0,0,0,0,0,0,0,0,0,0
121582,2,1,0,0,0,0,0,0,0,0,0,0
121583,1,1,0,16,0,0,0,0,0,0,0,0
121583,2,1,0,7,0,4,0,12,17,0,5,0
121584,0,1,4,4,4,4,4,4,4,4,4,4
121584,1,1,0,0,0,0,0,0,0,0,0,0
121585,1,1,0,0,0,0,0,0,0,0,0,0
121586,0,1,0,0,0,0,0,0,26,0,0,0
121586,1,1,0,7,20,29,0,19,25,33,0,18
121587,0,1,0,0,0,0,0,0,0,0,0,0
121587,1,1,23,3,5,15,12,0,42,0,0,20
121588,0,1,17,7,0,0,20,0,34,0,0,0
121588,1,1,0,4,0,0,0,0,12,8,0,26
121589,1,1,0,0,0,0,0,0,0,0,0,0
121589,2,1,0,0,0,0,0,0,0,0,0,0
121590,1,1,0,0,0,0,0,0,0,6,12,0
121590,2,1,0,0,0,0,0,0,0,0,0,0
121592,0,1,31,31,31,31,31,31,31,31,31,31
121592,1,1,0,0,0,0,0,0,0,0,0,0
121593,0,1,0,0,0,0,0,0,0,0,0,0
121593,1,1,0,0,0,0,0,0,0,0,0,0
121594,0,1,0,0,0,0,0,0,0,0,0,0
121594,1,1,0,0,0,0,0,0,0,0,0,0
121595,1,1,0,0,0,0,0,0,0,0,0,0
121595,2,1,0,0,0,0,0,0,0,0,0,0
121596,1,1,16,16,16,16,16,16,16,16,16,16
121597,0,1,18,0,0,0,10,7,3,43,0,21
121597,1,1,0,0,0,0,0,0,0,0,0,6
121598,1,1,18,18,18,18,18,18,18,18,18,18
121599,0,1,0,0,0,0,0,0,0,0,0,0
121599,1,1,0,0,0,0,0,0,0,0,0,0
121600,1,1,26,26,26,26,26,26,26,26,26,26
121601,1,1,0,0,0,0,0,0,10,15,0,0
121601,2,1,0,0,0,0,0,20,0,0,0,15
121602,0,1,0,0,0,0,0,0,0,0,0,0
121602,1,1,0,0,0,0,0,0,0,0,0,0
121603,1,1,0,0,10,0,0,0,0,0,0,0
121603,2,1,0,0,0,0,0,12,0,0,0,0
121604,1,1,22,0,8,0,0,0,0,0,0,0
121604,2,1,0,24,0,0,0,0,0,0,0,0
121604,3,1,0,0,0,0,0,0,0,0,0,0
121605,1,1,0,0,0,0,0,0,0,0,0,0
121605,2,1,0,0,23,0,0,0,0,0,0,0
121606,1,1,7,7,7,7,7,7,7,7,7,7
121606,2,1,0,0,0,0,0,0,0,0,0,0
121607,0,1,13,14,18,29,50,13,26,11,38,11
121607,1,1,0,0,0,0,0,0,0,0,0,12
121608,1,1,0,0,0,0,0,0,0,0,0,0
121609,1,1,16,16,16,16,16,16,16,16,16,16
121610,1,1,0,0,0,0,0,0,0,0,0,0
121611,1,1,0,0,0,0,0,0,0,0,0,1
121612,0,1,0,0,0,0,0,0,0,0,0,0
121612,1,1,0,0,0,0,21,0,0,0,0,0
121613,1,1,0,16,0,0,0,0,20,0,0,0
121613,2,1,0,0,0,0,14,0,0,0,0,17
121614,1,1,22,14,25,11,4,8,20,15,17,22
121615,1,1,0,0,0,0,0,0,0,0,0,0
121615,2,1,0,0,0,0,0,5,0,0,0,0
121616,0,1,0,11,19,22,0,0,0,0,0,0
121616,1,1,0,0,18,0,0,0,0,0,0,0
121617,0,1,0,0,0,0,55,0,24,11,0,26
121617,1,1,14,18,0,0,0,0,37,0,0,9
121619,1,1,0,0,0,0,0,0,0,0,0,0
121619,2,1,0,0,0,0,0,0,0,0,0,0
121619,3,1,0,0,0,0,0,0,0,0,0,19
121620,1,1,0,0,0,0,0,0,0,16,0,0
121620,2,1,0,0,0,0,0,0,0,0,0,0
121622,1,1,17,17,17,17,17,17,17,17,17,17
121623,1,1,7,12,25,19,17,12,44,5,29,17
121623,2,1,0,0,0,0,0,0,0,0,0,0
121624,1,1,0,0,0,0,0,0,0,0,0,0
121624,2,1,5,5,5,5,5,5,5,5,5,5
121625,0,1,0,0,0,0,0,0,0,0,17,0
121625,1,1,0,0,0,0,0,0,0,0,0,0
121626,0,1,0,0,0,0,0,0,0,0,0,0
121626,1,1,0,0,0,0,0,0,0,0,0,0
121627,1,1,14,14,14,14,14,14,14,14,14,14
121627,2,1,0,0,0,0,0,0,0,0,25,0
121628,1,1,22,22,9,10,13,22,3,6,12,19
121629,1,1,8,8,8,8,8,8,8,8,8,8
121630,1,1,0,0,0,0,0,0,0,0,0,0
121630,2,1,0,0,0,0,0,0,0,0,0,0
121631,0,1,1,1,1,1,1,1,1,1,1,1
121631,1,1,0,16,0,6,0,0,0,19,0,0
121632,1,1,24,24,24,24,24,24,24,24,24,24
121632,2,1,0,0,0,0,0,0,0,0,0,0
121633,0,1,0,0,0,0,0,0,0,0,0,0
121633,1,1,0,0,0,0,0,0,0,0,0,0
121634,1,1,0,0,0,0,0,0,0,0,0,0
121634,2,1,0,0,0,0,0,0,20,0,0,0
121635,1,1,15,15,15,15,15,15,15,15,15,15
121637,0,1,0,0,0,0,0,0,0,0,0,0
121637,1,1,0,0,0,0,0,0,0,0,0,0
121638,1,1,13,0,0,0,15,33,15,29,0,20
121639,1,1,0,0,0,0,0,0,0,0,0,0
121639,2,1,0,0,0,0,0,0,0,0,0,0
121640,1,1,0,0,0,0,0,0,0,0,0,0
121640,2,1,0,0,0,0,0,0,0,0,0,14
121641,1,1,0,0,0,0,0,0,0,0,0,0
121641,2,1,0,0,0,0,0,0,0,0,0,0
121641,3,1,0,0,0,0,0,0,0,0,0,0
121641,4,1,0,0,0,0,0,0,0,0,0,0
121642,1,1,0,29,17,0,0,13,0,0,17,0
121642,2,1,20,20,20,20,20,20,20,20,20,20
121643,0,1,0,0,0,0,0,0,0,0,0,0
121643,1,1,0,0,0,0,0,0,0,0,0,0
121644,1,1,15,15,15,15,15,15,15,15,15,15
121645,1,1,12,12,12,12,12,12,12,12,12,12
121646,1,1,16,16,16,16,16,16,16,16,16,16
121647,1,1,0,0,0,0,0,28,0,0,0,0
121647,2,1,0,0,0,0,0,0,0,0,0,0
121648,0,1,0,0,0,0,0,0,32,0,0,0
121648,1,1,0,0,0,7,0,21,17,10,11,0
121649,0,1,0,0,0,0,0,0,0,0,0,0
121649,1,1,0,0,3,0,0,0,0,0,0,0
121651,1,1,0,0,0,0,0,0,0,0,0,0
121651,2,1,0,0,0,0,0,0,0,0,0,0
121652,0,1,0,0,0,0,0,0,0,0,0,0
121652,1,1,3,0,0,0,0,0,15,8,0,8
121652,2,1,0,0,0,0,4,0,22,11,0,0
121652,3,1,0,0,0,0,0,0,0,0,0,0
121653,1,1,0,0,0,10,0,0,0,0,0,0
121653,2,1,0,0,0,0,0,0,0,0,0,0
121653,3,1,0,0,0,0,0,0,0,0,0,0
121653,4,1,0,0,0,0,0,0,0,0,0,0
121654,1,1,0,7,0,0,0,17,0,0,0,0
121655,1,1,0,0,17,10,10,0,0,13,22,25
121655,2,1,0,0,0,0,0,0,0,0,0,0
121656,0,1,0,0,0,0,30,0,0,0,22,0
121656,1,1,0,0,0,0,0,0,0,0,0,8
121656,2,1,0,0,0,0,0,0,0,0,0,0
121657,1,1,24,24,24,24,24,24,24,24,24,24
121658,1,1,0,0,0,0,0,0,0,0,0,0
121659,1,1,0,0,0,0,0,0,0,0,0,0
121659,2,1,0,0,0,0,0,0,0,0,0,0
121660,1,1,3,3,3,3,3,3,3,3,3,3
121661,0,1,19,19,19,19,19,19,19,19,19,19
121661,1,1,5,5,5,5,5,5,5,5,5,5
121662,1,1,0,0,0,0,0,0,0,0,0,0
121662,2,1,0,0,0,0,0,0,0,0,0,0
121662,3,1,0,0,0,0,0,0,0,0,0,0
121663,1,1,0,0,0,0,0,0,0,0,0,0
121663,2,1,0,0,0,0,0,0,0,0,0,0
121664,1,1,0,0,0,0,0,0,0,0,0,0
121664,2,1,0,0,0,0,0,0,0,0,0,0
121665,0,1,0,0,0,0,0,0,0,0,0,0
121665,1,1,0,0,0,0,0,0,0,0,0,0
121666,1,1,0,0,0,0,20,0,0,0,0,0
121666,2,1,0,0,0,0,0,0,8,0,0,0
121667,1,1,0,0,24,0,0,0,0,0,0,0
121667,2,1,0,0,0,0,0,0,0,0,0,0
121668,1,1,0,0,0,0,0,0,0,0,0,0
121669,1,1,0,11,0,19,0,0,10,0,0,0
121669,2,1,0,0,0,0,22,0,0,0,9,0
121670,1,1,14,0,29,0,0,3,0,0,0,18
121670,2,1,5,23,14,0,15,0,0,0,4,25
121671,0,1,0,0,0,0,0,0,0,0,0,0
121671,1,1,8,0,0,9,0,0,12,20,0,6
121672,0,1,0,0,0,0,0,0,0,0,0,0
121672,1,1,7,5,13,8,25,17,20,17,17,10
121673,1,1,19,19,19,19,19,19,19,19,19,19
121674,1,1,0,0,0,0,0,11,0,0,0,19
121674,2,1,0,0,0,0,0,0,0,0,0,0
121675,1,1,21,21,21,21,21,21,21,21,21,21
121676,1,1,0,0,0,0,0,0,0,0,0,0
121676,2,1,0,0,0,0,0,0,0,0,0,0
121677,1,1,1,1,1,1,1,1,1,1,1,1
121678,1,1,0,0,0,0,0,0,0,0,0,0
121678,2,1,0,0,0,0,0,0,0,0,0,0
121678,3,1,0,0,0,0,0,0,0,0,0,0
121678,4,1,0,0,0,0,0,0,0,0,0,0
121679,1,1,13,13,13,13,13,13,13,13,13,13
121680,0,1,0,0,0,22,29,0,0,20,21,21
121680,1,1,0,0,0,0,0,0,0,0,0,0
121681,1,1,26,26,26,26,26,26,26,26,26,26
121682,1,1,0,0,0,0,0,0,0,0,0,0
121683,1,1,17,17,17,17,17,17,17,17,17,17
121684,0,1,0,0,0,0,0,0,0,0,0,0
121684,0,2,0,0,0,21,0,0,6,0,0,0
121684,1,1,0,0,0,0,0,0,0,0,0,0
121685,1,1,25,0,0,0,0,0,0,0,7,0
121686,1,1,0,0,0,0,0,0,0,0,0,0
121686,2,1,0,0,0,0,0,0,0,0,0,0
121687,1,1,3,3,3,3,3,3,3,3,3,3
121688,1,1,19,19,19,19,19,19,19,19,19,19
121688,2,1,0,0,0,0,0,0,0,0,0,0
121689,0,1,39,0,7,0,0,0,0,0,0,23
121689,1,1,15,0,7,0,0,13,0,11,0,5
121691,0,1,0,0,0,0,0,0,0,0,0,0
121691,1,1,0,0,0,0,0,0,0,0,8,12
121692,1,1,0,0,0,0,0,0,0,0,0,0
121692,2,1,0,0,0,0,0,0,0,0,0,0
121693,1,1,12,12,12,12,12,12,12,12,12,12
121694,0,1,0,0,0,19,0,0,0,0,0,0
121694,1,1,18,11,16,8,0,11,16,29,14,8
121695,1,1,0,0,0,0,0,0,0,0,0,0
121695,2,1,0,0,0,0,0,0,0,0,0,0
121696,1,1,0,0,0,0,0,0,0,0,0,0
121696,2,1,0,0,0,0,0,0,0,0,0,0
121697,1,1,0,10,0,5,8,14,0,6,16,17
121697,2,1,0,0,0,0,0,0,0,0,0,0
121698,1,1,0,0,0,0,0,0,0,0,0,0
121699,1,1,0,13,5,8,32,7,12,4,8,28
121700,1,1,0,0,0,0,0,0,0,0,0,0
121700,2,1,0,0,0,0,0,0,0,0,0,0
121701,0,1,0,0,14,0,0,0,0,0,0,0
121701,1,1,0,0,0,0,0,0,0,0,0,0
121702,1,1,0,0,0,0,0,0,0,0,0,0
121702,2,1,0,0,0,0,0,0,0,0,0,0
121704,1,1,0,0,0,0,0,15,6,0,0,0
121704,2,1,0,0,0,0,0,0,0,0,0,0
121705,1,1,0,0,0,0,0,0,0,0,0,0
121705,2,1,0,0,0,0,0,0,0,0,0,0
121705,3,1,0,10,0,6,19,0,0,0,0,0
121706,1,1,0,0,0,0,0,0,0,0,0,0
121706,2,1,0,0,0,0,0,0,0,7,0,0
121706,3,1,0,0,0,0,0,0,0,0,0,0
121707,1,1,14,14,14,14,14,14,14,14,14,14
121707,2,1,0,0,0,0,0,11,0,0,18,0
121708,0,1,0,0,0,0,0,0,0,21,0,0
121708,0,2,0,0,0,0,0,0,0,0,0,0
121708,1,1,0,0,0,0,0,0,0,0,0,0
121709,1,1,2,2,2,2,2,2,2,2,2,2
121709,2,1,0,0,0,0,0,0,0,0,0,0
121709,3,1,0,0,0,0,0,0,0,0,0,0
121710,1,1,0,0,0,0,0,0,0,0,0,0
121710,2,1,0,0,0,0,0,0,0,0,0,0
121711,1,1,0,0,0,0,0,0,0,0,0,0
121712,0,1,10,15,18,13,4,26,16,6,11,21
121712,1,1,0,0,0,0,0,0,0,0,0,0
121714,2,1,0,0,0,0,0,0,0,0,0,0
121715,1,1,13,13,13,13,13,13,13,13,13,13
121715,2,1,19,19,19,19,19,19,19,19,19,19
121716,1,1,16,16,16,16,16,16,16,16,16,16
121716,2,1,0,0,0,0,0,0,0,0,0,5
121717,1,1,0,0,0,0,0,0,0,0,0,0
121718,1,1,0,0,0,0,0,0,0,0,0,0
121718,2,1,0,0,0,0,0,0,0,0,0,0
121719,1,1,0,0,0,0,0,0,0,0,0,0
121719,2,1,0,0,0,0,0,0,0,0,0,0
121720,1,1,13,13,13,13,13,13,13,13,13,13
121720,2,1,0,0,0,0,0,0,0,0,0,0
121721,1,1,0,0,0,0,0,0,0,0,0,0
121721,2,1,0,0,0,0,0,0,0,0,0,0
121722,0,1,13,13,13,13,13,13,13,13,13,13
121722,2,1,8,0,0,27,12,11,15,0,0,0
121722,3,1,0,0,0,0,0,0,0,0,0,0
121723,0,1,0,0,0,0,0,0,0,0,0,0
121723,1,1,0,0,0,0,0,0,0,0,0,0
121724,1,1,0,0,0,0,0,0,0,0,0,0
121724,2,1,0,0,0,0,0,0,0,0,0,0
121724,3,1,0,0,0,0,0,0,0,0,0,0
121724,4,1,0,0,0,0,0,0,0,0,0,0
121725,0,1,0,0,0,0,0,0,0,0,0,26
121725,1,1,0,0,0,17,10,0,11,0,0,0
121725,2,1,13,11,17,20,0,0,7,7,0,21
121726,1,1,0,0,0,0,0,0,0,0,0,0
121727,0,1,0,11,23,0,14,0,30,0,0,0
121727,1,1,0,12,0,0,25,0,0,0,0,0
121728,1,1,0,0,0,0,0,0,0,0,0,0
121728,2,1,0,0,0,5,0,0,0,9,0,0
121729,1,1,0,0,0,0,0,0,0,0,0,0
121729,2,1,0,0,0,0,4,0,0,17,0,0
121730,0,1,28,8,14,0,0,8,0,0,0,0
121730,1,1,0,13,0,0,0,0,0,0,0,0
121731,0,1,21,0,26,0,0,0,0,0,0,0
121731,1,1,0,0,0,0,0,0,0,10,0,0
121732,1,1,0,0,0,0,0,0,0,0,0,3
121732,2,1,0,0,11,15,0,11,0,0,12,0
121733,1,1,0,0,0,0,0,0,0,0,0,0
121733,2,1,0,0,0,0,0,0,0,0,0,0
121734,0,1,0,0,0,19,0,0,0,0,0,0
121734,1,1,0,0,0,0,0,0,26,0,0,16
121735,1,1,8,8,8,8,8,8,8,8,8,8
121736,0,1,20,8,32,0,13,8,39,8,8,25
121736,1,1,0,0,0,0,0,0,12,0,0,0
121737,1,1,0,0,0,0,0,0,0,0,0,0
121737,2,1,0,0,0,0,0,0,0,0,0,0
121738,1,1,0,0,0,28,0,0,0,0,7,0
121738,2,1,0,0,0,0,0,0,0,0,0,0
121739,1,1,0,17,0,0,0,0,0,0,0,0
121739,2,1,0,0,0,11,0,0,0,0,0,0
121740,1,1,0,0,0,15,0,0,13,0,0,24
121740,2,1,0,0,0,0,0,0,0,0,0,0
121741,1,1,0,16,0,9,2,0,0,0,0,0
121741,2,1,0,0,0,0,13,0,0,17,0,0
121742,1,1,0,0,0,0,0,0,0,0,0,0
121743,1,1,25,25,25,25,25,25,25,25,25,25
121744,1,1,0,0,0,0,0,0,0,0,0,0
121745,1,1,0,0,0,0,0,0,0,0,0,0
121745,2,1,0,22,9,17,0,7,0,0,0,0
121747,1,1,0,0,0,0,0,0,0,0,0,0
121747,2,1,0,0,0,0,0,0,0,0,0,0
121748,1,1,0,0,0,0,0,0,0,0,0,0
121748,2,1,0,0,0,0,0,0,0,0,0,0
121749,0,1,0,0,0,0,0,0,0,0,0,0
121749,1,1,0,0,19,0,0,0,0,0,0,0
121750,1,1,0,0,0,0,0,0,0,0,0,0
121751,1,1,0,0,0,0,0,0,0,0,0,0
121752,1,1,9,9,9,9,9,9,9,9,9,9
121752,2,1,0,0,0,0,0,0,0,0,20,0
121753,0,1,0,0,0,0,0,0,0,0,0,0
121753,1,1,22,0,0,0,0,0,0,0,0,0
121753,2,1,0,0,0,0,0,0,0,0,0,0
121754,1,1,6,6,31,11,24,27,12,16,20,7
121754,2,1,0,0,0,0,0,0,0,0,15,17
121755,1,1,0,0,0,0,0,0,0,0,0,0
121755,2,1,0,0,0,0,0,0,0,0,0,0
121757,1,1,0,0,0,0,4,8,0,4,0,0
121757,2,1,0,0,0,0,0,0,0,0,0,24
121758,1,1,0,0,0,0,0,0,0,0,0,0
121759,1,1,0,0,0,0,0,0,12,0,0,0
121759,2,1,0,0,0,0,0,0,0,0,0,0
121760,1,1,0,0,0,0,0,0,0,0,0,0
121760,2,1,0,0,0,0,0,0,0,0,0,0
121761,1,1,0,12,0,6,3,0,0,27,7,10
121761,2,1,0,0,0,0,0,0,0,0,0,0
121762,1,1,18,18,18,18,18,18,18,18,18,18
121763,1,1,0,0,0,0,0,0,0,0,0,0
121763,2,1,0,0,0,0,0,0,0,0,0,0
121764,1,1,0,0,0,0,0,0,9,0,0,0
121764,2,1,0,0,0,0,0,0,0,0,0,0
121765,1,1,0,0,0,0,0,0,0,0,0,0
121766,0,1,19,0,21,0,0,30,0,0,57,0
121766,1,1,0,0,0,0,0,3,0,0,0,0
121767,0,1,0,31,6,0,30,0,38,47,26,0
121767,1,1,0,0,0,0,0,0,15,0,0,0
121768,1,1,0,0,0,0,0,0,0,0,0,0
121769,1,1,0,8,13,23,27,3,14,11,22,24
121769,2,1,6,6,6,6,6,6,6,6,6,6
121769,3,1,7,8,27,0,0,0,28,0,18,21
121769,4,1,4,4,4,4,4,4,4,4,4,4
121770,1,1,27,27,27,27,27,27,27,27,27,27
121770,2,1,7,7,7,7,7,7,7,7,7,7
121771,1,1,0,0,0,0,0,0,0,0,0,0
121771,2,1,0,17,0,4,0,0,0,0,0,0
121772,0,1,0,0,0,0,0,0,0,0,0,0