ST_CASE,VEH_NO,PER_NO,P1,P2,P3,P4,P5,P6,P7,P8,P9,P10
121772,1,1,0,0,0,0,0,0,0,0,0,0
121773,1,1,0,0,0,0,0,0,0,0,0,0
121774,1,1,18,3,0,0,0,19,0,21,0,0
121775,1,1,0,0,0,0,0,0,0,0,0,0
121775,2,1,0,0,0,0,0,0,0,0,0,0
121776,1,1,0,0,0,0,0,0,0,0,0,0
121776,2,1,0,0,0,0,0,0,0,0,0,0
121778,0,1,0,0,0,0,0,19,0,0,0,0
121778,1,1,0,0,0,0,0,0,0,0,0,0
121779,1,1,0,0,0,0,0,0,0,0,0,0
121779,2,1,0,0,0,0,0,0,0,0,0,0
121780,1,1,0,0,0,0,0,0,0,0,0,0
121780,2,1,0,0,0,0,0,0,0,0,0,0
121781,1,1,24,32,0,0,15,37,19,22,54,0
121783,0,1,27,27,27,27,27,27,27,27,27,27
121783,1,1,0,0,0,0,0,0,0,0,0,0
121784,1,1,0,0,0,0,0,0,0,0,0,30
121785,1,1,7,9,18,5,18,6,21,6,17,3
121785,2,1,0,0,0,0,0,0,0,0,0,0
121785,3,1,0,0,0,0,0,0,0,0,0,18
121785,4,1,0,0,0,0,0,0,0,0,13,0
121787,0,1,17,17,17,17,17,17,17,17,17,17
121787,1,1,0,0,17,0,0,4,7,14,0,0
121788,1,1,0,25,0,0,0,9,0,0,0,0
121788,2,1,0,0,0,0,0,0,0,0,0,0
121789,1,1,0,6,50,0,35,19,0,0,15,0
121790,1,1,0,0,0,0,0,0,0,0,0,0
121790,2,1,0,0,0,0,0,0,0,0,0,0
121791,1,1,0,0,0,0,0,0,0,0,0,0
121791,2,1,0,0,0,0,0,0,0,0,0,0
121792,1,1,28,28,28,28,28,28,28,28,28,28
121793,0,1,0,0,0,14,0,0,0,0,0,0
121793,1,1,0,0,14,0,0,0,0,0,0,0
121794,1,1,0,0,13,0,0,0,0,30,0,0
121794,2,1,0,0,0,0,0,11,0,0,0,0
121795,0,1,28,0,13,20,11,34,8,12,29,15
121795,1,1,16,11,14,0,15,0,2,13,21,11
121796,1,1,0,0,0,0,0,0,0,0,0,0
121796,2,1,0,0,0,0,0,0,0,0,0,0
121797,1,1,23,23,23,23,23,23,23,23,23,23
121798,1,1,0,0,0,0,0,0,0,0,0,0
121798,2,1,0,0,0,0,30,0,7,0,0,0
121800,1,1,14,14,14,14,14,14,14,14,14,14
121800,2,1,14,0,0,0,0,0,0,0,0,0
121801,1,1,0,0,0,0,0,0,0,0,0,0
121801,2,1,0,0,0,0,0,0,0,0,0,0
121802,0,1,15,15,15,15,15,15,15,15,15,15
121802,1,1,19,0,0,0,14,13,5,0,15,0
121803,1,1,0,0,0,0,0,0,0,0,0,0
121803,2,1,0,0,0,0,0,0,0,0,0,0
121804,1,1,0,0,0,0,26,0,0,0,18,0
121805,0,1,6,0,0,30,0,14,0,36,12,0
121805,1,1,0,0,3,0,0,0,0,0,0,7
121806,1,1,0,0,0,0,0,0,0,0,0,0
121806,2,1,0,0,0,0,0,0,0,0,0,0
121806,3,1,0,0,0,0,0,0,0,0,0,0
121806,4,1,0,0,0,0,0,0,0,0,0,0
121806,5,1,0,0,0,0,0,0,0,0,0,0
121807,0,1,0,0,0,0,0,0,0,0,0,0
121807,1,1,0,0,0,0,0,21,0,0,0,0
121808,1,1,0,0,0,0,0,0,0,0,0,0
121808,2,1,0,0,0,0,0,0,0,0,0,0
121809,0,1,0,0,0,0,0,0,0,0,0,0
121809,1,1,0,0,0,0,0,0,16,0,0,0
121810,1,1,2,2,2,2,2,2,2,2,2,2
121811,1,1,0,0,0,0,0,0,0,0,0,0
121811,2,1,0,32,0,0,0,0,0,0,0,0
121813,0,1,0,0,0,0,0,0,0,0,0,0
121813,1,1,0,0,0,0,0,0,0,0,0,0
121814,1,1,0,0,0,0,0,0,0,30,0,0
121814,2,1,0,0,0,0,0,0,0,0,0,0
121815,1,1,0,0,0,0,0,0,0,0,0,0
121815,2,1,0,0,0,0,0,0,0,0,0,0
121815,3,1,0,0,0,0,0,0,0,0,0,0
121815,4,1,0,0,0,0,0,0,0,0,0,0
121816,1,1,2,2,2,2,2,2,2,2,2,2
121817,1,1,14,14,14,14,14,14,14,14,14,14
121817,2,1,0,0,0,0,0,0,0,0,0,0
121818,1,1,0,0,0,0,0,0,0,0,0,0
121818,2,1,0,0,0,0,0,0,0,0,0,0
121820,1,1,0,0,0,0,0,0,0,0,0,0
121820,2,1,0,0,0,0,0,0,0,0,0,0
121820,3,1,0,0,0,0,0,0,0,0,0,0
121821,1,1,0,0,0,0,0,0,0,0,0,0
121822,1,1,0,0,0,0,0,0,0,0,0,0
121822,2,1,0,0,0,0,0,0,0,0,0,0
121823,1,1,0,0,0,0,0,0,0,0,0,0
121823,2,1,0,0,0,0,0,0,0,0,0,0
121824,1,1,0,0,0,0,0,0,0,0,0,0
121824,2,1,0,0,0,0,0,0,0,0,0,0
121824,3,1,0,0,19,0,0,0,0,0,0,0
121825,1,1,0,0,0,0,0,0,0,0,0,0
121825,2,1,0,0,0,0,0,0,0,0,0,0
121826,1,1,0,0,0,0,0,0,12,0,0,0
121826,2,1,0,0,0,0,0,0,0,0,0,0
121826,3,1,13,0,0,0,0,0,0,0,16,0
121826,4,1,0,0,0,0,0,0,12,0,0,0
121826,5,1,0,0,0,0,0,0,0,0,0,0
121827,0,1,0,0,0,0,0,0,0,0,0,13
121827,1,1,0,0,0,0,0,0,0,0,0,10
121828,1,1,0,0,0,0,0,0,0,0,0,0
121828,2,1,0,0,0,0,0,0,0,0,13,0
121828,3,1,0,0,0,0,0,22,0,0,0,0
121829,1,1,0,0,0,0,0,0,0,0,0,0
121830,1,1,0,0,0,0,0,0,0,0,0,0
121831,1,1,0,0,0,0,0,15,0,0,0,0
121831,2,1,0,6,0,0,0,0,0,0,0,0
121832,1,1,47,11,6,20,8,16,13,16,21,6
121832,2,1,0,0,0,0,0,0,0,0,0,0
121834,0,1,0,0,0,0,0,0,0,20,0,18
121834,1,1,0,0,0,0,0,0,16,0,6,0
121835,1,1,14,14,14,14,14,14,14,14,14,14
121836,1,1,2,2,2,2,2,2,2,2,2,2
121837,1,1,20,20,20,20,20,20,20,20,20,20
121838,1,1,0,0,0,0,0,0,0,10,4,0
121838,2,1,0,0,0,0,0,0,0,0,0,0
121838,3,1,0,14,0,0,0,0,0,0,0,0
121838,4,1,0,0,0,0,0,0,0,0,0,0
121839,1,1,0,0,0,0,0,0,0,0,0,0
121839,2,1,0,0,0,0,0,0,0,0,0,0
121839,3,1,0,0,0,0,0,0,0,0,0,0
121840,1,1,26,26,26,26,26,26,26,26,26,26
121841,1,1,0,0,0,0,0,21,0,0,0,0
121842,1,1,0,0,0,0,0,0,0,0,0,0
121843,0,1,0,14,0,0,0,0,0,0,9,22
121843,1,1,0,0,26,10,0,0,30,0,0,0
121845,1,1,8,0,19,0,37,0,26,22,0,15
121846,0,1,15,21,0,42,15,17,37,0,17,14
121846,1,1,17,0,0,0,0,0,20,24,30,0
121847,1,1,0,0,0,0,0,0,0,0,0,0
121847,2,1,0,0,0,0,0,0,0,0,0,0
121848,1,1,0,11,0,0,0,0,0,0,0,18
121848,2,1,0,0,0,0,0,0,0,0,0,0
121849,1,1,0,0,0,0,0,0,11,0,0,0
121849,2,1,0,0,0,0,0,0,0,0,19,0
121850,1,1,12,12,12,12,12,12,12,12,12,12
121851,0,1,0,0,9,0,0,0,0,0,0,0
121851,1,1,0,0,0,0,0,0,0,0,0,0
121851,2,1,0,0,0,0,0,0,0,0,0,0
121852,1,1,0,0,0,0,0,0,0,0,0,0
121853,0,1,0,0,0,0,0,0,0,0,0,0
121853,1,1,0,0,0,0,0,0,0,0,0,0
121854,0,1,5,5,5,5,5,5,5,5,5,5
121854,1,1,8,0,0,0,0,0,0,0,0,14
121856,0,1,0,24,0,0,0,0,0,0,0,0
121856,1,1,0,0,0,0,0,20,0,0,0,0
121856,2,1,0,0,0,0,0,0,0,0,0,0
121857,1,1,0,0,0,0,0,0,0,0,0,0
121857,2,1,0,0,0,0,0,0,0,0,0,0
121857,3,1,0,0,0,0,0,0,0,0,0,0
121858,1,1,0,0,0,0,0,0,0,0,0,0
121858,2,1,0,0,0,0,0,0,0,0,0,0
121859,1,1,0,0,0,0,0,0,4,0,0,0
121859,2,1,0,0,0,0,0,0,0,8,0,0
121860,0,1,0,0,0,0,0,0,0,0,0,0
121860,1,1,0,9,0,0,0,5,0,11,0,14
121861,0,1,14,18,25,0,3,29,0,22,12,25
121861,1,1,0,0,0,0,0,24,0,0,0,0
121862,0,1,18,18,18,18,18,18,18,18,18,18
121862,1,1,0,0,0,0,0,0,0,0,0,0
121863,0,1,0,0,0,0,0,0,0,0,0,0
121863,1,1,16,21,19,0,0,0,0,0,0,0
121863,2,1,0,0,0,18,0,0,0,0,0,0
121864,0,1,32,32,32,32,32,32,32,32,32,32
121864,1,1,0,20,0,0,0,0,0,0,0,0
121865,1,1,33,33,33,33,33,33,33,33,33,33
121866,1,1,0,0,0,0,0,0,0,0,0,0
121867,1,1,29,29,29,29,29,29,29,29,29,29
121868,1,1,27,27,27,27,27,27,27,27,27,27
121869,1,1,0,0,0,0,0,10,0,0,0,0
121869,2,1,0,0,0,0,0,0,0,0,0,0
121870,0,1,0,0,0,16,0,22,24,7,0,0
121870,0,2,0,0,0,0,0,0,0,0,0,0
121870,0,3,0,0,0,0,25,0,24,0,35,0
121870,0,4,0,0,0,0,0,0,3,0,0,0
121870,0,5,0,0,0,18,0,0,20,0,0,29
121870,0,6,0,0,0,6,0,0,29,0,0,0
121870,2,1,0,0,0,0,0,0,0,0,0,0
121871,1,1,20,0,0,0,0,0,0,0,13,23
121871,2,1,0,0,0,0,0,0,0,14,0,0
121871,3,1,0,0,0,0,0,0,0,0,0,0
121873,1,1,29,29,29,29,29,29,29,29,29,29
121874,1,1,28,28,28,28,28,28,28,28,28,28
121875,1,1,0,0,0,0,0,0,0,0,0,0
121875,2,1,0,0,0,0,0,0,0,0,0,0
121876,1,1,10,10,10,10,10,10,10,10,10,10
121876,2,1,0,0,19,0,0,0,0,0,0,0
121878,1,1,0,0,0,0,0,0,0,0,0,0
121878,2,1,0,0,0,0,0,0,0,0,0,0
121879,0,1,11,11,11,11,11,11,11,11,11,11
121879,1,1,0,0,0,0,0,0,0,0,0,0
121879,2,1,0,0,0,0,0,0,0,0,15,0
121880,1,1,0,0,0,0,0,0,0,0,0,0
121880,2,1,0,0,0,0,0,0,0,0,0,0
121881,1,1,0,0,0,0,0,0,0,0,0,0
121881,2,1,0,0,0,0,0,0,0,0,0,0
121882,1,1,0,0,0,0,0,0,0,0,0,0
121883,1,1,0,0,0,0,0,0,0,0,0,0
121884,0,1,0,0,0,0,0,0,0,0,0,0
121884,1,1,0,0,0,0,0,0,0,0,0,0
121885,0,1,38,0,0,0,0,0,0,0,0,5
121885,1,1,0,0,17,0,0,0,7,0,0,0
121886,1,1,0,0,12,12,18,0,27,13,12,0
121888,0,1,0,0,0,0,16,0,0,16,0,0
121888,1,1,0,0,0,0,0,0,0,0,0,0
121889,0,1,21,21,21,21,21,21,21,21,21,21
121889,1,1,13,0,0,0,0,0,0,0,0,0
121890,1,1,21,21,21,21,21,21,21,21,21,21
121890,2,1,7,0,0,0,0,0,0,0,0,0
121890,3,1,0,0,0,0,0,0,0,0,0,18
121891,1,1,10,10,10,10,10,10,10,10,10,10
121891,2,1,0,0,0,0,16,0,0,0,0,0
121892,1,1,0,0,0,0,0,0,0,0,0,0
121892,2,1,0,0,0,0,0,0,0,0,0,0
121894,1,1,0,0,0,0,0,0,0,0,0,0
121894,2,1,0,0,0,0,0,0,0,0,0,0
121896,1,1,0,0,0,0,0,0,0,0,0,0
121896,2,1,0,0,0,0,0,0,0,0,0,0
121897,1,1,0,0,0,0,0,0,0,0,0,0
121897,2,1,0,0,0,29,0,0,0,0,0,0
121897,3,1,0,0,10,0,0,0,0,0,0,0
121898,1,1,0,0,0,0,0,0,0,0,0,0
121899,1,1,25,25,25,25,25,25,25,25,25,25
121899,2,1,0,0,0,0,0,0,0,0,0,0
121900,1,1,0,0,10,0,0,0,4,0,0,0
121900,2,1,0,0,0,0,0,0,0,0,0,0
121900,3,1,0,0,0,0,0,0,0,0,0,0
121900,4,1,0,0,0,0,0,0,0,0,0,0
121902,1,1,13,13,13,13,13,13,13,13,13,13
121902,2,1,0,0,0,13,7,0,0,0,19,0
121902,3,1,0,0,0,0,0,0,0,0,0,0
121902,4,1,0,0,11,0,0,0,0,0,0,0
121903,1,1,26,26,26,26,26,26,26,26,26,26
121903,2,1,0,0,0,0,0,0,0,0,0,0
121904,1,1,30,0,0,0,0,0,8,0,0,0
121904,2,1,0,0,19,4,0,0,0,0,0,0
121905,1,1,0,0,11,0,0,0,0,0,0,0
121905,2,1,0,0,0,0,0,0,0,0,0,0
121906,1,1,0,0,0,0,0,0,11,0,0,29
121907,0,1,13,13,13,13,13,13,13,13,13,13
121907,1,1,0,0,0,0,0,0,0,0,0,0
121908,0,1,0,0,8,0,27,0,0,0,44,0
121908,1,1,0,0,21,0,0,0,27,0,22,15
121909,1,1,0,0,0,0,0,0,0,0,0,0
121910,0,1,24,22,20,21,9,0,10,0,10,0
121910,1,1,0,15,17,14,0,8,0,37,0,0
121911,1,1,8,8,8,8,8,8,8,8,8,8
121911,2,1,0,0,0,0,0,0,0,0,0,0
121912,1,1,16,0,0,0,0,0,0,0,0,0
121912,2,1,0,0,0,0,0,0,0,0,0,0
121913,1,1,0,0,0,0,0,0,0,0,0,0
121913,2,1,0,0,0,0,0,0,0,0,0,0
121914,0,1,0,0,0,0,0,0,0,0,0,0
121914,1,1,34,36,0,0,0,0,19,0,43,16
121915,0,1,31,0,0,11,0,20,28,29,28,30
121915,1,1,0,0,0,0,0,0,0,0,0,0
121916,1,1,8,7,1,21,3,17,17,14,20,14
121916,2,1,0,15,16,7,0,0,7,0,0,0
121917,0,1,0,0,0,0,0,0,0,0,0,22
121917,1,1,0,0,0,0,0,0,0,0,0,0
121918,1,1,0,0,0,0,0,0,23,0,0,0
121918,2,1,0,0,0,0,0,0,0,0,0,0
121919,1,1,0,0,0,0,0,0,0,0,0,0
121920,1,1,0,0,0,0,0,0,0,15,0,0
121920,2,1,0,0,0,11,0,0,0,0,26,0
121920,3,1,34,0,0,0,0,0,0,0,0,0
121921,0,1,0,0,0,0,0,0,0,0,0,0
121921,1,1,0,0,0,0,0,15,0,0,14,0
121922,1,1,18,18,18,18,18,18,18,18,18,18
121922,2,1,0,0,0,0,0,0,0,0,0,0
121923,0,1,0,0,10,42,0,35,0,13,0,0
121923,2,1,10,10,7,21,8,0,0,0,17,13
121924,0,1,0,0,0,0,0,11,0,17,0,16
121924,1,1,0,0,0,0,11,14,0,0,0,31
121925,0,1,0,31,0,15,46,8,47,0,0,0
121925,1,1,0,0,18,0,0,0,0,0,32,0
121926,1,1,14,14,14,14,14,14,14,14,14,14
121927,1,1,0,0,0,0,0,0,11,0,0,0
121927,2,1,0,0,0,0,0,0,0,0,0,0
121927,3,1,0,0,0,0,0,0,0,0,9,0
121928,0,1,0,15,0,0,0,0,0,0,0,0
121928,1,1,0,0,0,0,0,0,0,0,0,0
121928,2,1,0,0,0,0,0,0,0,0,0,0
121929,1,1,0,20,0,0,0,0,0,0,0,0
121930,0,1,0,0,0,0,0,7,0,0,0,0
121930,0,2,0,0,0,0,0,24,0,0,12,0
121930,1,1,0,0,0,0,0,0,0,0,0,0
121931,1,1,0,0,0,0,0,0,0,0,0,0
121931,2,1,0,0,0,0,0,0,0,0,0,0
121932,1,1,7,13,0,25,16,28,21,26,13,15
121932,2,1,20,20,20,20,20,20,20,20,20,20
121933,1,1,0,0,0,0,0,0,0,0,0,0
121934,0,1,0,0,0,0,0,0,0,0,0,0
121934,1,1,0,0,0,0,0,0,0,0,0,0
121935,1,1,0,0,0,0,0,0,0,0,0,0
121935,2,1,0,0,0,0,11,0,0,0,0,0
121936,1,1,0,0,0,0,0,0,0,0,0,0
121936,2,1,0,0,0,0,0,26,0,0,0,0
121937,0,1,30,30,30,30,30,30,30,30,30,30
121937,1,1,0,0,0,0,0,0,0,0,0,0
121937,2,1,0,0,0,0,0,0,0,0,0,17
121938,1,1,0,0,0,0,0,0,0,0,0,0
121938,2,1,0,0,0,0,0,0,0,0,0,0
121939,1,1,0,0,0,0,0,0,0,0,0,0
121939,2,1,0,0,0,0,0,0,7,0,0,0
121940,1,1,0,0,0,0,0,0,0,0,0,0
121940,2,1,0,0,0,0,0,0,0,0,0,0
121941,0,1,0,0,0,0,0,0,0,0,0,0
121941,1,1,0,13,0,0,0,0,0,0,0,0
121942,0,1,12,15,0,0,0,26,23,0,0,0
121942,1,1,16,0,21,0,0,0,0,0,0,0
121943,1,1,0,0,0,0,0,0,0,0,0,0
121944,1,1,0,0,0,0,0,0,0,0,0,0
121944,2,1,0,0,13,0,0,0,0,0,0,0
121946,1,1,18,18,18,18,18,18,18,18,18,18
121946,2,1,0,0,0,0,0,0,0,0,0,0
121947,1,1,18,18,18,18,18,18,18,18,18,18
121948,1,1,0,0,0,0,0,0,0,0,0,0
121948,2,1,0,0,0,0,0,0,0,0,0,0
121949,1,1,0,24,0,0,0,0,0,0,0,0
121950,1,1,0,0,0,0,0,0,0,0,0,0
121950,2,1,0,0,0,0,0,0,0,0,0,0
121951,0,1,0,24,37,32,19,7,0,12,0,0
121951,1,1,0,18,0,0,0,0,0,0,0,0
121953,1,1,0,0,0,0,0,0,0,0,0,0
121953,2,1,0,0,0,0,0,0,0,0,0,0
121954,0,1,0,0,0,0,0,0,0,0,0,0
121954,1,1,0,33,0,0,23,6,0,0,0,22
121954,2,1,0,0,0,0,0,0,0,0,0,0
121954,3,1,0,11,0,0,0,0,0,11,30,0
121955,1,1,0,0,0,0,0,0,0,0,0,0
121956,1,1,0,0,0,0,0,0,0,0,0,0
121957,1,1,0,0,0,19,0,0,0,0,0,14
121957,2,1,0,0,0,0,0,0,0,0,0,0
121958,1,1,0,0,0,0,0,0,0,0,0,0
121958,2,1,0,0,0,0,0,0,0,0,0,0
121959,0,1,32,0,0,0,0,0,0,0,0,0
121959,1,1,0,0,0,0,0,29,0,0,15,0
121959,2,1,0,0,13,0,0,0,0,0,0,0
121960,1,1,0,0,0,0,0,0,0,0,0,0
121960,2,1,0,0,0,0,0,0,0,0,0,0
121961,1,1,0,0,17,10,0,0,0,0,0,0
121961,2,1,18,0,0,8,0,0,0,0,0,12
121962,0,1,0,0,12,21,0,0,0,0,0,18
121962,1,1,0,0,0,0,11,0,0,0,14,7
121963,1,1,0,0,0,0,0,0,0,0,0,0
121964,0,1,0,0,0,0,0,0,0,0,0,0
121964,1,1,0,0,0,10,0,13,0,24,0,6
121965,0,1,0,0,0,0,0,0,21,0,0,0
121965,1,1,0,0,0,0,0,0,0,7,0,2
121966,1,1,0,0,0,0,14,0,0,0,0,0
121966,2,1,5,5,5,5,5,5,5,5,5,5
121967,1,1,0,0,0,0,0,0,0,0,0,0
121968,1,1,0,0,0,0,0,0,0,0,0,0
121969,0,1,27,27,27,27,27,27,27,27,27,27
121969,1,1,17,0,18,4,6,30,16,0,26,17
121970,1,1,19,22,24,0,17,4,8,0,5,13
121971,0,1,0,0,0,0,0,0,0,0,0,0
121971,1,1,25,0,0,10,0,19,0,0,12,0
121972,1,1,0,0,0,0,0,0,0,0,0,0
121972,2,1,0,0,0,0,0,0,0,0,0,0
121973,1,1,0,0,0,19,0,0,0,24,0,0
121974,1,1,0,0,0,0,0,0,0,0,0,0
121974,2,1,0,0,0,0,0,0,0,0,0,0
121974,3,1,0,0,0,0,0,0,0,0,0,0
121975,1,1,0,0,0,10,0,18,0,0,9,0
121975,2,1,0,0,0,0,0,0,0,0,0,0
121976,1,1,0,0,0,0,0,0,0,0,0,0
121976,2,1,0,0,0,0,0,0,0,0,0,0
121977,0,1,0,0,0,0,0,0,22,0,0,13
121977,0,2,0,0,0,0,0,0,0,0,0,0
121977,0,3,0,0,0,0,0,0,0,0,14,0
121977,0,4,0,0,0,0,0,0,50,0,0,0
121977,0,5,10,21,0,0,0,0,0,0,0,0
121977,0,6,0,0,0,0,0,14,0,0,26,0
121977,1,1,10,10,10,10,10,10,10,10,10,10
121977,2,1,0,0,0,0,0,0,21,0,0,0
121977,3,1,27,0,0,15,0,0,0,0,0,0
121978,1,1,23,23,23,23,23,23,23,23,23,23
121979,1,1,6,7,13,11,10,18,17,27,21,6
121979,2,1,0,0,0,0,0,0,0,0,0,0
121980,0,1,0,0,0,0,0,0,0,0,0,0
121980,1,1,0,0,0,0,0,0,27,0,0,0
121981,0,1,24,24,24,24,24,24,24,24,24,24
121981,1,1,24,0,18,21,0,15,46,0,27,18
121982,0,1,12,0,13,41,0,23,0,0,12,19
121982,1,1,0,0,0,0,0,0,0,0,0,0
121983,1,1,0,19,0,0,0,0,0,0,0,0
121983,2,1,0,0,0,0,0,0,0,0,0,0
121984,1,1,0,0,0,19,24,0,0,0,0,0
121984,2,1,0,0,0,0,0,16,0,0,0,0
121985,1,1,0,0,0,0,0,0,0,0,0,0
121985,2,1,0,0,0,0,0,0,0,0,0,0
121986,0,1,34,34,34,34,34,34,34,34,34,34
121986,1,1,0,0,0,0,0,0,0,0,0,0
121987,1,1,0,0,0,0,0,0,0,0,0,0
121988,0,1,0,0,0,0,0,0,0,0,0,0
121988,1,1,0,0,0,0,0,0,0,0,0,0
121989,1,1,34,10,27,10,10,16,20,0,0,0
121990,1,1,0,0,23,14,0,0,0,0,0,0
121991,1,1,28,0,0,0,0,0,0,14,0,0
121992,1,1,0,0,0,0,0,0,0,0,0,0
121992,2,1,0,0,0,0,0,0,0,0,0,0
121992,3,1,0,0,0,0,0,0,0,0,0,0
121993,1,1,0,0,0,9,9,18,13,14,0,6
121994,0,1,0,25,17,0,0,32,16,0,22,19
121994,1,1,15,0,7,0,15,0,13,0,31,7
121995,1,1,0,0,0,0,18,0,0,0,0,0
121995,2,1,7,0,0,0,40,3,0,0,0,0
121996,1,1,0,0,0,35,0,0,0,0,0,0
121997,1,1,0,0,0,0,0,0,0,0,0,0
121998,1,1,0,0,0,0,0,5,0,0,0,0
121998,2,1,0,0,0,0,0,0,0,0,0,0
121998,3,1,0,0,0,0,0,0,0,0,0,0
121999,1,1,0,0,13,0,0,0,0,0,0,0
121999,2,1,0,0,0,0,0,0,0,0,0,0
122000,1,1,15,15,15,15,15,15,15,15,15,15
122001,1,1,3,3,3,3,3,3,3,3,3,3
122002,1,1,0,0,0,3,0,0,0,0,0,0
122002,2,1,0,0,0,0,0,0,0,0,0,0
122002,3,1,0,0,0,0,0,0,0,0,0,0
122003,0,1,0,0,0,0,0,0,0,0,0,0
122003,1,1,7,0,0,0,0,0,0,0,0,0
122004,1,1,14,14,14,14,14,14,14,14,14,14
122004,2,1,0,0,0,0,0,0,0,0,0,0
122004,3,1,0,0,0,9,0,0,0,0,0,0
122004,4,1,0,0,0,0,0,0,0,0,0,0
122004,5,1,0,0,0,0,0,0,0,0,0,0
122005,1,1,0,0,0,0,0,0,0,0,0,0
122005,2,1,0,0,0,0,0,0,0,0,0,0
122006,1,1,0,0,0,0,0,0,0,0,0,0
122006,2,1,0,0,0,0,0,0,0,0,0,0
122007,1,1,0,0,0,0,0,13,0,0,0,0
122008,1,1,20,0,0,18,0,0,0,20,0,0
122008,2,1,0,0,0,0,0,0,0,0,0,0
122009,1,1,0,0,0,0,0,7,0,0,0,0
122009,2,1,12,12,12,12,12,12,12,12,12,12
122010,1,1,0,0,0,0,0,0,0,0,0,0
122010,2,1,0,0,0,0,0,0,0,0,0,18
122011,1,1,0,0,0,0,0,0,0,0,0,0
122011,2,1,0,0,0,0,11,0,0,0,0,0
122012,1,1,0,0,0,18,0,0,13,0,10,6
122012,2,1,0,0,0,0,6,0,0,0,0,0
122013,0,1,29,0,18,0,0,0,0,10,0,0
122013,1,1,0,0,11,0,0,0,0,0,0,0
122014,0,1,0,0,0,35,22,0,0,11,0,0
122014,1,1,0,0,0,0,0,0,0,0,0,0
122015,0,1,0,0,0,0,0,0,0,0,0,0
122015,1,1,0,0,0,0,0,0,0,0,0,0
122016,1,1,0,0,0,0,0,0,0,0,0,0
122017,0,1,0,0,0,0,0,0,0,7,0,0
122017,1,1,0,0,0,0,0,0,0,0,0,0
122018,1,1,0,0,0,0,0,0,17,0,0,0
122018,2,1,0,0,0,0,0,0,0,0,0,0
122018,3,1,0,22,18,0,0,0,0,0,0,0
122019,0,1,0,0,0,0,0,0,0,0,0,0
122019,1,1,0,0,20,0,0,0,0,0,0,0
122019,2,1,0,0,0,0,15,0,0,7,0,0
122020,0,1,0,0,0,0,0,0,0,0,0,0
122020,1,1,0,14,0,0,0,0,0,0,0,0
122021,1,1,0,0,0,0,0,0,0,0,0,0
122021,2,1,0,0,0,0,0,0,0,0,0,0
122022,1,1,0,0,15,0,0,0,0,0,0,0
122023,1,1,0,0,0,0,0,0,0,0,0,0
122024,1,1,0,0,0,0,0,0,0,0,0,0
122025,1,1,0,0,0,0,0,0,0,0,0,0
122025,2,1,0,0,0,0,0,0,0,0,0,15
122026,0,1,0,26,11,0,0,43,0,0,0,0
122026,1,1,0,0,0,0,0,0,0,0,0,0
122028,1,1,8,8,8,8,8,8,8,8,8,8
122029,1,1,0,0,0,0,0,0,0,0,0,0
122029,2,1,13,13,13,13,13,13,13,13,13,13
122030,1,1,0,0,0,0,0,0,0,0,0,0
122030,2,1,0,0,0,0,0,0,0,0,0,0
122031,0,1,0,0,0,0,0,0,0,0,0,0
122031,1,1,0,0,0,0,3,0,0,0,0,0
122032,1,1,0,0,0,0,0,0,0,0,0,0
122032,2,1,0,0,0,0,0,0,0,0,0,0
122033,0,1,0,0,0,0,0,0,0,0,0,0
122033,1,1,0,0,0,0,0,0,0,0,0,0
122034,1,1,0,0,0,0,0,0,0,0,0,0
122034,2,1,0,0,0,0,0,0,0,0,0,0
122035,1,1,23,0,0,0,0,0,0,0,11,0
122035,2,1,0,0,0,0,0,0,0,20,0,0
122036,0,1,0,14,17,0,0,0,0,0,0,0
122036,1,1,15,0,0,15,0,0,0,0,0,3
122037,1,1,22,22,22,22,22,22,22,22,22,22
122039,1,1,0,30,0,11,0,12,0,14,0,0
122040,0,1,0,0,0,0,0,0,0,0,0,0
122040,1,1,0,0,0,0,0,0,0,23,0,0
122041,0,1,0,10,0,0,0,0,0,0,0,10
122041,1,1,0,0,0,0,0,0,30,0,0,0
122042,1,1,0,12,0,0,0,0,0,8,0,0
122043,1,1,0,20,0,0,0,0,0,0,0,0
122043,2,1,0,0,0,0,0,0,0,0,0,0
122043,3,1,0,0,0,0,21,0,0,0,0,0
122044,1,1,0,0,0,0,0,0,0,0,0,0
122044,2,1,0,0,0,0,0,0,20,0,0,0
122044,3,1,9,0,0,0,0,0,0,0,0,0
122045,1,1,0,0,0,0,0,0,0,0,0,0
122045,2,1,0,0,0,0,0,20,0,0,0,0
122045,3,1,0,0,0,0,0,0,0,0,0,0
122046,0,1,0,0,0,0,0,0,0,0,0,12
122046,1,1,5,9,12,18,17,13,20,11,24,27
122046,2,1,0,15,0,0,0,0,0,0,12,0
122047,0,1,1,1,1,1,1,1,1,1,1,1
122047,1,1,13,13,13,13,13,13,13,13,13,13
122048,1,1,3,3,3,3,3,3,3,3,3,3
122049,1,1,0,0,0,0,0,0,0,0,0,0
122050,1,1,22,22,22,22,22,22,22,22,22,22
122050,2,1,0,0,0,0,0,0,0,0,0,0
122051,1,1,27,27,27,27,27,27,27,27,27,27
122051,2,1,0,0,0,0,0,0,0,0,0,0