ST_CASE,VEH_NO,PER_NO,P1,P2,P3,P4,P5,P6,P7,P8,P9,P10
122637,2,1,0,0,0,0,0,0,0,0,21,0
122639,1,1,0,0,0,0,0,0,0,0,0,0
122641,1,1,0,0,0,0,0,0,0,0,0,0
122641,2,1,0,0,0,0,0,0,0,0,0,0
122641,3,1,0,0,0,0,0,0,0,0,0,0
122642,1,1,26,26,26,26,26,26,26,26,26,26
122644,0,1,0,0,18,0,14,0,0,0,0,0
122644,1,1,0,16,0,0,0,0,0,16,0,0
122645,0,1,13,13,13,13,13,13,13,13,13,13
122645,1,1,0,0,0,0,0,11,17,0,0,0
122646,1,1,0,0,0,0,0,0,0,0,0,0
122646,2,1,0,0,0,0,0,0,0,0,0,0
122647,0,1,0,0,0,0,0,0,0,0,0,0
122647,1,1,0,0,0,0,0,0,0,0,0,0
122649,1,1,0,0,23,11,0,0,17,0,0,0
122650,1,1,0,0,0,0,23,0,25,0,0,0
122650,2,1,0,0,0,0,0,0,0,0,0,0
122651,0,1,0,0,0,0,0,0,0,0,0,0
122651,0,2,0,0,8,13,0,0,0,0,0,0
122651,0,3,0,0,0,0,0,0,0,0,0,0
122651,1,1,5,14,20,25,27,8,24,14,25,14
122652,1,1,0,0,0,0,0,0,0,0,0,0
122652,2,1,0,0,0,0,0,0,0,0,0,0
122653,1,1,0,0,0,0,0,0,0,0,0,0
122653,2,1,0,0,0,0,0,0,0,24,19,0
122654,1,1,10,0,0,14,0,0,9,19,0,5
122656,0,1,0,0,0,0,0,0,0,0,0,0
122656,1,1,0,0,0,0,0,0,0,0,0,11
122657,1,1,5,11,0,0,0,0,18,5,0,0
122657,2,1,0,4,15,0,15,0,0,0,15,4
122658,0,1,3,3,3,3,3,3,3,3,3,3
122658,1,1,0,0,0,0,0,0,0,0,0,0
122659,0,1,0,0,0,0,0,0,0,0,0,0
122659,1,1,8,0,0,0,0,0,13,0,0,0
122661,1,1,0,0,0,0,0,0,0,0,0,0
122661,2,1,0,0,0,0,0,0,0,0,0,0
122662,0,1,9,0,0,18,0,18,0,4,18,42
122662,1,1,0,0,0,0,36,0,0,14,0,0
122663,1,1,0,20,0,0,0,0,0,0,0,0
122664,1,1,0,0,0,0,0,0,0,0,0,0
122664,2,1,0,0,0,0,23,0,4,0,0,0
122664,3,1,0,0,0,0,0,0,0,0,0,0
122665,1,1,13,13,13,13,13,13,13,13,13,13
122666,1,1,14,14,14,14,14,14,14,14,14,14
122667,0,1,0,0,0,0,0,0,0,36,0,0
122667,1,1,17,17,17,17,17,17,17,17,17,17
122668,1,1,0,0,0,0,3,0,0,0,0,31
122668,2,1,0,0,0,0,17,12,0,0,0,0
122668,3,1,0,0,0,0,0,0,0,0,0,0
122669,0,1,0,0,0,0,0,0,0,0,0,0
122669,1,1,0,0,15,0,0,0,9,0,0,0
122670,1,1,25,25,25,25,25,25,25,25,25,25
122670,2,1,0,0,0,0,0,0,0,0,0,0
122671,1,1,16,16,16,16,16,16,16,16,16,16
122671,2,1,0,0,0,0,0,0,0,0,0,0
122672,1,1,0,0,0,0,0,0,0,0,0,0
122672,2,1,0,0,0,0,0,0,0,0,0,0
122673,1,1,0,0,0,0,0,0,0,0,0,0
122673,2,1,0,0,0,0,0,0,0,0,0,0
122674,0,1,0,0,42,9,9,0,9,32,0,0
122674,1,1,0,0,0,0,13,0,0,0,0,0
122675,0,1,0,0,0,0,0,0,0,0,0,0
122675,1,1,0,0,0,0,0,0,0,0,0,0
122676,1,1,0,0,0,0,0,0,0,0,0,0
122676,2,1,0,0,0,0,0,0,0,0,0,0
122676,3,1,0,0,0,0,0,0,0,0,0,0
122677,1,1,17,0,0,0,0,0,0,8,15,0
122677,2,1,0,0,0,0,0,0,0,17,0,0
122678,0,1,0,21,0,0,0,0,0,0,0,0
122678,1,1,8,8,8,8,8,8,8,8,8,8
122678,2,1,0,0,0,0,0,0,0,0,0,0
122679,1,1,0,0,0,0,0,0,0,0,0,0
122679,2,1,0,0,0,0,0,0,0,0,0,9
122680,0,1,4,4,4,4,4,4,4,4,4,4
122680,1,1,0,0,0,0,0,0,0,0,0,0
122680,2,1,0,0,0,0,0,0,0,0,0,0
122681,0,1,20,0,10,0,0,8,0,0,0,0
122681,1,1,0,18,15,16,22,12,0,0,19,0
122682,1,1,0,0,0,0,0,0,0,0,0,0
122683,0,1,0,0,0,0,0,0,0,0,0,0
122683,1,1,0,0,0,0,11,0,0,0,0,0
122684,1,1,27,27,27,27,27,27,27,27,27,27
122684,2,1,15,0,0,0,0,0,0,0,0,0
122685,1,1,0,0,0,0,0,0,0,0,0,0
122686,1,1,0,0,13,0,0,0,0,0,0,0
122686,2,1,0,0,28,0,0,0,0,0,0,0
122687,1,1,0,0,0,0,0,0,0,0,0,0
122687,2,1,0,0,13,0,0,0,0,0,0,0
122688,1,1,0,0,0,0,0,0,0,0,0,0
122688,2,1,0,0,0,0,0,0,0,0,0,0
122689,0,1,0,0,0,0,0,0,0,0,0,0
122689,1,1,0,0,0,0,0,0,0,0,0,0
122690,1,1,0,0,0,0,0,0,14,0,0,0
122690,2,1,0,0,0,0,0,0,0,0,0,0
122690,3,1,0,0,0,0,0,0,0,0,0,0
122691,0,1,0,0,0,0,0,0,0,0,0,0
122691,1,1,0,0,0,0,0,0,0,0,0,0
122692,1,1,20,20,20,20,20,20,20,20,20,20
122693,0,1,10,12,0,15,7,8,16,0,20,17
122693,1,1,13,4,16,6,42,0,15,0,10,0
122694,0,1,0,0,0,0,0,0,0,0,39,11
122694,1,1,29,24,20,18,0,0,0,32,15,0
122695,0,1,0,0,0,0,0,0,0,0,0,0
122695,1,1,0,0,0,0,0,0,0,0,0,0
122695,2,1,0,0,14,0,0,0,0,0,0,0
122696,1,1,0,0,0,0,0,12,0,0,0,0
122696,2,1,0,0,0,0,0,0,0,0,0,0
122697,0,1,0,0,0,0,0,0,0,0,0,0
122697,1,1,0,0,0,0,0,0,0,0,0,0
122698,1,1,0,0,10,0,0,0,0,0,0,0
122698,2,1,0,0,0,0,0,0,0,0,21,0
122699,1,1,0,0,10,0,0,0,0,8,0,0
122699,2,1,0,0,0,0,5,0,0,0,0,0
122700,0,1,0,0,0,0,0,0,0,0,0,0
122700,1,1,0,0,0,0,0,0,0,0,0,0
122701,1,1,5,5,5,5,5,5,5,5,5,5
122701,2,1,0,0,0,0,0,0,13,12,0,0
122701,3,1,0,0,0,0,0,0,0,0,0,0
122702,1,1,11,13,26,10,39,27,19,13,3,21
122703,1,1,14,29,7,18,9,6,14,0,15,8
122703,2,1,4,0,0,0,0,20,15,0,0,27
122703,3,1,0,0,0,0,0,0,0,0,0,0
122704,0,1,28,28,28,28,28,28,28,28,28,28
122704,1,1,0,0,13,0,0,0,0,0,0,0
122704,2,1,10,0,14,0,0,0,0,0,0,0
122705,1,1,12,12,12,12,12,12,12,12,12,12
122706,0,1,0,0,21,0,0,21,0,12,8,14
122706,1,1,4,4,4,4,4,4,4,4,4,4
122706,2,1,5,5,5,5,5,5,5,5,5,5
122707,1,1,16,16,16,16,16,16,16,16,16,16
122708,0,1,10,10,10,10,10,10,10,10,10,10
122708,1,1,0,0,0,0,0,0,0,0,0,0
122710,0,1,0,0,0,0,0,0,0,0,0,0
122710,1,1,21,30,5,15,19,5,0,16,37,8
122711,0,1,0,0,0,0,0,0,0,0,0,0
122711,1,1,0,0,0,0,18,0,0,0,0,0
122712,1,1,20,12,0,0,0,0,0,17,0,0
122713,1,1,0,0,0,0,0,0,0,0,16,0
122714,1,1,22,0,3,0,13,0,0,16,8,0
122715,1,1,0,0,0,20,11,0,0,0,0,0
122717,1,1,3,3,3,3,3,3,3,3,3,3
122718,0,1,0,0,0,0,0,0,0,0,0,0
122718,1,1,0,0,10,0,0,14,0,0,0,0
122719,0,1,26,26,26,26,26,26,26,26,26,26
122719,1,1,0,26,0,0,0,0,0,0,0,0
122720,1,1,0,0,0,0,0,0,0,0,0,0
122720,2,1,0,0,0,0,0,0,0,0,0,0
122720,3,1,0,0,0,0,0,0,0,0,0,0
122721,1,1,26,26,26,26,26,26,26,26,26,26
122722,1,1,0,0,0,0,0,0,0,0,0,0
122722,2,1,0,0,0,0,0,0,0,0,0,0
122723,0,1,0,0,0,0,0,0,0,0,0,0
122723,1,1,11,0,0,31,0,0,0,0,0,0
122724,1,1,0,6,0,0,0,0,22,16,18,0
122724,2,1,0,0,0,0,0,0,0,0,0,0
122725,1,1,0,0,0,0,0,0,0,0,0,0
122725,2,1,0,0,0,0,0,0,0,0,0,0
122726,1,1,0,0,0,0,0,4,21,0,0,0
122726,2,1,0,0,0,0,0,0,0,15,0,0
122727,1,1,28,0,29,29,15,10,0,9,0,0
122728,1,1,0,0,0,0,0,3,0,0,0,0
122728,2,1,0,0,0,0,0,0,0,0,0,0
122729,0,1,22,12,28,16,37,12,26,22,13,0
122729,1,1,0,0,0,0,0,0,0,0,0,0
122730,0,1,15,0,0,0,0,0,0,0,0,0
122730,1,1,0,16,0,0,0,0,0,0,17,0
122730,2,1,0,0,0,0,0,0,0,0,0,24
122730,3,1,0,0,0,0,0,0,0,0,0,0
122731,0,1,0,0,0,0,0,0,0,0,0,0
122731,1,1,0,0,0,0,0,0,0,0,0,0
122733,0,1,0,0,5,0,0,0,0,0,0,0
122733,1,1,0,0,0,0,0,0,0,0,0,12
122734,0,1,0,0,0,0,0,0,0,0,0,0
122734,1,1,0,0,0,0,0,0,0,0,0,6
122735,1,1,0,0,0,0,13,0,0,0,0,0
122735,2,1,0,0,0,0,0,0,0,0,0,0
122736,0,1,0,0,0,0,0,0,0,0,0,0
122736,1,1,0,0,2,0,0,0,0,0,0,0
122737,0,1,0,0,0,0,0,0,0,0,0,0
122737,1,1,0,0,0,0,0,0,0,0,0,0
122738,1,1,15,15,15,15,15,15,15,15,15,15
122738,2,1,0,0,0,0,0,0,0,0,0,0
122739,1,1,0,0,24,0,0,8,0,0,0,0
122740,0,1,0,0,0,0,0,0,0,0,24,0
122740,1,1,0,0,0,0,0,0,14,0,0,0
122741,1,1,23,0,0,0,16,27,0,17,17,9
122742,0,1,0,0,0,0,0,0,0,0,0,0
122742,1,1,0,0,0,0,0,0,0,0,0,0
122743,1,1,0,0,0,0,0,0,0,0,0,0
122743,2,1,0,0,0,0,0,0,0,0,0,0
122744,1,1,7,7,7,7,7,7,7,7,7,7
122745,0,1,0,0,14,0,6,0,0,5,19,0
122745,1,1,4,0,21,0,0,0,0,23,11,0
122745,2,1,7,17,7,21,16,18,21,6,14,12
122746,1,1,13,13,13,13,13,13,13,13,13,13
122747,1,1,2,2,2,2,2,2,2,2,2,2
122747,2,1,0,0,0,0,0,0,0,0,0,0
122748,0,1,0,0,0,0,0,0,0,0,0,0
122748,1,1,0,0,0,0,0,0,0,0,0,0
122749,1,1,0,0,0,0,0,0,0,0,0,0
122749,2,1,0,0,0,0,0,0,0,0,0,0
122750,1,1,0,0,0,0,0,0,0,0,0,0
122750,2,1,0,0,0,0,0,0,0,0,0,0
122751,1,1,0,18,13,0,0,0,0,0,28,11
122751,2,1,0,0,0,0,0,0,0,0,0,11
122752,0,1,0,0,0,16,0,0,0,0,0,0
122752,0,2,0,0,0,0,0,0,0,21,0,0
122752,1,1,0,0,0,0,0,0,0,0,0,0
122753,1,1,0,0,0,0,0,0,0,0,0,0
122754,1,1,20,0,0,11,0,0,0,0,0,0
122754,2,1,0,0,0,0,0,0,0,0,0,0
122755,1,1,0,0,0,0,0,0,0,0,0,0
122755,2,1,0,0,0,0,0,0,0,0,0,0
122756,1,1,0,0,0,0,0,0,0,18,0,0
122756,2,1,0,0,0,0,0,0,0,0,0,0
122757,1,1,0,0,0,0,0,0,0,0,8,0
122757,2,1,0,0,0,0,0,0,0,0,0,0
122758,0,1,26,26,26,26,26,26,26,26,26,26
122758,1,1,0,0,0,0,0,0,0,0,0,0
122759,1,1,0,0,24,0,0,0,0,6,0,19
122761,1,1,0,0,0,0,0,0,0,0,0,0
122761,2,1,0,0,0,0,0,0,0,0,0,0
122761,3,1,0,0,0,0,0,0,0,0,0,8
122761,4,1,0,0,0,13,0,0,0,0,0,0
122762,1,1,0,0,0,0,0,0,0,0,0,0
122762,2,1,0,0,0,0,0,0,0,0,0,0
122763,0,1,28,28,28,28,28,28,28,28,28,28
122763,1,1,0,13,0,0,0,7,0,0,0,0
122763,2,1,0,0,0,0,0,0,0,0,0,0
122763,3,1,0,0,0,0,0,10,10,17,0,0
122764,0,1,16,16,16,16,16,16,16,16,16,16
122764,1,1,0,0,0,0,0,0,0,11,0,0
122765,1,1,0,0,0,0,0,0,0,0,14,0
122765,2,1,29,0,0,0,11,12,0,0,25,12
122766,1,1,0,0,0,0,0,0,0,0,0,0
122768,0,1,0,0,22,12,27,6,17,9,0,0
122768,1,1,0,0,0,0,0,0,0,0,4,29
122770,1,1,0,16,0,11,0,28,24,4,0,13
122771,0,1,0,0,0,0,0,0,0,0,0,0
122771,0,2,20,0,15,34,0,0,0,7,15,9
122771,1,1,0,0,0,0,0,0,0,8,0,0
122772,1,1,0,0,0,0,0,0,0,0,0,0
122772,2,1,0,0,0,0,0,0,0,0,0,0
122772,3,1,19,0,0,0,0,0,0,0,0,0
122774,0,1,12,0,0,0,0,0,0,15,0,0
122774,1,1,0,0,0,17,0,0,0,0,0,0
122776,0,1,0,0,0,0,0,0,0,0,0,0
122776,1,1,0,0,0,0,0,0,0,0,0,0
122777,1,1,4,4,4,4,4,4,4,4,4,4
122777,2,1,0,0,0,5,0,9,7,0,12,0
122778,0,1,33,13,26,14,22,42,29,9,28,21
122778,1,1,0,0,0,0,0,0,0,0,0,0
122779,0,1,0,0,0,17,0,20,34,0,7,17
122779,0,2,20,0,0,0,11,16,0,0,21,13
122779,1,1,0,0,0,0,0,0,0,0,0,0
122780,1,1,0,0,0,0,0,0,0,0,0,0
122780,2,1,0,0,0,0,0,0,0,0,0,0
122781,1,1,0,0,0,0,0,0,0,6,0,0
122782,0,1,0,32,0,0,0,0,0,0,0,0
122782,1,1,0,0,0,0,0,0,0,0,0,0
122783,1,1,0,16,0,0,0,21,0,0,0,0
122784,1,1,0,0,0,0,0,0,0,11,0,0
122784,2,1,0,0,0,0,0,0,0,0,0,0
122785,1,1,21,21,21,21,21,21,21,21,21,21
122786,1,1,0,0,0,0,0,0,0,0,0,0
122787,1,1,38,14,4,29,28,50,11,11,6,17
122788,1,1,13,13,13,13,13,13,13,13,13,13
122788,2,1,0,0,0,0,0,14,0,0,0,0
122789,0,1,0,0,21,0,0,11,13,19,33,0
122789,1,1,0,0,0,0,0,0,0,0,0,0
122790,0,1,2,2,2,2,2,2,2,2,2,2
122790,1,1,8,19,0,0,0,0,16,0,0,20
122791,1,1,0,0,0,0,0,0,0,0,0,0
122791,2,1,0,0,0,0,0,0,0,0,0,0
122792,1,1,27,27,27,27,27,27,27,27,27,27
122792,2,1,0,0,0,0,0,0,0,0,0,0
122793,1,1,0,0,0,0,0,0,0,0,0,0
122794,1,1,0,0,0,0,0,17,0,0,0,21
122795,0,1,0,0,0,0,0,0,0,0,0,0
122795,1,1,0,0,0,0,0,0,0,0,0,0
122796,1,1,0,0,0,0,0,0,0,0,0,0
122796,2,1,0,10,41,16,0,19,14,0,0,0
122798,1,1,0,0,0,0,0,0,0,0,0,0
122799,1,1,18,18,18,18,18,18,18,18,18,18
122800,1,1,25,25,25,25,25,25,25,25,25,25
122802,1,1,0,0,0,0,0,0,0,0,3,0
122802,2,1,0,0,0,0,0,0,0,0,0,0
122803,1,1,0,0,0,0,0,0,0,0,0,0
122803,2,1,0,0,0,0,0,0,0,0,0,0
122804,1,1,19,0,0,0,0,0,16,22,0,0
122804,2,1,0,0,0,0,0,0,0,0,0,0
122806,1,1,14,14,14,14,14,14,14,14,14,14
122806,2,1,0,0,0,0,0,0,0,0,0,0
122806,3,1,0,0,0,0,0,0,0,0,0,0
122806,4,1,0,0,0,0,0,0,0,0,0,0
122808,1,1,0,0,14,0,0,0,0,0,0,0
122808,2,1,0,0,0,0,0,0,0,0,0,0
122809,1,1,34,11,14,21,16,22,9,23,21,26
122809,2,1,10,10,10,10,10,10,10,10,10,10
122810,1,1,0,0,0,21,0,14,5,0,0,3
122811,1,1,7,0,0,0,0,0,0,0,0,0
122811,2,1,0,0,0,0,0,0,20,0,0,0
122812,1,1,31,31,31,31,31,31,31,31,31,31
122813,1,1,10,30,13,12,12,5,7,23,21,4
122813,2,1,8,8,8,8,8,8,8,8,8,8
122814,1,1,16,16,16,16,16,16,16,16,16,16
122815,1,1,0,0,0,0,0,0,0,0,0,0
122815,2,1,3,3,3,3,3,3,3,3,3,3
122816,0,1,5,5,5,5,5,5,5,5,5,5
122816,1,1,0,17,0,0,0,0,0,0,0,0
122817,0,1,0,0,30,0,0,0,0,0,0,0
122817,1,1,0,0,0,0,2,0,0,0,0,0
122817,2,1,8,0,0,13,0,16,0,21,0,0
122818,1,1,17,17,17,17,17,17,17,17,17,17
122818,2,1,0,0,0,0,0,0,0,0,0,0
122819,1,1,18,18,18,18,18,18,18,18,18,18
122819,2,1,0,0,0,0,0,0,0,0,0,0
122821,0,1,24,24,24,24,24,24,24,24,24,24
122821,1,1,0,0,0,0,0,0,0,0,0,0
122822,1,1,10,10,10,10,10,10,10,10,10,10
122822,2,1,0,0,0,0,0,0,0,0,0,0
122823,1,1,0,0,18,0,0,14,0,0,0,0
122824,0,1,0,0,0,0,0,0,22,0,20,0
122824,1,1,0,0,0,0,0,10,0,0,0,0
122825,1,1,0,0,0,0,0,0,0,0,0,0
122825,2,1,0,0,0,0,0,0,0,0,0,0
122826,1,1,0,0,3,22,0,14,8,0,0,32
122826,2,1,0,0,0,0,4,0,0,0,0,0
122827,1,1,12,12,12,12,12,12,12,12,12,12
122827,2,1,17,17,17,17,17,17,17,17,17,17
122828,0,1,0,0,0,0,0,0,0,0,0,0
122828,1,1,0,0,0,0,0,0,0,0,0,0
122829,0,1,0,0,0,0,0,20,0,0,0,0
122829,1,1,0,27,25,18,0,12,11,0,18,2
122830,1,1,0,0,0,0,0,0,0,0,0,0
122830,2,1,0,0,0,0,0,0,0,0,0,0
122831,0,1,0,0,0,0,0,0,0,0,0,0
122831,1,1,0,0,0,0,0,0,0,0,0,0
122832,1,1,0,0,0,0,0,0,0,0,0,0
122832,2,1,10,10,10,10,10,10,10,10,10,10
122833,0,1,0,0,0,0,0,0,0,0,0,0
122833,1,1,0,0,0,0,0,0,0,0,0,0
122834,1,1,0,0,0,0,0,0,0,0,0,0
122835,1,1,0,0,0,0,0,0,0,0,0,0
122835,2,1,0,0,0,8,0,0,0,0,0,0
122836,1,1,0,0,0,0,0,0,0,0,37,0
122836,2,1,0,0,0,0,0,0,0,0,0,0
122839,1,1,0,0,0,0,0,0,0,0,0,0
122839,2,1,0,0,0,0,0,0,0,0,0,0
122840,1,1,23,23,23,23,23,23,23,23,23,23
122841,1,1,0,0,0,0,0,0,0,0,0,0
122841,2,1,0,0,0,0,0,0,0,0,0,0
122841,3,1,0,0,0,0,0,0,0,0,0,0
122842,1,1,0,0,13,0,0,0,0,0,0,0
122842,2,1,0,0,7,0,0,0,0,0,0,0
122844,1,1,0,0,0,0,0,0,0,0,0,0
122845,1,1,7,47,0,9,8,11,14,0,15,18
122846,0,1,0,0,0,28,0,0,0,0,0,0
122846,1,1,0,0,0,0,0,0,0,0,0,0
122847,1,1,0,0,0,0,0,8,0,0,0,0
122848,1,1,20,20,20,20,20,20,20,20,20,20
122849,1,1,26,26,26,26,26,26,26,26,26,26
122849,2,1,0,0,0,0,0,0,0,0,0,0
122850,0,1,16,0,0,0,0,0,0,0,0,10
122850,1,1,0,0,18,0,0,15,0,0,0,0
122850,2,1,0,13,0,0,0,0,0,0,0,9
122851,0,1,12,15,16,15,11,22,0,19,7,15
122851,1,1,0,0,0,0,0,0,0,0,0,0
122852,0,1,0,0,0,0,0,0,5,0,0,36
122852,1,1,0,17,0,0,0,0,0,0,0,0
122852,2,1,0,0,0,0,0,0,0,0,0,0
122853,1,1,0,0,5,0,0,0,0,16,0,0
122853,2,1,0,0,0,0,0,0,0,0,0,0
122854,0,1,27,32,0,0,0,0,42,0,0,0
122854,1,1,0,0,0,0,0,0,0,0,0,0
122855,0,1,0,0,0,0,0,15,0,0,25,0
122855,1,1,0,0,0,0,0,0,0,0,0,0
122856,0,1,15,15,15,15,15,15,15,15,15,15
122856,1,1,0,0,0,0,0,0,0,0,0,0
122859,1,1,17,17,17,17,17,17,17,17,17,17
122859,2,1,0,0,0,0,0,0,0,0,0,0
122859,3,1,0,0,0,0,0,0,0,0,0,0
122859,4,1,0,0,0,0,0,0,0,0,0,0
122860,1,1,0,0,0,0,0,0,0,0,0,0
122860,2,1,0,0,0,0,0,0,0,0,0,0
122861,1,1,29,29,29,29,29,29,29,29,29,29
122863,1,1,0,0,0,15,0,0,0,0,0,0
122864,0,1,0,27,11,26,15,0,0,0,13,0
122864,1,1,0,0,0,0,0,0,0,0,0,0
122865,1,1,0,0,0,0,0,0,0,0,0,0
122865,2,1,0,0,0,0,0,0,0,0,0,0
122866,1,1,26,26,26,26,26,26,26,26,26,26
122867,1,1,0,14,15,6,0,0,14,0,5,0
122867,2,1,0,0,0,0,0,0,0,0,0,0
122868,0,1,13,0,0,0,0,8,0,39,12,15
122868,1,1,0,0,0,35,0,0,35,0,0,0
122869,0,1,18,17,15,14,15,18,32,37,17,18
122869,1,1,0,0,0,0,0,0,0,0,0,0
122871,1,1,0,0,0,0,0,0,0,0,0,0
122871,2,1,0,0,0,0,0,0,0,0,0,0
122872,1,1,0,0,0,0,0,0,0,0,0,0
122872,2,1,0,0,0,0,0,0,0,0,0,0
122873,1,1,0,0,0,0,0,0,0,0,0,0
122873,2,1,0,0,0,0,0,0,0,0,0,0
122874,1,1,28,28,28,28,28,28,28,28,28,28
122874,2,1,0,0,0,0,0,0,0,13,0,0
122875,1,1,0,0,0,0,0,0,0,12,0,0
122875,2,1,0,0,0,0,0,0,0,0,0,0
122877,0,1,8,11,18,22,25,16,0,0,18,0
122877,1,1,7,0,0,0,0,0,0,0,0,0
122878,1,1,0,0,0,0,0,0,0,0,0,0
122878,2,1,0,0,0,0,0,11,0,26,0,17
122879,1,1,8,8,8,8,8,8,8,8,8,8
122879,2,1,0,0,0,0,0,0,0,0,0,0
122880,1,1,0,0,0,0,0,0,0,0,0,0
122880,2,1,0,0,0,0,0,0,0,0,0,0
122881,0,1,1,1,1,1,1,1,1,1,1,1
122881,1,1,21,0,0,0,0,0,0,0,0,0
122882,1,1,20,20,20,20,20,20,20,20,20,20
122883,1,1,26,26,26,26,26,26,26,26,26,26
122884,1,1,0,0,0,0,0,0,0,0,0,0
122884,2,1,0,0,0,0,0,0,0,0,0,0
122885,1,1,22,26,11,14,16,20,29,13,27,39
122885,2,1,0,0,0,0,0,22,0,0,15,0
122886,0,1,0,0,0,30,0,0,0,0,0,0
122886,1,1,0,0,0,0,9,0,13,0,0,0
122887,1,1,0,0,0,0,0,0,0,0,0,0
122888,1,1,0,0,0,0,0,0,0,0,0,0
122888,2,1,0,0,0,0,0,0,0,0,0,0
122889,1,1,18,18,18,18,18,18,18,18,18,18
122889,2,1,0,0,0,0,17,0,0,0,0,9
122889,3,1,32,0,0,0,0,0,0,0,0,0
122890,1,1,0,17,0,0,0,3,0,0,0,0
122890,2,1,0,0,0,0,0,0,0,0,0,0
122891,1,1,10,10,10,10,10,10,10,10,10,10
122892,1,1,0,0,0,0,0,0,0,0,0,0
122892,2,1,0,0,0,0,0,0,0,0,0,0
122893,1,1,0,0,0,0,0,0,0,0,0,0
122893,2,1,0,0,0,0,0,0,0,0,0,0
122894,1,1,0,0,0,0,0,0,0,0,0,0
122894,2,1,0,0,0,0,0,0,0,0,0,0
122895,1,1,0,0,0,0,0,0,0,0,0,0
122895,2,1,0,0,0,0,0,0,0,0,0,0
122895,3,1,0,0,0,0,0,0,0,0,0,0
122895,4,1,0,0,0,0,0,0,0,0,0,0
122896,1,1,0,0,0,0,0,0,0,0,0,0
122896,2,1,0,0,0,0,0,41,0,0,0,0
122897,1,1,0,0,0,0,0,0,0,0,0,0
122897,2,1,0,0,0,0,0,0,0,0,0,0
122898,1,1,8,13,10,21,0,0,13,10,10,0
122899,1,1,0,0,0,0,0,0,0,15,20,0
122900,0,1,17,22,0,22,0,22,26,9,9,0
122900,0,2,10,0,0,34,0,0,0,0,0,0
122900,0,3,23,16,0,0,0,0,10,13,0,0
122900,1,1,0,25,14,14,0,15,0,0,4,15
122901,1,1,21,21,21,21,21,21,21,21,21,21
122902,0,1,0,0,0,0,0,0,0,0,0,0
122902,1,1,12,0,0,0,0,0,0,0,0,0
122903,1,1,0,0,0,0,0,0,0,0,0,0
122904,1,1,0,0,14,0,0,0,0,0,0,0
122904,2,1,0,0,0,0,0,0,0,0,0,0
122905,0,1,0,0,0,0,0,0,0,0,0,0
122905,1,1,0,0,0,0,0,0,0,0,0,0
122906,1,1,0,0,17,0,12,0,0,0,0,35
122906,2,1,0,11,0,13,0,0,0,0,15,0
122907,1,1,0,0,13,25,16,0,0,0,0,0
122907,2,1,0,0,21,12,0,0,14,0,0,0
122908,1,1,0,0,0,0,0,0,0,0,0,0
122908,2,1,0,0,0,0,0,0,0,0,0,0
122909,1,1,0,0,0,15,0,0,0,0,0,0
122910,1,1,4,4,4,4,4,4,4,4,4,4
122911,0,1,0,0,0,0,0,0,0,0,0,0
122911,1,1,36,0,0,0,29,0,31,10,6,0
122911,2,1,19,0,0,0,0,0,0,0,0,0
122912,0,1,0,0,0,0,0,15,0,0,0,0
122912,1,1,0,0,0,0,0,0,0,0,0,0
122913,1,1,20,8,17,12,7,31,16,28,29,31
122913,2,1,0,0,17,0,0,21,0,0,0,11
122913,3,1,0,0,0,0,21,0,0,0,0,0
122913,4,1,0,14,0,0,24,0,0,17,18,0
122914,1,1,0,0,0,0,0,0,0,0,0,0
122916,1,1,24,24,24,24,24,24,24,24,24,24
122916,2,1,0,0,0,0,0,0,0,0,0,0
122918,1,1,0,0,0,0,0,0,0,0,0,0
122919,1,1,17,17,17,17,17,17,17,17,17,17
122920,1,1,5,0,0,0,0,9,0,5,0,0
122921,1,1,21,21,21,21,21,21,21,21,21,21
122921,2,1,0,0,0,0,0,0,0,0,0,0
122922,0,1,0,0,0,0,0,0,0,0,0,0
122922,1,1,0,0,0,0,0,0,0,0,0,0
122923,1,1,11,19,17,16,0,10,12,20,10,30
122923,2,1,16,18,0,0,35,0,0,0,0,0
122924,1,1,0,0,0,0,0,0,0,0,0,0
122924,2,1,0,0,0,0,0,0,0,0,0,0
122924,3,1,0,0,0,0,0,0,0,32,0,0
122924,4,1,0,0,0,0,0,0,0,0,0,0
122925,0,1,19,0,30,0,0,18,0,0,0,0
122925,1,1,0,0,0,0,0,0,0,0,0,0
122926,1,1,11,15,12,13,9,15,14,8,13,17
122927,0,1,33,0,9,0,22,0,0,17,0,0
122927,1,1,0,0,0,0,0,9,0,0,0,0
122927,2,1,8,0,0,0,0,0,0,0,0,0
122929,1,1,0,0,0,0,0,13,0,0,20,0
122929,2,1,10,26,13,11,24,0,17,27,0,26
122930,0,1,0,0,0,0,0,0,0,20,0,0
122930,1,1,0,0,0,0,0,0,0,0,0,0
122931,1,1,0,0,0,0,0,0,27,0,0,0
122931,2,1,0,0,0,11,0,0,0,0,0,0