ST_CASE,VEH_NO,PER_NO,P1,P2,P3,P4,P5,P6,P7,P8,P9,P10
122932,1,1,0,0,0,0,0,0,0,0,0,0
122933,1,1,0,0,0,0,0,0,0,0,0,15
122933,2,1,0,0,0,0,0,0,0,0,0,0
122934,0,1,2,2,2,2,2,2,2,2,2,2
122934,1,1,0,0,0,0,0,0,0,0,0,0
122935,0,1,20,13,32,20,13,19,20,4,28,13
122935,1,1,0,0,0,0,0,0,0,0,0,0
122936,0,1,0,0,0,0,6,11,0,0,0,0
122936,1,1,0,0,0,0,0,0,0,0,0,0
122937,0,1,0,0,0,17,0,46,0,0,0,0
122937,1,1,14,9,21,19,7,16,22,9,11,8
122938,1,1,13,13,13,13,13,13,13,13,13,13
122939,1,1,0,6,0,0,7,0,0,0,0,0
122939,2,1,0,0,0,0,0,0,0,0,0,0
122939,3,1,0,0,0,0,0,0,0,0,0,0
122939,4,1,0,0,0,0,0,0,14,0,0,0
122939,5,1,0,0,0,0,0,0,0,0,0,0
122940,0,1,10,10,10,10,10,10,10,10,10,10
122940,1,1,0,0,0,0,0,0,0,0,0,0
122942,1,1,16,16,16,16,16,16,16,16,16,16
122943,1,1,0,0,22,23,0,39,0,0,10,0
122943,2,1,0,0,0,0,0,0,0,0,0,0
122944,1,1,0,0,0,0,0,0,0,0,0,0
122945,1,1,22,22,22,22,22,22,22,22,22,22
122947,1,1,16,12,0,7,15,0,32,19,0,0
122948,0,1,0,0,0,0,0,0,0,0,0,0
122948,1,1,0,0,0,0,0,0,0,0,0,0
122949,1,1,17,0,15,0,0,0,17,31,16,21
122949,2,1,0,0,0,0,0,0,0,0,0,0
122950,1,1,0,0,0,0,0,0,0,0,0,0
122950,2,1,0,0,0,0,0,0,0,0,0,12
122951,1,1,0,0,0,0,0,0,0,0,0,0
122952,1,1,14,14,14,14,14,14,14,14,14,14
122953,0,1,0,0,0,0,0,0,0,0,0,0
122953,1,1,0,0,0,0,0,0,0,0,0,0
122955,0,1,0,0,0,0,26,0,0,0,0,0
122955,1,1,0,0,0,0,0,0,0,0,0,0
122955,2,1,0,0,0,0,0,0,0,0,0,0
122955,3,1,0,0,0,0,0,0,0,0,0,0
122956,0,1,6,0,19,0,0,0,0,0,32,0
122956,1,1,0,0,0,0,0,0,0,0,0,0
122957,1,1,0,0,0,0,0,0,0,0,0,0
122957,2,1,11,11,11,11,11,11,11,11,11,11
122958,1,1,0,0,0,0,0,0,0,0,0,0
122958,2,1,18,0,0,0,0,9,10,0,27,0
122959,1,1,28,28,28,28,28,28,28,28,28,28
122959,2,1,0,0,0,0,0,0,0,0,0,0
122960,1,1,0,0,0,0,0,0,0,0,0,0
122960,2,1,0,0,0,0,0,0,0,0,0,0
122961,1,1,0,0,0,25,0,23,0,0,0,0
122962,1,1,0,0,0,0,0,0,0,0,0,0
122963,1,1,0,0,0,0,0,0,0,0,0,0
122963,2,1,0,0,0,0,0,0,0,0,0,0
122964,0,1,17,0,0,16,0,0,0,0,0,0
122964,0,2,0,0,0,0,0,0,0,0,0,0
122964,2,1,12,0,0,0,0,0,0,0,0,0
122965,0,1,12,0,14,22,0,0,0,0,0,13
122965,1,1,13,20,0,6,0,0,20,0,7,14
122966,1,2,0,0,15,23,0,0,0,0,0,0
122967,0,1,0,0,0,0,0,0,0,0,0,0
122967,1,1,0,0,0,0,0,0,0,0,0,0
122968,1,1,0,0,0,0,0,0,0,0,0,14
122968,2,1,18,9,0,15,0,0,0,0,0,0
122969,1,1,0,0,0,0,0,0,0,0,0,5
122969,2,1,0,14,0,0,0,0,0,0,0,0
122970,0,1,0,0,0,0,0,7,0,0,0,33
122970,1,1,0,0,0,0,0,0,0,0,0,0
122971,0,1,12,32,0,0,0,0,0,16,0,7
122971,1,1,0,0,0,0,0,0,0,0,9,0
122972,1,1,0,0,0,0,0,0,0,0,0,0
122972,2,1,0,0,0,0,0,0,0,0,0,0
122972,3,1,0,0,0,0,0,0,0,0,0,0
122972,4,1,0,0,0,0,0,0,0,0,0,0
122973,1,1,0,10,0,0,0,0,0,0,0,0
122973,2,1,0,0,0,0,0,7,0,0,0,0
122974,0,1,0,0,0,0,43,21,0,0,6,19
122974,1,1,0,0,0,0,0,0,0,0,0,0
122975,1,1,0,0,0,0,0,0,0,0,0,0
122975,2,1,0,0,0,0,0,6,0,0,0,0
122976,0,1,23,23,23,23,23,23,23,23,23,23
122976,1,1,0,0,0,0,0,0,0,0,0,0
122978,0,1,0,0,0,0,0,9,32,0,0,0
122978,1,1,19,13,4,15,8,13,12,14,16,7
122979,0,1,0,0,0,0,0,0,0,0,0,0
122979,1,1,0,0,0,0,0,0,0,0,0,0
122980,1,1,0,0,0,0,0,0,0,18,0,0
122980,2,1,0,0,0,0,0,0,0,0,0,0
122981,1,1,0,0,0,0,0,0,0,0,0,0
122981,2,1,0,0,0,0,0,0,0,0,0,0
122982,1,1,0,0,0,0,0,0,0,0,0,0
122982,2,1,0,0,0,0,0,0,0,0,0,0
122982,3,1,0,0,0,0,0,0,0,0,0,0
122983,1,1,0,0,0,0,0,0,0,10,0,0
122984,0,1,0,0,0,0,0,0,0,0,0,0
122984,0,2,0,0,0,0,0,0,0,0,0,0
122984,1,1,0,0,0,0,0,0,0,0,0,0
122986,0,1,19,0,0,0,0,15,19,0,0,0
122986,1,1,22,10,17,17,24,23,22,3,16,14
122987,1,1,0,0,0,0,0,0,0,0,0,0
122988,1,1,0,0,0,0,0,0,0,0,0,0
122988,2,1,0,22,0,0,0,0,0,0,0,0
122989,1,1,0,0,0,0,0,0,0,0,0,0
122989,2,1,0,0,0,0,0,0,0,0,0,0
122990,1,1,0,0,0,0,0,0,0,0,0,0
122990,2,1,0,0,0,0,0,0,0,28,0,0
122991,1,1,0,0,0,0,0,0,0,0,0,0
122991,2,1,0,0,0,0,0,0,0,0,0,0
122992,0,1,25,0,0,0,0,0,0,0,32,0
122992,1,1,0,18,0,0,0,0,0,0,0,0
122993,1,1,16,27,0,17,7,6,0,19,0,13
122994,1,1,20,12,45,0,0,0,21,0,13,0
122994,2,1,0,0,0,0,0,13,0,0,0,0
122995,1,1,20,0,17,0,0,0,0,35,7,13
122995,2,1,25,0,20,0,24,0,0,0,0,0
122996,1,1,22,0,0,0,0,0,0,0,0,0
122996,2,1,0,0,0,0,0,0,0,0,0,0
122997,0,1,0,0,0,0,0,0,0,0,0,0
122997,1,1,0,0,0,0,0,0,0,0,0,0
122998,0,1,0,0,0,0,0,0,0,0,0,0
122998,1,1,0,0,0,0,0,0,0,0,0,0
122999,1,1,0,0,0,0,0,0,0,0,0,0
122999,2,1,0,0,0,0,0,0,0,0,0,0
123000,1,1,0,0,0,0,0,0,0,0,0,0
123000,2,1,0,0,0,13,0,0,0,0,0,0
123002,1,1,0,0,32,0,0,0,0,5,0,0
123003,1,1,5,5,5,5,5,5,5,5,5,5
123004,1,1,0,0,0,0,0,0,0,0,0,0
123004,2,1,0,0,0,0,0,0,0,0,0,0
123005,0,1,0,0,0,15,0,0,0,0,23,25
123005,1,1,0,20,7,13,0,25,18,18,0,20
123006,0,1,60,60,60,60,60,60,60,60,60,60
123006,1,1,60,60,60,60,60,60,60,60,60,60
123007,1,1,0,0,0,0,0,0,0,0,0,0
123007,2,1,0,0,0,0,0,0,0,0,0,0
123008,1,1,17,21,16,0,0,4,9,0,0,0
123009,1,1,0,0,0,0,18,0,0,0,0,0
123009,2,1,0,0,0,0,0,3,0,0,0,0
123010,1,1,0,0,0,0,0,0,0,0,0,0
123010,2,1,0,0,0,0,0,0,0,0,21,0
123011,1,1,0,0,0,0,0,0,0,0,0,0
123012,1,1,29,29,29,29,29,29,29,29,29,29
123013,1,1,0,0,0,0,0,0,0,0,0,0
123013,2,1,0,0,0,0,0,0,0,0,0,0
123014,1,1,0,0,0,0,0,23,0,0,0,0
123015,1,1,0,0,0,0,0,0,0,0,0,0
123015,2,1,8,8,8,8,8,8,8,8,8,8
123015,3,1,0,0,0,0,0,0,0,0,0,0
123016,1,1,0,0,0,0,0,0,0,0,0,0
123016,2,1,0,0,0,0,12,0,0,0,23,0
123018,1,1,0,0,0,0,0,16,17,0,0,0
123018,2,1,0,0,0,0,0,0,0,0,7,0
123020,0,1,0,0,0,0,0,0,19,0,0,0
123020,1,1,0,5,12,0,0,0,17,0,0,0
123021,1,1,0,0,20,0,0,20,0,0,14,8
123021,2,1,17,36,16,14,0,22,12,20,29,0
123021,3,1,3,16,0,2,5,3,8,19,8,6
123022,1,1,0,0,0,0,0,0,0,0,0,0
123022,2,1,0,0,0,0,0,0,0,0,10,0
123023,1,1,13,13,13,13,13,13,13,13,13,13
123023,2,1,0,0,0,0,0,0,0,0,0,0
123023,3,1,0,0,6,0,0,0,0,0,0,0
123023,4,1,0,0,0,0,11,0,0,0,0,0
123023,5,1,0,0,0,0,0,0,0,0,0,0
123024,1,1,0,0,0,16,10,5,24,10,0,19
123024,2,1,0,0,13,0,0,26,7,4,30,16
123025,1,1,0,0,0,0,0,0,0,0,0,0
123025,2,1,0,0,0,0,0,0,0,0,0,0
123026,1,1,24,24,24,24,24,24,24,24,24,24
123027,1,1,0,0,0,0,0,0,0,0,0,0
123028,1,1,16,16,16,16,16,16,16,16,16,16
123029,1,1,0,0,0,0,0,0,0,0,0,0
123030,1,1,0,0,0,0,0,0,0,0,0,0
123030,2,1,0,23,0,0,0,0,0,0,0,0
123030,3,1,23,0,0,0,0,0,0,0,0,0
123030,4,1,0,0,0,0,0,0,0,0,0,0
123031,0,1,0,0,12,0,0,17,7,11,14,0
123031,1,1,0,0,0,0,0,0,5,0,0,0
123032,1,1,0,0,0,0,0,0,0,0,0,0
123032,2,1,0,0,0,0,0,0,0,0,0,0
123033,1,1,0,0,0,0,0,0,0,0,0,0
123034,1,1,18,24,30,0,25,26,29,16,15,23
123035,1,1,0,0,0,0,0,0,7,0,0,0
123035,2,1,0,38,0,0,22,17,0,0,0,0
123036,1,1,0,0,0,0,0,0,0,0,0,0
123036,2,1,0,0,0,0,0,0,0,0,0,0
123037,1,1,0,0,0,0,0,0,0,0,0,0
123037,2,1,0,0,0,0,0,0,0,0,0,0
123038,0,1,6,21,19,11,22,30,15,19,19,22
123038,0,2,0,0,24,0,34,16,0,0,29,17
123038,1,1,15,15,26,43,0,0,0,0,0,0
123039,1,1,0,0,0,6,0,0,0,0,0,0
123039,2,1,0,17,0,0,9,0,0,0,0,22
123040,1,1,0,21,0,0,0,7,0,0,0,0
123040,2,1,0,0,0,0,0,0,0,0,0,0
123041,0,1,0,0,17,0,0,6,0,0,0,21
123041,1,1,0,7,0,0,0,0,0,0,0,0
123042,1,1,0,16,0,14,16,33,12,0,0,9
123043,0,1,0,0,0,0,0,0,0,0,0,0
123043,0,2,29,29,29,29,29,29,29,29,29,29
123043,1,1,0,0,0,30,0,8,0,0,10,11
123044,1,1,0,0,0,0,0,0,0,0,0,0
123045,0,1,16,16,16,16,16,16,16,16,16,16
123045,1,1,11,14,14,0,11,17,7,0,0,10
123046,1,1,27,0,6,15,0,22,0,0,0,0
123046,2,1,0,0,0,0,0,0,0,0,0,10
123047,1,1,0,0,0,0,0,0,0,0,0,0
123047,2,1,0,0,0,0,0,0,0,0,0,0
123047,3,1,0,0,0,0,0,15,0,0,0,0
123047,4,1,0,0,0,0,0,0,0,0,0,0
123048,1,1,0,0,21,0,0,0,22,18,3,0
123048,2,1,4,15,0,0,0,0,26,0,0,15
123049,1,1,0,0,0,0,0,0,0,0,0,0
123049,2,1,0,0,0,0,0,0,0,0,0,0
123050,0,1,30,27,9,0,0,0,0,0,0,0
123050,1,1,0,0,0,0,17,0,0,0,0,0
123051,1,1,0,0,0,0,0,0,0,0,0,0
123052,1,1,20,20,20,20,20,20,20,20,20,20
123054,1,1,17,0,26,18,19,0,0,0,0,0
123055,0,1,31,17,0,28,10,22,15,40,24,29
123055,1,1,0,0,0,0,0,0,0,0,0,0
123056,1,1,0,0,0,0,0,0,0,0,0,0
123056,2,1,0,0,0,0,0,0,0,0,0,0
123056,3,1,0,0,0,0,0,0,0,0,0,0
123057,1,1,0,20,0,0,0,0,0,19,5,0
123057,2,1,0,0,0,0,0,0,0,0,0,0
123058,1,1,15,0,23,0,0,0,0,0,0,17
123058,2,1,0,0,0,0,0,0,0,0,0,0
123060,1,1,0,16,0,0,12,0,0,0,6,0
123060,2,1,16,13,12,24,5,12,14,13,15,20
123062,0,1,33,33,33,33,33,33,33,33,33,33
123062,1,1,0,11,0,0,0,0,0,0,0,0
123063,1,1,0,0,0,28,0,0,0,0,9,8
123063,2,1,0,0,0,0,0,13,0,0,0,13
123064,1,1,0,0,0,0,0,0,0,0,0,0
123064,2,1,0,0,0,0,0,0,0,0,0,0
123066,0,1,0,0,0,0,0,0,0,0,29,0
123066,1,1,0,0,0,0,0,0,0,0,0,0
123067,0,1,0,23,21,0,48,19,0,0,0,0
123067,1,1,0,0,0,0,0,0,0,0,0,0
123068,1,1,0,0,0,0,0,0,0,0,0,0
123068,2,1,0,0,0,0,0,0,0,0,0,0
123069,1,1,0,29,0,0,0,17,0,0,0,0
123069,2,1,0,0,0,0,15,0,0,21,0,0
123070,1,1,0,0,0,0,0,0,0,0,0,0
123071,1,1,0,0,0,0,0,0,21,0,0,11
123071,2,1,0,0,0,7,40,3,0,0,0,0
123072,1,1,22,22,22,22,22,22,22,22,22,22
123072,2,1,0,0,0,0,12,0,0,0,0,0
123073,1,1,0,0,0,0,0,0,0,0,5,0
123073,2,1,0,0,0,0,0,0,0,0,0,0
123074,1,1,0,0,0,0,0,0,0,0,0,0
123074,2,1,7,0,0,0,0,0,15,0,0,0
123075,1,1,0,0,0,0,0,10,0,0,0,0
123075,2,1,0,0,9,11,0,0,5,0,7,0
123076,1,1,11,15,0,0,0,0,0,0,0,0
123076,2,1,0,0,0,0,0,0,0,0,0,0
123077,0,1,18,15,9,6,20,16,15,29,20,14
123077,1,1,0,0,0,0,0,0,0,0,0,0
123078,1,1,0,0,0,0,0,0,0,0,0,0
123078,2,1,0,0,0,0,0,0,0,0,0,0
123079,1,1,0,5,24,0,0,0,0,0,13,10
123080,0,1,0,0,0,18,0,0,0,0,5,13
123080,0,2,0,0,0,0,0,0,0,0,0,0
123080,0,3,0,33,0,0,0,0,0,0,0,0
123080,1,1,0,0,0,0,0,0,0,0,0,0
123081,1,1,33,0,0,0,0,0,0,0,0,0
123082,0,1,0,0,0,0,0,0,15,0,0,0
123082,1,1,0,0,11,0,0,0,0,0,0,0
123083,1,1,0,0,0,0,0,0,0,0,0,0
123083,2,1,0,0,0,0,0,0,0,0,0,0
123084,0,1,0,0,0,0,19,0,0,0,0,0
123084,1,1,19,0,0,0,0,0,0,0,0,0
123085,1,1,0,0,0,19,0,0,0,12,0,41
123085,2,1,0,5,0,0,0,0,0,0,0,0
123086,1,1,0,0,0,0,0,0,0,0,0,0
123086,2,1,0,0,0,0,0,0,0,0,0,0
123086,3,1,0,0,0,0,0,0,0,0,0,0
123086,4,1,0,0,0,0,0,0,0,0,0,0
123086,5,1,0,0,0,0,0,0,0,0,0,0
123086,6,1,0,0,0,0,0,0,0,0,0,0
123086,7,1,0,0,0,0,0,0,0,0,0,0
123087,0,1,0,0,0,0,18,0,0,0,0,0
123087,1,1,0,8,11,0,0,0,0,0,23,0
123088,1,1,0,0,0,0,0,0,0,0,0,0
123089,1,1,0,0,0,0,0,0,0,0,0,0
123089,2,1,0,0,0,0,0,0,0,12,0,0
123089,3,1,0,0,0,0,0,0,0,0,0,0
123090,1,1,11,0,0,18,0,0,20,0,8,0
123090,2,1,16,4,0,5,16,0,0,0,8,13
123091,1,1,4,4,4,4,4,4,4,4,4,4
123091,2,1,0,0,0,0,21,0,0,0,0,0
123092,1,1,8,21,8,8,12,17,25,18,16,17
123092,2,1,0,0,0,0,0,0,0,0,0,0
123093,1,1,0,0,0,0,0,0,0,0,0,0
123094,1,1,0,24,0,0,0,0,0,6,0,0
123095,0,1,0,0,0,0,7,0,0,0,0,0
123095,0,2,0,25,31,15,0,0,36,0,0,0
123095,1,1,0,0,0,0,0,0,0,0,0,18
123095,2,1,0,0,0,0,0,0,0,0,0,6
123096,0,1,28,28,28,28,28,28,28,28,28,28
123096,1,1,0,0,0,0,20,0,0,0,0,0
123097,1,1,0,0,0,0,0,0,0,0,31,0
123098,1,1,0,0,0,17,0,0,0,0,0,0
123098,2,1,0,0,0,0,0,0,0,0,0,0
123099,0,1,23,0,0,0,26,0,0,0,0,0
123099,1,1,0,0,0,0,0,0,0,0,0,0
123100,0,1,0,0,0,0,0,0,0,0,0,0
123100,1,1,0,0,0,0,0,0,0,0,0,0
123101,1,1,0,0,0,0,0,0,0,0,0,0
123101,2,1,0,0,0,0,0,0,0,0,0,0
123102,0,1,0,0,0,0,0,0,0,0,0,0
123102,1,1,0,0,0,0,0,0,0,0,0,0
123103,1,1,11,14,11,0,17,16,19,15,10,27
123104,0,1,0,0,0,0,0,0,16,0,36,10
123104,1,1,0,0,3,0,0,0,0,0,0,0
123105,1,1,11,11,11,11,11,11,11,11,11,11
123106,0,1,0,0,0,0,0,0,0,0,0,0
123106,1,1,0,0,0,0,0,0,0,0,0,0
123107,1,1,0,0,0,0,0,0,0,0,0,0
123108,0,1,0,0,0,0,0,0,0,0,0,0
123108,1,1,0,0,0,0,0,0,0,0,0,0
123109,0,1,0,12,0,0,0,0,0,0,0,0
123109,1,1,0,0,0,0,0,0,0,0,0,0
123110,1,1,0,0,0,0,0,0,0,0,0,0
123110,2,1,0,0,0,0,0,0,12,0,0,0
123110,3,1,0,0,0,0,0,0,0,0,0,0
123111,1,1,27,27,27,27,27,27,27,27,27,27
123112,0,1,0,0,0,0,0,0,0,0,0,0
123112,1,1,0,0,0,0,0,0,0,0,0,0
123113,1,1,0,0,22,0,26,0,6,0,0,0
123113,2,1,0,0,0,0,15,0,0,0,0,0
123114,0,1,0,34,16,0,20,26,0,0,0,14
123114,1,1,0,0,0,0,0,0,0,0,0,0
123115,0,1,0,0,44,0,0,0,0,18,0,15
123115,1,1,0,0,0,0,0,0,8,0,40,0
123116,1,1,38,0,0,0,0,0,0,0,0,16
123116,2,1,0,0,0,0,0,0,0,0,0,0
123117,1,1,29,6,7,11,23,14,20,25,16,14
123118,1,1,14,0,0,0,0,0,0,0,0,0
123119,1,1,0,0,11,0,0,9,29,0,0,0
123120,1,1,0,0,0,0,0,0,0,0,0,0
123120,2,1,0,0,0,0,0,0,7,0,0,0
123121,0,1,0,0,0,13,0,0,0,0,0,0
123121,1,1,0,0,0,0,0,0,0,0,0,0
123122,0,1,0,0,0,0,0,0,0,0,0,0
123122,1,1,0,8,0,0,0,0,0,42,0,0
123123,1,1,9,9,9,9,9,9,9,9,9,9
123124,1,2,0,4,0,15,0,21,0,7,11,22
123125,1,1,16,0,15,21,15,0,0,17,0,18
123125,2,1,0,0,0,0,0,0,0,0,0,0
123126,0,1,0,0,0,0,0,0,0,0,0,0
123126,1,1,8,0,0,39,19,28,0,0,0,0
123127,1,1,0,0,0,0,0,0,0,0,0,0
123128,0,1,0,9,0,0,30,11,26,14,16,0
123128,1,1,0,0,0,0,0,0,0,0,0,0
123129,1,1,13,0,0,0,26,15,0,0,0,14
123129,2,1,0,0,8,0,7,0,0,0,0,0
123130,0,1,0,0,0,0,0,0,0,0,0,0
123130,1,1,0,0,0,0,0,0,0,0,0,0
123131,1,1,0,0,0,0,0,0,0,0,0,0
123132,1,1,12,12,12,12,12,12,12,12,12,12
123133,0,1,30,10,19,31,38,26,23,30,19,16
123133,1,1,0,0,0,0,0,0,0,0,0,0
123134,0,1,0,0,0,0,0,0,0,0,0,0
123134,1,1,0,0,0,0,0,0,0,0,0,0
123135,1,1,20,0,0,32,0,17,0,9,8,0
123136,1,1,0,6,13,0,0,0,0,0,13,0
130001,1,1,22,22,22,22,22,22,22,22,22,22
130001,2,1,0,0,0,0,0,0,0,0,0,0
130002,0,1,0,0,0,0,0,0,0,0,0,0
130002,1,1,17,0,0,0,0,0,0,0,0,0
130003,1,1,21,21,21,21,21,21,21,21,21,21
130004,1,1,0,0,0,0,0,0,0,0,0,0
130004,2,1,0,0,0,26,0,0,0,0,0,0
130005,1,1,18,18,18,18,18,18,18,18,18,18
130005,2,1,0,0,0,0,0,0,0,0,0,0
130005,3,1,0,0,0,0,0,0,0,0,0,0
130006,1,1,0,0,0,0,0,0,0,0,0,0
130007,1,1,21,0,0,16,0,14,0,0,0,15
130007,2,1,0,0,0,0,0,0,0,0,0,0
130008,1,1,0,0,0,0,0,0,0,0,0,0
130008,2,1,0,0,0,0,0,0,0,0,0,0
130009,1,1,0,0,0,0,0,0,0,21,0,22
130009,2,1,0,0,0,0,0,0,0,0,0,0
130010,1,1,0,0,0,0,0,0,0,0,0,0
130010,2,1,0,0,0,0,0,0,0,0,0,0
130011,1,1,0,27,11,18,0,0,9,0,28,0
130011,2,1,0,0,0,0,0,0,0,0,0,4
130012,0,1,0,0,0,0,0,0,0,0,0,0
130012,1,1,0,0,29,0,0,16,0,0,0,15
130014,1,1,0,0,0,0,0,0,0,0,0,0
130015,1,1,0,0,11,0,0,0,0,0,0,0
130015,2,1,0,0,20,0,0,0,0,0,0,0
130016,1,1,0,0,0,0,0,0,0,0,0,0
130016,2,1,0,0,0,0,17,0,0,0,0,0
130017,1,1,0,0,0,0,0,0,0,0,0,0
130017,2,1,0,0,0,0,0,0,0,0,0,0
130018,1,1,0,0,13,34,0,27,22,16,0,0
130019,1,1,0,0,0,0,0,0,0,29,0,0
130020,0,1,0,0,0,0,0,0,0,0,0,0
130020,1,1,0,0,0,0,0,0,0,0,0,0
130021,1,1,0,0,0,0,0,0,0,0,0,0
130021,2,1,0,0,12,0,0,0,0,0,0,0
130022,1,1,0,0,5,0,0,4,0,0,0,0
130023,0,1,19,29,0,30,0,0,0,36,0,28
130023,1,1,0,0,0,0,0,0,0,0,0,0
130024,1,1,0,0,0,0,0,0,0,0,0,0
130024,2,1,0,0,0,0,0,0,0,0,0,0
130024,3,1,0,0,0,0,0,0,0,0,0,0
130024,4,1,0,0,0,0,0,0,0,0,0,0
130024,5,1,0,0,0,0,0,0,0,12,6,0
130025,1,1,0,0,0,0,0,0,0,0,0,0
130025,2,1,0,0,0,0,0,0,0,0,0,0
130026,0,1,19,19,19,19,19,19,19,19,19,19
130026,1,1,0,0,0,0,0,0,0,0,0,0
130027,1,1,14,0,0,0,0,22,0,0,0,0
130028,1,1,0,0,0,0,0,0,0,0,0,0
130029,1,1,9,9,9,9,9,9,9,9,9,9
130029,2,1,0,0,0,8,0,0,0,0,0,0
130030,0,1,0,0,0,0,0,26,0,0,0,0
130030,1,1,15,0,0,0,0,22,0,0,0,0
130031,1,1,12,12,12,12,12,12,12,12,12,12
130032,1,1,0,0,0,0,0,0,0,0,0,0
130032,2,1,0,0,0,0,0,0,0,0,0,0
130033,1,1,0,0,0,0,0,0,0,0,0,0
130033,2,1,0,0,0,0,0,0,0,0,0,0
130034,0,1,0,0,0,0,0,0,0,0,0,0
130034,1,1,0,0,0,0,0,0,0,0,0,0
130035,0,1,0,0,0,25,8,0,0,0,25,0
130035,1,1,7,0,0,0,0,0,0,0,0,14
130035,2,1,0,0,0,0,0,0,0,0,0,0
130036,0,1,0,0,27,0,0,0,44,0,0,0
130036,1,1,0,0,0,0,0,0,0,0,0,0
130036,2,1,0,0,0,0,0,0,0,0,0,0
130037,1,1,5,5,5,5,5,5,5,5,5,5
130038,1,1,13,13,13,13,13,13,13,13,13,13
130039,0,1,0,0,0,27,0,38,0,0,0,0
130039,1,1,0,0,0,0,0,15,0,0,0,11
130040,0,1,0,0,0,0,0,22,0,0,0,0
130040,1,1,0,0,0,0,0,0,0,0,0,0
130041,0,1,27,0,31,21,0,0,0,0,0,26
130041,1,1,0,0,0,0,0,0,0,0,0,0
130042,0,1,10,10,10,10,10,10,10,10,10,10
130042,1,1,11,0,0,0,0,0,0,0,0,0
130042,2,1,0,0,0,0,0,0,0,0,0,0
130042,3,1,0,0,0,0,0,0,0,0,0,0
130043,1,1,0,0,0,0,0,0,0,0,0,0
130043,2,1,0,0,0,0,0,0,0,0,0,0
130044,1,1,0,0,0,0,0,0,0,0,0,0
130045,0,1,0,0,0,0,0,0,0,0,0,0
130045,1,1,0,0,0,0,0,0,0,22,0,0
130046,0,1,26,26,26,26,26,26,26,26,26,26
130046,1,1,0,0,0,0,11,0,0,13,0,0
130047,1,1,0,18,0,0,13,0,0,0,0,0
130048,1,1,15,15,15,15,15,15,15,15,15,15
130049,1,1,0,0,0,0,0,0,0,0,0,0
130050,1,1,17,17,17,17,17,17,17,17,17,17
130051,1,1,14,0,26,0,25,0,0,0,3,21
130052,1,1,0,0,0,0,0,0,0,0,0,0
130052,2,1,0,0,0,0,0,0,0,0,0,0
130053,1,1,21,0,11,0,0,0,0,25,33,0
130053,2,1,0,0,0,0,0,0,0,0,0,0
130054,1,1,40,40,40,40,40,40,40,40,40,40
130055,1,1,0,0,0,0,0,0,0,0,0,0
130056,1,1,0,0,0,0,0,0,0,0,0,0
130056,2,1,0,0,0,10,0,0,0,0,0,0
130056,3,1,0,0,0,0,0,0,0,0,0,0
130057,1,1,7,7,7,7,7,7,7,7,7,7
130057,2,1,0,0,0,0,0,0,0,0,0,0
130058,0,1,0,0,0,0,0,0,0,0,0,0
130058,1,1,0,0,0,0,0,0,0,0,0,0
130059,1,1,0,11,0,25,7,0,0,0,21,5
130060,1,1,17,8,14,18,8,15,19,28,16,23
130061,1,1,0,0,0,0,13,0,0,0,0,0
130061,2,1,0,0,0,0,0,0,0,0,0,0
130062,1,1,0,0,0,0,0,0,0,0,0,0
130063,1,1,0,0,0,0,0,21,0,0,0,0
130064,1,1,0,0,22,15,0,0,0,0,0,12
130064,2,1,0,0,0,0,0,0,0,0,0,0
130065,1,1,0,0,0,0,0,0,0,0,0,0
130065,2,1,0,0,0,0,0,0,0,0,0,0
130066,1,1,39,39,39,39,39,39,39,39,39,39
130067,1,1,0,0,0,18,0,0,0,0,0,0
130067,2,1,0,0,0,0,0,0,0,0,0,0
130068,0,1,24,24,24,24,24,24,24,24,24,24
130068,1,1,0,0,0,0,0,0,0,0,0,0
130069,0,1,0,23,0,31,30,0,26,0,0,0
130069,1,1,10,0,0,0,0,0,0,0,0,0
130070,1,1,27,27,27,27,27,27,27,27,27,27
130071,1,1,21,21,21,21,21,21,21,21,21,21
130072,0,1,0,0,0,0,0,0,0,0,0,0
130073,1,1,0,0,0,0,0,0,0,0,0,0
130073,2,1,0,0,0,0,0,0,0,9,0,0
130074,1,1,0,0,0,0,0,0,0,0,0,0
130075,1,1,13,13,13,13,13,13,13,13,13,13
130075,2,1,18,20,0,10,0,0,0,0,0,0
130075,3,1,3,0,10,0,8,11,0,0,0,0
130075,4,1,0,0,0,0,0,0,0,0,0,0
130076,1,1,0,0,0,0,0,0,0,0,0,0
130076,2,1,0,0,0,0,0,0,0,0,0,0
130078,0,1,0,0,0,0,0,0,0,0,0,0
130078,1,1,22,39,17,0,0,23,0,6,0,12
130079,1,1,25,25,25,25,25,25,25,25,25,25
130080,1,1,0,0,0,0,0,0,0,0,0,0
130080,2,1,0,0,0,0,0,0,0,0,0,0
130081,1,1,0,0,0,0,0,38,0,0,0,21
130082,1,1,0,0,0,0,0,0,0,0,0,0
130082,2,1,0,0,0,0,0,0,0,0,0,0
130083,0,1,15,15,15,15,15,15,15,15,15,15
130083,0,2,12,0,0,23,0,0,0,0,0,0
130083,2,1,8,0,0,0,0,0,0,0,0,0
130084,0,1,0,0,0,0,0,0,0,0,0,0