ST_CASE,VEH_NO,PER_NO,P1,P2,P3,P4,P5,P6,P7,P8,P9,P10
130699,1,1,0,0,0,0,0,0,0,0,0,0
130699,2,1,0,0,0,0,0,0,0,0,0,0
130700,1,1,0,0,0,0,0,0,0,0,0,9
130701,1,1,4,4,4,4,4,4,4,4,4,4
130702,1,1,0,0,0,0,0,0,0,0,0,0
130703,1,1,15,0,0,0,8,0,0,0,7,0
130704,0,1,0,32,0,5,0,0,0,20,0,0
130704,1,1,0,0,0,0,0,0,0,0,0,0
130705,1,1,0,0,22,0,0,0,28,16,19,0
130706,0,1,0,0,0,0,0,0,0,0,0,0
130706,1,1,19,19,19,19,19,19,19,19,19,19
130707,0,1,13,13,13,13,13,13,13,13,13,13
130707,1,1,0,0,0,0,0,0,0,0,0,0
130708,1,1,0,0,9,21,0,0,0,0,0,0
130708,2,1,0,0,0,0,0,0,0,13,0,26
130708,3,1,0,0,0,0,0,0,0,0,0,0
130709,1,1,0,0,0,0,0,0,0,0,0,0
130710,1,1,10,10,10,10,10,10,10,10,10,10
130710,2,1,0,0,0,0,0,0,0,0,0,0
130711,1,1,0,0,0,0,0,0,0,0,0,0
130711,2,1,0,0,0,0,0,0,0,0,0,0
130712,1,1,0,0,0,0,0,0,0,0,0,0
130712,2,1,0,0,0,0,0,0,0,0,0,0
130712,3,1,0,0,0,0,0,0,0,0,0,0
130713,1,1,0,16,9,0,25,12,8,8,6,16
130714,1,1,0,0,0,0,0,0,0,0,0,0
130714,2,1,0,0,0,23,12,0,0,21,0,0
130715,1,1,0,0,0,0,0,0,0,0,0,0
130715,2,1,0,0,0,0,0,0,0,0,0,0
130716,1,1,0,0,0,0,0,0,0,0,0,0
130717,1,1,0,0,0,0,0,0,0,0,0,0
130717,2,1,23,0,0,0,0,0,0,0,0,0
130718,1,1,0,0,0,0,0,0,0,5,15,0
130719,1,1,0,0,0,0,0,0,0,0,0,0
130719,2,1,0,0,0,0,0,0,0,0,0,0
130720,1,1,0,0,15,0,0,0,0,0,0,0
130720,2,1,0,0,0,0,0,0,0,0,0,0
130722,1,1,0,0,19,0,0,0,0,0,0,0
130723,1,1,0,0,0,0,0,0,0,0,0,18
130723,2,1,0,0,0,0,0,0,0,0,0,0
130724,0,1,0,26,0,0,0,19,0,0,0,0
130724,1,1,0,0,0,0,0,0,0,0,0,0
130725,0,1,0,0,0,0,0,0,0,0,0,0
130725,1,1,0,16,0,0,0,0,0,0,0,0
130726,0,1,0,29,0,23,0,29,13,0,20,10
130726,1,1,0,0,0,0,17,0,0,0,0,0
130727,1,1,16,0,25,0,18,0,0,0,0,0
130728,1,1,0,0,0,18,0,0,0,0,0,0
130728,2,1,0,0,0,0,18,0,0,0,0,0
130729,1,1,0,0,0,0,0,0,0,0,0,0
130729,2,1,0,0,0,0,0,0,0,0,0,0
130730,1,1,0,0,25,0,0,0,0,0,0,0
130731,0,1,0,18,0,0,0,0,0,0,0,0
130731,1,1,0,0,0,9,0,0,0,0,0,0
130732,1,1,0,0,0,0,0,0,0,0,0,0
130732,2,1,0,0,29,0,0,0,0,0,0,0
130732,3,1,0,0,0,0,0,0,0,0,0,0
130733,0,1,0,0,0,0,0,0,0,0,0,0
130733,1,1,8,0,12,0,15,0,0,0,28,6
130734,1,1,0,0,0,0,0,0,0,0,0,0
130735,1,1,0,0,0,0,0,0,0,0,0,0
130736,1,1,0,0,0,0,0,0,0,0,0,0
130736,2,1,0,0,0,0,0,0,0,0,0,0
130737,1,1,0,0,16,13,0,0,0,0,0,0
130737,2,1,0,0,0,0,0,0,0,0,0,0
130737,3,1,0,0,0,0,0,0,0,0,0,0
130737,4,1,0,0,0,0,0,0,0,22,0,0
130737,5,1,0,0,0,0,0,0,0,0,0,0
130738,1,1,14,14,14,14,14,14,14,14,14,14
130739,1,1,0,0,9,0,0,19,0,7,0,0
130739,2,1,0,0,0,0,0,0,0,0,0,0
130740,1,1,3,0,0,12,0,0,0,7,0,0
130741,1,1,0,0,0,0,0,19,0,0,0,0
130742,1,1,20,0,0,0,37,16,4,8,14,0
130743,1,1,0,0,0,0,0,0,0,0,0,0
130743,2,1,0,0,0,0,0,0,0,0,0,0
130743,3,1,0,0,0,0,0,0,0,0,0,0
130744,1,1,10,10,10,10,10,10,10,10,10,10
130745,1,1,0,0,0,0,0,0,0,0,0,0
130746,1,1,0,0,0,0,25,0,0,0,0,0
130746,2,1,0,0,0,12,0,0,0,0,0,12
130747,1,1,26,26,26,26,26,26,26,26,26,26
130748,0,1,28,0,0,0,0,14,0,0,0,0
130748,1,1,0,0,0,0,0,0,0,0,0,0
130749,1,1,0,0,0,0,0,0,0,0,0,0
130749,2,1,0,0,0,0,0,0,0,0,0,0
130750,0,1,0,0,0,0,0,0,0,0,0,0
130750,1,1,0,0,16,0,0,0,4,0,0,0
130751,1,1,0,0,0,0,21,0,0,0,0,0
130751,2,1,0,0,0,0,0,0,0,0,0,0
130751,3,1,0,0,0,15,10,0,0,0,0,0
130751,4,1,0,0,0,0,0,0,0,0,0,0
130751,5,1,0,9,0,0,0,9,0,0,0,0
130752,1,1,0,0,0,0,0,0,0,0,0,0
130753,0,1,40,0,0,42,24,0,0,0,0,12
130753,1,1,0,0,0,0,0,0,0,0,0,0
130754,1,1,23,23,23,23,23,23,23,23,23,23
130755,1,1,0,0,15,15,0,0,0,29,0,19
130755,2,1,0,0,0,0,0,0,0,0,0,0
130756,1,1,0,0,0,0,0,0,0,0,0,0
130756,2,1,0,0,0,0,0,0,0,0,0,0
130757,1,1,0,0,0,0,0,0,0,0,0,0
130757,2,1,6,0,0,0,0,0,0,0,0,0
130758,1,1,0,0,0,0,0,0,0,0,0,0
130758,2,1,0,0,0,0,0,0,0,0,0,0
130759,0,1,0,0,0,0,0,0,0,0,0,0
130759,1,1,1,1,1,1,1,1,1,1,1,1
130760,1,1,0,0,0,0,0,0,0,0,0,0
130760,2,1,0,0,0,0,0,0,0,0,0,0
130761,1,1,0,0,0,0,0,0,0,0,0,0
130761,2,1,4,4,4,4,4,4,4,4,4,4
130762,1,1,0,0,20,0,20,0,17,24,6,12
130763,1,1,0,0,0,25,16,7,0,0,0,0
130763,2,1,0,0,0,0,0,0,0,0,0,10
130764,1,1,0,0,0,0,0,0,0,0,0,0
130764,2,1,10,0,0,0,0,0,0,0,0,0
130765,1,1,0,0,0,0,0,0,0,0,0,0
130765,2,1,0,0,0,0,0,0,0,0,0,0
130765,3,1,0,0,0,0,0,0,0,0,0,0
130766,0,1,18,0,0,20,0,0,0,0,0,0
130766,1,1,0,0,0,0,0,0,0,0,0,0
130767,1,1,0,0,0,0,0,0,0,0,18,0
130768,0,1,0,0,0,0,0,0,0,0,0,0
130768,1,1,0,0,0,0,0,0,0,0,0,0
130769,1,1,0,0,0,0,0,0,0,0,0,0
130769,2,1,0,0,0,0,0,0,0,0,0,0
130770,1,1,0,0,0,0,0,0,0,0,0,0
130771,1,1,0,0,0,0,28,0,0,25,0,0
130771,2,1,0,0,0,0,0,0,0,0,0,0
130772,1,1,0,0,0,15,7,12,0,0,0,0
130772,2,1,0,0,0,0,0,0,0,0,0,0
130773,0,1,24,0,0,0,33,0,0,0,18,0
130773,1,1,19,19,19,19,19,19,19,19,19,19
130774,1,1,0,0,0,0,0,0,0,0,0,0
130774,2,1,0,0,0,0,0,0,0,0,0,0
130775,1,1,0,0,0,18,0,0,0,0,0,20
130775,2,1,17,0,0,0,0,0,0,0,0,0
130776,0,1,0,0,0,18,0,26,0,0,0,0
130776,1,1,0,0,14,0,0,0,0,0,0,0
130777,1,1,0,0,5,0,0,19,21,0,0,0
130777,2,1,0,0,19,0,5,24,13,19,0,16
130778,1,1,0,0,0,0,0,0,0,0,0,0
130779,1,1,0,0,0,0,0,0,0,0,0,0
130779,2,1,0,12,2,2,0,0,0,0,0,0
130780,1,1,0,0,0,0,0,0,0,0,0,0
130781,0,1,5,5,5,5,5,5,5,5,5,5
130781,1,1,0,0,0,0,0,0,0,0,0,0
130782,1,1,18,18,18,18,18,18,18,18,18,18
130783,1,1,12,12,12,12,12,12,12,12,12,12
130784,1,1,16,20,19,0,16,37,19,26,0,19
130785,1,1,0,0,0,25,0,0,0,0,0,0
130785,2,1,0,0,0,0,0,0,0,0,0,0
130786,0,1,17,0,0,0,20,17,31,45,24,0
130786,1,1,0,0,0,0,0,0,0,0,0,0
130787,1,1,26,26,26,26,26,26,26,26,26,26
130787,2,1,0,0,0,0,0,0,0,0,0,0
130788,1,1,0,0,0,0,0,0,0,0,0,0
130788,2,1,0,0,0,0,0,0,0,0,0,0
130789,1,1,0,15,0,0,0,0,0,0,0,0
130790,1,1,0,0,0,0,0,0,0,0,0,0
130790,2,1,0,0,0,0,0,0,9,0,0,0
130790,3,1,0,0,21,0,0,0,0,0,0,0
130790,4,1,0,0,0,0,0,0,0,0,0,0
130790,5,1,0,0,0,0,0,0,0,0,0,0
130791,1,1,0,0,0,0,0,0,0,0,0,0
130791,2,1,0,0,31,0,0,0,0,0,0,0
130792,1,1,0,0,0,0,0,0,0,0,0,0
130792,2,1,18,0,0,0,0,0,0,7,0,0
130793,1,1,0,0,0,0,0,0,0,0,0,0
130793,2,1,0,0,0,0,0,0,0,0,0,0
130794,1,1,5,5,5,5,5,5,5,5,5,5
130794,2,1,0,0,0,0,0,0,10,0,0,0
130794,3,1,0,0,0,0,0,0,10,0,0,0
130795,1,1,13,13,13,13,13,13,13,13,13,13
130796,1,1,0,0,0,0,0,0,0,0,0,0
130797,1,1,30,30,30,30,30,30,30,30,30,30
130798,1,1,0,0,0,0,0,0,0,0,0,0
130798,2,1,3,3,3,3,3,3,3,3,3,3
130799,1,1,19,19,19,19,19,19,19,19,19,19
130800,1,1,0,0,0,0,0,0,0,0,0,0
130800,2,1,0,0,0,0,0,0,0,0,0,0
130801,1,1,0,0,0,0,0,0,0,0,0,0
130801,2,1,0,0,0,0,0,0,0,0,0,0
130801,3,1,14,14,14,14,14,14,14,14,14,14
130801,4,1,0,0,0,0,0,0,0,0,0,0
130801,5,1,0,0,0,0,0,0,0,0,0,0
130802,1,1,0,19,0,16,13,18,0,0,14,0
130803,0,1,0,0,0,0,0,0,0,0,0,0
130803,1,1,0,11,2,10,18,4,0,0,0,16
130804,1,1,0,0,0,0,0,0,0,0,0,0
130804,2,1,0,0,0,0,0,0,0,0,0,0
130805,1,1,0,12,0,0,12,0,0,0,0,0
130806,1,1,0,34,0,12,11,10,22,0,0,0
130806,2,1,0,0,0,0,0,0,0,0,0,0
130807,1,1,0,0,0,14,0,0,0,24,0,0
130808,1,1,0,0,0,0,0,0,0,0,0,0
130808,2,1,0,0,0,0,0,0,0,0,0,0
130809,1,1,2,2,2,2,2,2,2,2,2,2
130809,2,1,0,0,0,0,0,0,0,0,0,0
130810,1,1,0,0,0,0,0,0,0,0,0,0
130810,2,1,0,10,0,0,0,0,0,0,0,0
130811,1,1,0,0,0,0,0,8,0,0,0,0
130812,1,1,22,0,20,0,0,0,0,13,0,0
130813,1,1,0,0,0,0,0,0,0,0,0,0
130813,2,1,0,0,0,0,0,0,0,0,0,0
130813,3,1,0,0,0,0,0,0,0,0,0,0
130814,0,1,0,0,0,0,0,0,11,0,0,0
130814,1,1,0,0,0,0,0,0,0,0,0,0
130814,3,1,0,0,0,0,0,0,0,0,0,0
130814,4,1,0,0,0,0,15,0,0,0,0,0
130814,5,1,0,0,0,0,14,0,0,0,0,0
130815,1,1,0,0,0,0,0,0,0,0,0,0
130815,2,1,0,0,0,0,0,0,0,5,0,0
130816,0,1,0,0,0,0,0,0,0,0,0,0
130816,1,1,0,0,0,0,0,0,0,11,0,0
130817,1,1,24,15,16,27,26,7,21,8,0,7
130818,0,1,0,0,0,0,20,0,15,0,0,7
130818,1,1,0,0,0,0,0,0,0,0,0,4
130819,1,1,1,1,1,1,1,1,1,1,1,1
130820,1,1,0,0,0,0,0,0,0,0,0,0
130820,2,1,0,0,0,0,0,0,0,0,0,0
130821,1,1,0,0,0,0,0,0,0,0,0,0
130822,1,1,16,16,16,16,16,16,16,16,16,16
130823,1,1,21,21,21,21,21,21,21,21,21,21
130823,2,1,0,0,0,0,6,0,2,0,2,0
130824,1,1,23,23,23,23,23,23,23,23,23,23
130825,1,1,0,0,0,0,0,0,0,0,0,0
130826,0,1,20,20,20,20,20,20,20,20,20,20
130826,1,1,0,0,0,0,0,0,0,0,0,0
130827,0,1,0,0,0,0,0,21,0,2,22,0
130827,1,1,24,10,0,0,0,0,0,4,5,6
130828,1,1,13,13,13,13,13,13,13,13,13,13
130828,2,1,0,0,0,0,0,0,0,0,0,0
130829,1,1,0,0,6,16,0,0,0,12,6,0
130830,1,1,0,0,0,0,0,0,0,0,0,0
130830,2,1,16,0,0,0,0,0,0,0,0,0
130831,0,1,2,2,2,2,2,2,2,2,2,2
130831,1,1,0,0,0,0,0,0,0,0,0,0
130832,1,1,0,0,0,0,0,0,0,0,0,0
130832,2,1,28,28,28,28,28,28,28,28,28,28
130833,1,1,0,0,0,0,0,0,0,0,0,0
130833,2,1,0,0,0,0,0,0,0,0,0,0
130834,1,1,0,0,0,0,0,0,0,0,0,0
130834,2,1,0,0,0,0,0,0,0,0,0,0
130835,1,1,0,0,0,0,0,0,0,0,0,0
130836,1,1,0,0,15,22,0,13,5,12,13,25
130837,1,1,0,0,0,0,0,0,0,0,0,0
130837,2,1,40,40,40,40,40,40,40,40,40,40
130838,1,1,0,0,0,0,0,0,0,0,0,0
130838,2,1,0,0,0,0,0,0,0,0,0,0
130839,1,1,0,0,0,0,0,0,0,0,0,0
130839,2,1,0,0,0,0,0,0,0,0,0,0
130840,1,1,0,0,0,0,0,0,0,0,0,0
130840,2,1,0,0,10,0,0,0,0,0,0,0
130841,1,1,0,0,10,0,0,0,0,0,0,0
130841,2,1,0,0,30,0,0,0,18,0,12,0
130841,3,1,0,0,0,14,0,0,0,0,23,0
130841,4,1,0,0,0,22,0,0,0,0,0,0
130842,1,1,19,19,10,0,16,15,0,34,19,13
130843,0,1,0,0,14,0,11,0,25,0,19,20
130843,1,1,0,0,0,16,15,0,0,0,0,0
130844,1,1,14,0,0,0,0,0,0,0,0,0
130845,1,1,10,0,23,22,21,10,7,23,24,11
130846,1,1,0,10,0,0,0,0,15,0,0,0
130846,2,1,0,0,0,0,0,0,0,0,0,0
130847,1,1,0,0,0,0,0,0,0,0,0,0
130847,2,1,0,0,0,22,0,0,0,0,0,0
130848,1,1,0,0,0,0,0,0,0,0,0,20
130848,2,1,0,0,0,0,0,0,0,0,0,0
130849,1,1,0,0,0,0,0,0,0,0,0,0
130850,1,1,0,0,0,0,0,0,0,0,0,0
130851,1,1,0,0,0,0,0,0,0,0,0,0
130851,2,1,0,0,0,0,0,0,0,12,0,0
130852,1,1,18,18,18,18,18,18,18,18,18,18
130852,2,1,0,0,0,0,0,0,0,0,0,0
130853,1,1,0,4,0,27,12,5,0,0,0,0
130853,2,1,0,0,0,0,0,0,0,0,0,0
130853,3,1,0,0,0,3,0,0,0,0,0,0
130854,0,1,0,0,0,0,0,0,0,0,0,0
130854,1,1,0,0,0,0,0,0,0,0,0,0
130855,1,1,0,0,0,0,0,0,0,0,0,0
130855,2,1,0,0,0,12,0,10,0,0,0,0
130856,1,1,0,0,0,0,0,0,0,0,0,0
130856,2,1,0,0,0,0,13,0,0,19,0,21
130857,1,1,0,0,0,0,0,0,0,0,0,0
130857,2,1,0,0,0,0,0,0,0,0,0,0
130858,1,1,0,0,0,33,0,0,0,0,0,0
130859,0,1,0,0,0,0,0,0,0,24,0,0
130859,1,1,0,7,13,0,0,0,25,9,10,23
130860,1,1,0,0,0,0,0,0,0,0,0,0
130861,1,1,0,0,0,0,0,0,0,0,0,0
130861,2,1,0,0,0,0,0,0,0,0,0,0
130862,1,1,0,0,0,0,0,0,0,0,0,0
130862,2,1,0,0,0,0,0,0,0,0,0,40
130862,3,1,0,0,0,0,0,0,0,0,0,0
130862,4,1,0,0,0,0,0,17,0,0,0,0
130863,1,1,0,0,0,0,0,0,0,0,0,0
130864,1,1,0,0,0,0,0,0,0,0,0,0
130865,1,1,0,0,0,0,0,0,0,0,0,0
130865,2,1,0,0,0,0,0,0,0,0,0,0
130866,1,1,0,0,0,0,0,0,0,0,0,0
130866,2,1,0,0,0,0,0,0,0,0,0,0
130867,1,1,34,0,0,0,0,0,0,0,0,0
130868,0,1,17,17,17,17,17,17,17,17,17,17
130868,1,1,0,0,0,0,0,0,0,0,0,0
130869,0,1,21,21,21,21,21,21,21,21,21,21
130869,1,1,0,0,0,0,0,0,0,0,0,0
130870,1,1,0,0,0,0,0,0,0,0,0,0
130871,1,1,20,17,16,15,36,21,11,24,22,5
130872,0,1,0,0,0,0,0,0,0,0,0,0
130872,1,1,0,27,22,17,0,14,0,25,35,12
130873,1,1,0,0,0,0,0,0,0,0,0,0
130873,2,1,0,0,0,0,0,0,0,0,0,0
130873,3,1,0,0,0,0,0,0,0,0,0,0
130874,1,1,14,14,14,14,14,14,14,14,14,14
130874,2,1,17,17,17,17,17,17,17,17,17,17
130875,1,1,0,0,0,0,0,4,27,19,0,0
130876,1,1,0,0,0,0,20,0,8,0,0,0
130877,1,1,0,16,17,0,0,0,0,0,0,17
130878,1,1,0,0,0,0,0,0,0,0,0,0
130878,2,1,0,0,0,0,0,0,0,0,0,0
130879,1,1,0,0,0,0,0,0,0,0,0,5
130879,2,1,0,0,0,0,0,0,0,0,0,0
130880,0,1,0,38,0,0,9,0,18,0,20,12
130880,1,1,0,0,0,0,0,0,0,0,0,0
130880,2,1,0,0,0,0,0,0,0,0,0,0
130880,3,1,0,0,0,0,0,0,0,0,0,0
130881,1,1,0,0,0,0,0,0,0,0,0,0
130882,1,1,10,10,10,10,10,10,10,10,10,10
130883,1,1,8,0,15,0,0,0,0,0,19,12
130884,1,1,0,0,0,0,0,0,0,0,0,0
130885,1,1,7,13,18,16,10,0,0,0,0,0
130885,2,1,11,0,19,0,0,26,16,8,0,0
130885,3,1,0,0,0,0,0,0,0,0,14,15
130886,1,1,20,26,17,0,6,31,0,0,18,23
130887,1,1,14,14,14,14,14,14,14,14,14,14
130887,2,1,12,0,0,0,0,0,0,0,0,0
130888,1,1,0,0,0,0,0,0,0,0,0,0
130888,2,1,0,0,0,0,0,0,0,0,0,0
130889,1,1,0,0,0,18,0,0,0,0,0,0
130890,1,1,0,0,0,0,0,0,0,0,0,0
130890,2,1,0,0,0,0,0,0,0,0,0,0
130891,1,1,0,0,0,0,0,0,0,0,0,0
130891,2,1,0,0,0,0,0,0,0,0,0,0
130891,3,1,0,0,11,0,0,0,0,0,0,0
130892,1,1,0,0,6,12,0,0,15,8,22,0
130892,2,1,0,0,0,0,0,0,0,0,0,0
130892,3,1,11,0,0,25,0,0,27,0,0,0
130892,4,1,0,22,8,10,0,38,15,0,10,0
130893,0,1,22,0,0,21,0,13,0,0,16,13
130893,0,2,27,11,31,33,21,0,36,30,23,24
130893,1,1,0,0,0,0,0,0,7,0,0,0
130894,1,1,0,0,0,0,0,0,0,0,0,0
130894,2,1,14,14,0,0,0,0,0,0,0,0
130895,1,1,15,15,15,15,15,15,15,15,15,15
130896,0,1,0,0,0,0,0,0,0,0,0,0
130896,1,1,17,0,4,0,17,0,0,0,0,0
130897,0,1,0,0,0,0,0,0,0,0,0,0
130897,1,1,0,0,0,0,0,0,0,0,0,0
130898,1,1,23,23,23,23,23,23,23,23,23,23
130898,2,1,0,0,0,0,0,0,0,0,0,0
130899,1,1,0,0,0,15,0,0,0,20,0,16
130900,1,1,13,0,31,0,0,28,0,19,16,0
130901,1,1,0,0,0,0,0,0,0,0,0,0
130902,0,1,0,0,0,0,0,6,0,0,0,36
130902,1,1,0,0,0,0,0,0,0,0,0,0
130903,1,1,19,19,19,19,19,19,19,19,19,19
130904,1,1,0,16,7,0,0,27,0,0,0,0
130904,2,1,0,0,0,0,0,0,0,0,0,0
130904,3,1,0,0,0,0,0,0,0,0,0,0
130905,1,1,17,9,6,0,0,0,0,23,21,0
130906,1,1,0,0,0,0,0,0,0,0,0,0
130906,2,1,0,0,0,0,0,0,0,0,0,0
130907,1,1,0,0,0,0,0,0,0,0,0,0
130907,2,1,2,0,0,0,0,0,0,0,0,0
130908,1,1,0,0,0,0,0,0,0,0,0,0
130909,1,1,0,0,0,15,0,0,0,0,25,6
130909,2,1,0,0,0,0,0,0,0,0,0,0
130910,1,1,0,0,0,0,0,0,0,0,0,0
130911,1,1,17,17,17,17,17,17,17,17,17,17
130912,1,1,0,0,6,0,0,0,20,33,0,40
130913,1,1,22,22,22,22,22,22,22,22,22,22
130913,2,1,0,0,0,0,0,0,0,0,0,49
130914,1,1,0,0,0,0,0,0,0,0,0,0
130914,2,1,0,0,0,0,0,0,0,0,0,0
130915,1,1,0,0,0,15,0,0,0,0,0,0
130915,2,1,0,0,0,0,0,0,0,8,0,16
130916,1,1,0,0,0,0,0,0,0,0,14,0
130916,2,1,0,0,0,0,0,0,0,0,0,0
130916,3,1,0,0,0,0,0,0,0,0,0,0
130917,0,1,0,0,0,0,0,0,0,0,0,0
130917,1,1,0,0,0,0,0,0,0,0,0,0
130917,2,1,13,23,16,19,7,0,23,10,6,0
130917,3,1,0,0,0,0,6,0,0,0,0,0
130917,4,1,0,0,0,0,0,0,0,0,0,0
130918,0,1,0,13,0,16,0,0,7,0,7,0
130918,1,1,2,0,0,0,0,0,0,0,0,0
130918,2,1,0,8,0,0,28,0,0,0,0,12
130919,1,1,9,9,9,9,9,9,9,9,9,9
130919,2,1,0,0,0,0,0,0,0,0,0,0
130920,1,1,0,0,0,0,0,0,0,0,0,0
130921,1,1,1,1,1,1,1,1,1,1,1,1
130922,1,1,0,0,0,0,0,0,0,0,0,0
130922,2,1,0,0,14,0,0,0,0,0,0,0
130923,1,1,27,27,27,27,27,27,27,27,27,27
130923,2,1,0,0,0,0,0,0,0,0,0,0
130924,1,1,0,0,0,0,0,0,0,0,0,0
130924,2,1,0,0,0,0,0,0,0,0,0,0
130924,3,1,0,0,0,0,0,0,0,0,0,0
130925,1,1,0,0,32,0,0,7,21,0,0,0
130926,1,1,0,0,0,0,16,0,0,0,0,0
130926,2,1,0,0,0,0,0,0,0,0,0,0
130927,1,1,23,17,4,27,13,17,6,5,33,19
130929,1,1,0,0,0,0,0,0,0,0,0,0
130929,2,1,0,0,0,0,0,0,0,0,0,0
130930,1,1,20,0,19,15,22,16,0,0,20,11
130931,0,1,0,0,0,0,0,15,0,0,0,0
130931,1,1,0,0,12,0,0,0,0,0,0,0
130932,1,1,0,0,0,0,0,0,0,0,0,0
130933,1,1,12,12,12,12,12,12,12,12,12,12
130933,2,1,10,10,10,10,10,10,10,10,10,10
130933,3,1,0,29,0,0,0,0,0,0,0,0
130934,1,1,0,0,0,0,13,0,0,0,0,0
130934,2,1,0,0,0,0,0,0,0,0,0,0
130935,1,1,0,0,15,16,0,12,0,0,16,0
130936,1,1,25,25,25,25,25,25,25,25,25,25
130937,1,1,0,0,0,0,0,0,0,0,0,0
130938,1,1,0,0,0,0,0,0,0,0,0,24
130938,2,1,0,0,8,5,0,0,0,0,0,0
130939,1,1,17,0,10,12,0,0,0,0,19,11
130940,0,1,0,0,0,0,15,13,0,0,0,0
130940,1,1,6,0,0,0,0,0,0,0,0,0
130942,1,1,17,18,14,25,18,19,0,9,10,0
130943,2,1,0,0,0,0,0,0,0,0,0,0
130943,3,1,0,0,0,0,0,0,0,0,0,0
130944,1,1,23,23,23,23,23,23,23,23,23,23
130944,2,1,0,0,0,0,0,0,0,0,0,0
130945,0,1,0,29,0,4,0,18,0,0,18,0
130945,1,1,4,0,0,0,0,0,0,0,0,0
130946,1,1,36,0,15,0,0,0,18,0,17,0
130947,1,1,0,0,0,0,0,0,0,0,0,0
130947,2,1,0,0,0,0,0,0,0,0,0,0
130948,1,1,0,0,0,21,0,0,0,0,0,0
130948,2,1,0,0,0,0,0,0,0,0,0,0
130949,1,1,0,0,0,0,0,0,0,0,0,0
130949,2,1,0,0,0,0,0,0,0,0,0,0
130950,1,1,0,0,7,0,0,0,0,15,4,23
130950,2,1,0,0,0,0,0,0,0,0,16,0
130951,1,1,29,13,12,7,0,40,0,21,0,25
130952,1,1,0,0,0,0,13,0,0,0,0,0
130953,0,1,11,11,11,11,11,11,11,11,11,11
130953,1,1,0,0,0,0,0,0,0,0,0,25
130954,1,1,0,0,0,0,0,0,0,0,0,0
130954,2,1,0,0,0,0,0,0,0,0,0,0
130955,1,1,13,13,13,13,13,13,13,13,13,13
130956,1,1,0,0,0,0,0,0,0,0,0,0
130956,2,1,0,0,0,0,0,0,0,0,0,0
130956,3,1,16,0,0,0,0,0,0,0,0,0
130957,1,1,0,0,0,0,0,0,0,0,0,0
130957,2,1,0,0,0,0,0,0,0,4,0,0
130958,0,1,0,0,0,0,0,14,0,0,0,13
130958,1,1,12,0,17,7,0,0,0,0,6,15
130959,0,1,25,25,25,25,25,25,25,25,25,25
130959,1,1,0,0,0,0,0,0,0,0,0,0
130960,1,1,5,5,5,5,5,5,5,5,5,5
130962,1,1,0,0,0,0,0,0,0,0,0,0
130963,1,1,0,24,19,0,0,0,0,0,25,0
130964,1,1,0,0,0,0,0,0,0,0,0,0
130965,1,1,0,0,0,0,0,0,0,0,0,0
130965,2,1,0,0,0,0,0,0,0,0,0,0
130965,3,1,0,0,0,0,0,0,0,0,0,0
130966,1,1,4,4,4,4,4,4,4,4,4,4
130966,2,1,0,0,0,0,0,0,0,0,0,0
130967,0,1,19,0,20,0,0,15,0,0,0,0
130967,1,1,0,0,0,15,10,8,0,0,2,9
130968,0,1,28,24,4,0,0,47,20,28,15,16
130968,1,1,0,0,0,0,0,0,0,0,0,0
130969,1,1,0,0,0,0,0,0,0,0,0,0
130969,2,1,0,0,0,0,0,0,0,0,0,0
130970,1,1,0,0,0,0,0,0,0,0,0,0
130971,0,1,0,0,0,0,0,0,0,0,0,0
130971,1,1,0,0,0,0,0,0,0,0,0,0
130972,0,1,6,0,0,0,26,0,0,0,0,34
130972,1,1,0,0,0,0,0,0,0,0,0,0
130973,1,1,23,23,23,23,23,23,23,23,23,23
130973,2,1,0,11,0,0,0,0,0,0,0,8
130974,0,1,37,37,37,37,37,37,37,37,37,37
130974,1,1,0,0,10,0,13,15,0,11,13,0
130975,0,1,0,0,0,0,0,0,0,0,0,0
130975,1,1,0,0,0,0,0,0,0,0,0,0
130976,0,1,15,20,28,32,40,10,18,6,7,13
130976,1,1,0,0,0,18,0,0,0,0,0,0
130977,0,1,0,0,0,0,0,0,0,0,0,0
130977,1,1,0,0,0,13,0,0,0,0,0,0
130978,0,1,0,0,0,0,0,0,0,0,0,0
130978,1,1,0,0,0,0,0,0,0,0,0,0
130979,0,1,0,24,15,22,21,0,21,7,0,0
130979,1,1,0,0,15,18,0,27,23,20,32,13
130980,1,1,0,0,0,0,0,0,0,0,0,0
130980,2,1,26,0,0,9,0,0,13,17,12,0
130981,1,1,6,6,6,6,6,6,6,6,6,6
130982,0,1,0,0,0,0,0,0,0,0,0,0
130982,1,1,31,27,4,2,22,20,11,0,15,20
130983,1,1,0,0,24,0,0,0,0,0,0,0
130983,2,1,0,0,0,0,0,0,0,0,0,20
130984,1,1,18,18,18,18,18,18,18,18,18,18
130985,1,1,0,0,0,0,0,0,0,0,0,0
130985,2,1,0,0,0,0,0,0,0,0,0,0
130986,1,1,12,12,12,12,12,12,12,12,12,12
130987,0,1,0,20,24,0,4,0,0,0,0,11
130987,1,1,0,0,0,0,0,0,0,0,0,0