ST_CASE,VEH_NO,PER_NO,P1,P2,P3,P4,P5,P6,P7,P8,P9,P10
170414,0,1,20,20,20,20,20,20,20,20,20,20
170414,1,1,20,20,20,20,20,20,20,20,20,20
170415,1,1,0,0,0,0,0,0,0,0,0,0
170415,2,1,0,0,0,0,0,0,0,0,0,0
170416,1,1,0,0,19,0,0,0,17,0,10,13
170417,1,1,37,37,37,37,37,37,37,37,37,37
170417,2,1,0,0,0,0,0,0,0,0,0,0
170417,3,1,0,0,0,0,0,0,0,0,0,0
170418,1,1,20,20,20,20,20,20,20,20,20,20
170419,1,1,0,0,0,0,0,0,0,0,0,0
170420,1,1,0,0,0,0,0,0,0,0,0,0
170420,2,1,0,0,0,0,0,0,0,0,0,0
170421,1,1,0,12,0,0,0,0,0,0,0,0
170421,2,1,0,0,0,0,0,0,0,0,0,0
170422,1,1,22,22,22,22,22,22,22,22,22,22
170422,2,1,0,0,0,0,0,0,0,0,0,0
170423,1,1,0,0,0,0,0,0,0,0,0,0
170423,2,1,0,0,0,0,0,0,0,0,10,0
170424,1,1,17,17,17,17,17,17,17,17,17,17
170425,1,1,20,20,20,20,20,20,20,20,20,20
170426,1,1,15,15,15,15,15,15,15,15,15,15
170427,1,1,0,0,0,0,0,0,0,0,0,0
170427,2,1,0,0,0,0,0,0,0,0,0,0
170428,1,1,16,16,16,16,16,16,16,16,16,16
170428,2,1,3,3,3,3,3,3,3,3,3,3
170429,1,1,12,15,27,12,10,0,17,15,0,12
170429,2,1,0,0,0,0,0,0,0,0,0,0
170430,1,1,0,0,0,0,0,0,0,0,0,0
170430,2,1,0,0,0,0,0,0,0,0,0,0
170431,1,1,0,0,0,0,0,0,0,0,0,0
170431,2,1,0,0,0,0,0,0,0,0,0,0
170432,1,1,27,9,0,0,0,0,0,0,0,18
170432,2,1,0,0,0,0,0,0,0,0,0,0
170433,1,1,0,0,0,0,0,33,0,0,0,0
170433,2,1,0,0,0,0,0,0,0,0,0,0
170434,1,1,0,0,0,0,13,0,0,0,0,0
170434,2,1,0,0,0,0,0,0,0,0,0,0
170434,3,1,0,0,0,0,0,0,0,0,0,0
170434,4,1,0,0,0,0,0,0,0,0,0,0
170434,5,1,0,0,0,0,0,0,0,0,0,0
170434,6,1,0,0,0,0,0,0,0,0,0,0
170435,1,1,0,0,0,0,0,0,0,0,0,0
170436,1,1,0,0,0,0,0,0,0,0,0,0
170438,0,1,0,22,38,0,0,9,26,0,24,0
170438,1,1,0,0,0,11,0,0,8,0,5,0
170439,1,1,25,25,25,25,25,25,25,25,25,25
170440,1,1,28,28,28,28,28,28,28,28,28,28
170441,1,3,35,24,49,0,16,19,0,15,14,0
170442,0,1,0,0,0,0,0,0,0,0,0,0
170442,1,1,0,0,0,0,0,0,0,0,0,0
170443,1,1,15,0,12,22,0,0,0,0,0,0
170443,2,1,0,0,0,0,0,0,0,0,0,0
170445,1,1,0,0,0,0,0,0,0,0,0,0
170445,2,1,0,0,0,0,0,0,0,0,0,0
170445,3,1,0,0,0,0,0,0,0,0,0,0
170446,1,1,0,0,0,0,0,0,0,0,0,0
170446,2,1,0,0,0,0,0,0,0,0,0,0
170447,1,1,16,16,16,16,16,16,16,16,16,16
170448,1,1,0,0,0,0,0,0,0,0,0,0
170449,1,1,0,0,0,0,0,0,0,0,0,0
170449,2,1,0,0,0,0,0,0,0,0,0,0
170449,3,1,0,0,0,0,0,0,0,0,0,0
170450,1,1,19,19,19,19,19,19,19,19,19,19
170452,1,1,0,0,0,0,0,0,0,0,0,0
170453,1,1,0,0,0,0,0,0,0,0,0,0
170454,1,1,0,0,0,0,0,0,0,0,0,0
170454,2,1,0,0,0,0,0,0,0,0,0,0
170455,1,1,0,0,0,0,0,0,0,0,0,0
170455,2,1,0,0,0,0,0,0,0,0,0,0
170456,1,1,0,0,0,0,0,0,0,0,0,0
170456,2,1,0,0,0,0,0,0,0,0,0,0
170457,1,1,26,26,26,26,26,26,26,26,26,26
170458,1,1,0,0,0,0,0,0,0,0,0,0
170459,1,1,0,0,0,0,0,0,0,0,0,0
170460,1,1,18,18,18,18,18,18,18,18,18,18
170461,1,1,5,5,5,5,5,5,5,5,5,5
170462,0,1,19,19,19,19,19,19,19,19,19,19
170462,1,1,0,0,0,0,13,13,0,3,14,0
170463,1,1,0,0,0,0,0,0,0,0,0,0
170463,2,1,0,0,0,14,0,0,12,0,0,0
170464,1,1,0,0,0,0,0,0,0,0,0,0
170464,2,1,12,0,0,0,0,0,0,0,0,0
170464,3,1,0,0,0,11,0,0,0,8,24,23
170464,4,1,0,0,0,0,0,0,0,0,0,0
170465,1,1,0,0,0,0,0,0,0,0,0,0
170465,2,1,0,0,0,0,0,0,0,0,0,0
170466,1,1,0,0,0,0,0,0,0,0,0,0
170466,2,1,0,0,0,13,0,0,0,0,0,0
170467,1,1,0,0,0,0,0,0,0,0,0,0
170467,2,1,0,0,0,0,0,0,0,0,0,0
170467,3,1,0,0,0,0,0,0,0,0,0,0
170468,1,1,0,0,10,0,0,0,0,0,0,21
170469,1,1,0,0,0,0,0,0,0,0,0,0
170471,1,1,18,18,18,18,18,18,18,18,18,18
170472,1,1,31,31,31,31,31,31,31,31,31,31
170473,1,1,11,11,11,11,11,11,11,11,11,11
170474,1,1,0,0,0,0,0,0,0,0,0,0
170475,1,1,10,10,10,10,10,10,10,10,10,10
170476,1,1,0,0,0,0,0,0,0,0,0,0
170476,2,1,0,0,0,0,0,4,0,0,15,0
170477,1,1,0,0,0,0,0,0,0,0,0,0
170478,1,1,0,0,0,0,0,0,13,14,0,0
170478,2,1,18,0,0,0,0,0,0,7,0,0
170478,3,1,0,0,0,0,0,0,0,7,0,0
170478,4,1,0,0,0,0,0,0,0,0,12,0
170480,1,1,0,0,0,0,0,0,0,0,17,0
170480,2,1,0,0,0,0,0,0,0,0,0,0
170481,1,1,0,0,0,0,0,0,0,0,0,0
170482,1,1,4,4,4,4,4,4,4,4,4,4
170482,2,1,0,0,0,0,0,0,0,0,0,0
170483,1,1,0,0,0,0,0,0,0,0,0,0
170484,1,1,25,25,25,25,25,25,25,25,25,25
170485,1,1,13,13,13,13,13,13,13,13,13,13
170486,1,1,0,0,12,15,15,0,6,26,0,0
170487,1,1,0,0,0,0,0,0,0,0,0,0
170488,1,1,15,15,15,15,15,15,15,15,15,15
170489,1,1,0,0,0,0,0,0,0,0,0,0
170490,1,1,0,0,0,0,0,0,0,0,0,0
170491,0,1,0,0,0,0,0,0,0,0,0,0
170491,1,1,0,0,0,0,0,0,0,0,0,0
170492,1,1,0,8,0,0,0,0,0,0,0,0
170493,1,1,0,0,0,0,0,0,0,0,0,0
170494,1,1,0,0,0,0,0,0,0,0,0,0
170495,1,1,0,0,0,0,0,0,0,0,0,0
170496,1,1,0,0,0,0,0,0,0,0,0,0
170496,2,1,0,0,0,0,0,0,0,0,0,0
170497,1,1,0,0,0,0,0,0,0,0,0,0
170498,1,1,16,16,16,16,16,16,16,16,16,16
170498,2,1,0,0,0,0,0,0,0,0,0,0
170499,1,1,0,0,0,0,0,0,0,0,0,0
170500,0,1,25,25,25,25,25,25,25,25,25,25
170500,1,1,0,16,0,0,0,0,0,0,0,0
170501,1,1,21,0,0,0,0,0,0,0,0,0
170502,1,1,14,0,27,11,16,13,22,0,33,2
170503,1,1,16,16,16,16,16,16,16,16,16,16
170504,1,1,11,0,0,0,0,0,4,0,0,0
170504,2,1,0,0,0,0,0,0,0,0,0,0
170505,1,1,15,15,15,15,15,15,15,15,15,15
170506,1,1,34,34,34,34,34,34,34,34,34,34
170507,1,1,0,0,0,0,0,0,0,0,0,0
170507,2,1,0,0,0,0,0,0,0,0,0,0
170508,1,1,18,18,18,18,18,18,18,18,18,18
170509,1,1,0,0,0,0,0,0,0,0,0,3
170509,2,1,0,0,0,0,0,0,0,0,0,0
170510,1,1,0,0,0,0,0,0,0,17,0,0
170510,2,1,0,0,0,0,0,0,6,0,0,0
170511,1,1,0,0,0,0,0,0,0,0,0,0
170511,2,1,0,0,0,0,0,0,0,0,0,0
170512,1,1,0,0,0,0,0,0,0,0,0,0
170512,2,1,0,0,0,0,0,0,0,0,0,0
170513,1,1,0,0,0,0,0,0,0,0,0,0
170513,2,1,0,0,0,0,0,0,0,0,0,0
170514,1,1,0,0,0,0,0,0,0,0,0,0
170514,2,1,0,0,0,0,0,0,0,0,0,0
170515,1,1,0,0,0,7,0,27,9,0,0,0
170515,2,1,0,0,0,0,7,0,0,0,0,0
170516,1,1,6,2,0,10,0,0,0,0,0,25
170516,2,1,0,0,0,0,0,0,0,0,0,0
170517,1,1,9,0,0,0,10,17,0,0,0,0
170517,2,1,0,0,0,0,0,0,0,0,0,0
170518,1,1,30,30,30,30,30,30,30,30,30,30
170518,2,1,0,0,0,0,0,0,0,0,0,0
170519,1,1,0,0,0,0,0,0,29,0,0,0
170519,2,1,0,0,17,12,0,0,0,0,0,15
170520,1,1,0,0,0,0,0,0,0,0,0,0
170520,2,1,0,0,0,0,0,0,0,0,0,0
170521,1,1,0,0,0,0,0,0,0,0,0,0
170522,0,1,0,0,0,0,0,0,0,0,0,0
170522,1,1,0,0,0,0,0,0,0,0,0,0
170523,1,1,18,18,18,18,18,18,18,18,18,18
170524,1,1,11,11,11,11,11,11,11,11,11,11
170525,1,1,70,70,70,70,70,70,70,70,70,70
170526,1,1,0,0,0,0,8,0,0,0,0,0
170527,1,1,0,0,0,0,0,0,0,0,0,0
170527,2,1,19,0,3,5,10,7,9,0,0,0
170528,1,1,39,6,6,26,6,10,1,26,10,11
170529,1,1,0,0,0,0,0,0,0,0,0,0
170530,0,1,0,0,0,0,0,0,0,0,0,0
170530,1,1,0,20,0,0,0,0,0,0,0,0
170531,1,1,20,20,20,20,20,20,20,20,20,20
170532,0,1,0,0,0,0,0,0,0,0,0,0
170532,1,1,0,0,0,0,0,0,0,0,0,0
170533,1,1,10,10,10,10,10,10,10,10,10,10
170534,1,1,25,25,25,25,25,25,25,25,25,25
170535,1,1,0,0,0,0,0,0,0,0,0,0
170535,2,1,0,0,0,0,0,0,0,0,0,0
170535,3,1,0,0,0,0,0,0,0,0,0,0
170536,0,1,0,0,0,0,0,0,0,0,0,0
170536,1,1,0,0,0,0,0,0,0,0,0,0
170537,1,1,0,0,0,0,0,0,0,0,0,0
170538,1,1,0,0,0,0,0,0,0,0,0,0
170538,2,1,0,0,0,0,0,0,0,0,0,0
170539,1,1,0,0,0,0,0,0,0,0,0,0
170540,1,1,0,0,0,0,0,0,0,0,0,0
170541,1,1,0,0,0,0,0,0,0,0,0,0
170543,1,1,12,12,12,12,12,12,12,12,12,12
170544,1,1,0,0,0,0,0,0,0,0,0,0
170545,1,1,25,25,25,25,25,25,25,25,25,25
170546,1,1,0,0,0,0,0,0,0,0,0,0
170547,1,1,20,7,14,6,3,5,25,0,5,12
170547,2,1,21,3,0,14,0,0,0,9,0,12
170548,1,1,0,0,0,0,0,0,0,0,0,0
170548,2,1,0,14,0,0,0,0,0,0,0,0
170549,1,1,17,17,17,17,17,17,17,17,17,17
170549,2,1,0,0,33,0,0,0,20,0,0,0
170550,1,1,17,15,19,13,14,9,0,18,17,15
170551,0,1,0,0,0,0,0,0,0,0,0,0
170551,1,1,0,0,0,0,0,0,0,0,0,0
170552,1,1,9,9,9,9,9,9,9,9,9,9
170552,2,1,0,0,0,0,0,0,0,0,0,0
170553,1,1,0,0,0,0,0,0,0,0,0,0
170553,2,1,0,0,0,0,0,0,0,0,0,0
170553,3,1,0,0,0,0,0,0,0,0,0,0
170554,1,1,12,12,12,12,12,12,12,12,12,12
170555,0,1,22,22,22,22,22,22,22,22,22,22
170555,1,1,0,3,21,0,0,0,0,15,0,0
170556,1,1,10,0,13,6,12,19,20,40,10,8
170556,2,1,0,0,0,40,0,0,0,0,0,11
170557,1,1,6,0,0,3,0,5,0,0,4,0
170557,2,1,17,15,0,0,19,0,0,10,17,6
170558,1,1,7,7,7,7,7,7,7,7,7,7
170558,2,1,0,0,0,0,0,0,0,0,0,0
170558,3,1,0,0,0,0,0,0,0,0,0,0
170558,4,1,0,22,0,0,0,0,0,0,0,0
170559,1,1,21,21,21,21,21,21,21,21,21,21
170560,0,1,34,0,22,34,0,0,20,0,0,40
170560,1,1,0,0,0,0,0,0,0,0,0,30
170561,1,1,0,0,0,0,0,0,0,0,0,0
170561,2,1,24,15,0,0,12,13,0,0,0,0
170562,1,1,0,0,0,0,0,0,0,0,0,0
170562,2,1,0,0,20,0,9,12,0,18,15,0
170564,1,1,35,35,35,35,35,35,35,35,35,35
170564,2,1,0,0,0,0,0,0,0,0,0,0
170565,1,1,15,15,15,15,15,15,15,15,15,15
170565,2,1,0,0,0,0,0,0,34,0,0,0
170566,1,1,0,0,0,0,0,0,0,0,0,0
170566,2,1,0,0,0,0,0,0,0,0,0,0
170567,1,1,22,22,22,22,22,22,22,22,22,22
170567,2,1,0,0,0,0,0,0,0,0,0,0
170567,3,1,0,0,0,0,0,0,0,0,0,0
170568,1,1,0,0,0,0,0,0,0,0,0,0
170568,2,1,0,0,0,0,0,0,0,0,0,0
170569,1,1,0,0,0,0,0,0,0,0,0,0
170570,1,1,0,0,0,0,0,0,0,0,0,0
170571,1,1,0,0,0,0,0,0,0,0,0,0
170571,2,1,0,0,0,0,0,0,0,0,0,0
170572,1,1,0,0,0,0,0,0,0,0,0,0
170572,2,1,0,0,0,0,0,0,0,0,0,0
170573,1,1,0,0,0,0,0,0,0,0,0,0
170573,2,1,0,15,0,0,0,0,0,0,0,0
170574,1,1,18,18,18,18,18,18,18,18,18,18
170574,2,1,0,0,0,0,0,0,0,0,0,0
170575,1,1,9,9,9,9,9,9,9,9,9,9
170576,1,1,0,0,0,0,0,0,0,0,0,0
170577,0,1,0,0,0,0,0,0,0,0,0,0
170577,1,1,0,0,0,0,0,0,0,0,0,0
170578,1,1,0,0,0,0,0,0,0,0,0,0
170578,2,1,0,0,0,0,0,0,0,0,0,0
170579,1,1,14,14,14,14,14,14,14,14,14,14
170579,2,1,0,0,0,0,0,0,0,0,0,0
170580,1,1,0,0,0,0,0,0,0,0,0,0
170580,2,1,0,0,0,0,0,0,0,0,0,0
170581,1,1,0,0,0,0,0,0,0,0,0,0
170581,2,1,0,0,0,6,0,0,0,0,0,0
170582,1,1,0,0,0,14,0,0,0,0,0,0
170582,2,1,0,0,0,0,0,0,0,0,0,0
170583,0,1,16,16,16,16,16,16,16,16,16,16
170583,1,1,0,0,0,0,0,14,0,0,0,0
170584,0,1,0,0,0,0,34,0,0,0,0,0
170584,0,2,0,0,0,0,0,0,0,0,0,0
170584,1,1,0,9,0,0,0,11,0,11,0,0
170585,1,1,53,53,53,53,53,53,53,53,53,53
170585,2,1,0,0,0,0,0,0,0,10,0,0
170586,1,1,0,0,0,0,0,0,0,0,0,0
170586,2,1,0,0,0,0,0,0,0,0,0,0
170587,1,1,0,0,0,0,0,0,0,0,0,0
170587,2,1,0,2,0,0,0,0,0,0,0,0
170588,0,1,0,0,0,0,0,0,0,0,0,0
170588,1,1,0,0,0,0,0,0,0,0,0,0
170589,1,1,0,0,0,0,0,0,0,0,0,0
170589,2,1,0,0,0,0,0,0,0,0,0,0
170589,3,1,0,0,0,0,0,0,0,0,0,0
170590,1,1,0,0,0,0,0,0,0,0,0,0
170590,2,1,0,0,0,0,0,0,0,0,0,0
170590,3,1,0,0,0,0,0,0,0,0,0,0
170590,4,1,0,0,0,0,0,0,0,0,0,12
170591,0,1,0,18,0,9,14,0,0,0,30,0
170591,1,1,0,0,0,0,0,0,0,0,0,0
170592,1,1,0,0,0,0,0,0,0,0,0,0
170592,2,1,0,0,0,0,0,0,0,0,0,0
170593,1,1,21,21,21,21,21,21,21,21,21,21
170593,2,1,0,0,0,3,0,0,0,0,0,0
170594,1,1,25,25,25,25,25,25,25,25,25,25
170595,1,1,0,15,0,0,0,0,6,0,0,0
170596,1,1,0,0,0,0,0,0,0,19,0,0
170597,1,1,0,0,30,0,0,0,0,0,0,0
170597,2,1,0,0,0,0,0,18,0,0,0,0
170598,0,1,32,32,32,32,32,32,32,32,32,32
170598,1,1,0,0,0,0,0,0,0,0,0,0
170599,0,1,2,2,2,2,2,2,2,2,2,2
170599,1,1,0,10,0,0,0,0,0,21,0,0
170600,0,1,0,0,0,0,0,0,0,0,0,0
170600,1,1,0,0,0,0,0,0,0,0,0,0
170600,2,1,0,0,0,0,0,0,0,0,0,0
170601,1,1,0,0,0,0,0,0,0,0,0,0
170601,2,1,0,7,0,0,0,0,0,0,0,0
170602,1,1,0,0,0,0,0,0,0,0,0,0
170602,2,1,0,0,0,0,0,0,0,0,0,0
170603,1,1,0,0,0,0,0,0,0,0,0,0
170603,2,1,0,0,0,0,0,0,0,0,0,15
170604,1,1,0,0,22,0,0,0,0,0,0,0
170605,1,1,23,23,23,23,23,23,23,23,23,23
170606,1,1,33,17,5,28,6,19,3,5,11,13
170607,1,1,27,27,27,27,27,27,27,27,27,27
170608,1,1,0,0,0,0,0,0,0,0,0,0
170608,2,1,0,0,0,0,0,0,0,0,0,0
170609,0,1,0,12,0,36,9,0,0,15,0,0
170609,1,1,0,0,0,0,0,0,0,0,0,0
170610,0,1,0,0,0,0,0,0,0,0,0,0
170610,1,1,0,0,0,0,0,0,0,0,0,0
170611,0,1,0,0,0,0,0,0,0,0,0,0
170611,1,1,0,0,0,0,0,0,0,0,0,0
170612,1,1,14,14,14,14,14,14,14,14,14,14
170612,2,1,27,16,8,17,4,16,13,19,11,20
170613,0,1,0,0,0,0,0,0,0,0,0,0
170613,1,1,7,7,7,7,7,7,7,7,7,7
170614,1,1,0,0,0,0,0,0,0,0,0,0
170614,2,1,0,0,0,0,0,0,0,0,0,0
170616,0,1,0,0,0,0,0,0,0,0,0,0
170616,1,1,0,0,0,0,0,0,16,17,0,0
170617,1,1,0,0,0,0,0,15,4,0,0,0
170617,2,1,0,0,0,0,0,0,0,0,0,0
170618,0,1,0,0,0,0,0,0,0,0,0,0
170618,1,1,0,0,0,0,0,0,0,0,0,0
170619,0,1,0,0,0,0,0,0,0,0,0,0
170619,1,1,0,0,0,0,0,0,0,16,0,0
170620,1,1,0,0,0,0,0,0,0,0,0,0
170620,2,1,0,0,0,0,0,0,0,0,0,0
170621,0,1,0,0,0,0,0,0,0,0,0,0
170621,1,1,0,0,0,0,0,0,0,0,0,9
170622,0,1,0,0,14,14,0,28,0,0,0,0
170622,1,1,0,0,0,0,0,0,0,0,15,0
170623,1,1,0,0,0,0,0,0,0,0,0,0
170623,2,1,0,0,0,0,0,0,0,0,0,0
170624,1,1,0,0,0,0,0,0,0,0,0,0
170624,2,1,23,0,0,0,0,0,0,0,0,0
170625,1,1,0,0,0,0,0,0,0,0,0,0
170625,2,1,17,0,0,0,0,0,0,0,0,0
170626,1,1,0,0,0,0,0,0,0,0,0,0
170627,1,1,0,0,0,0,0,0,0,0,0,0
170627,2,1,0,0,0,0,0,0,0,0,0,0
170628,1,1,22,22,22,22,22,22,22,22,22,22
170629,0,1,0,0,0,0,0,33,0,0,0,0
170629,1,1,0,0,0,0,0,0,0,0,0,0
170630,1,1,0,0,0,0,0,0,0,0,0,0
170630,2,1,0,0,0,0,0,0,0,0,0,0
170631,1,1,0,0,0,0,0,0,0,0,0,0
170631,2,1,0,0,0,0,0,4,12,7,0,19
170631,3,1,0,0,0,0,0,0,0,0,0,0
170632,1,1,9,9,9,9,9,9,9,9,9,9
170632,2,1,0,5,0,0,0,0,0,0,0,0
170633,1,1,17,17,17,17,17,17,17,17,17,17
170633,2,1,0,0,0,0,0,0,0,0,0,0
170634,1,1,10,10,14,0,0,0,15,13,0,0
170635,0,1,0,0,0,0,0,0,0,0,0,0
170635,1,1,0,0,0,0,0,0,0,0,0,0
170636,1,1,0,0,0,0,0,0,0,0,0,0
170636,2,1,0,0,0,0,0,0,0,0,0,0
170637,1,1,20,20,20,20,20,20,20,20,20,20
170637,2,1,21,0,0,0,0,0,0,0,0,0
170637,3,1,0,0,0,0,0,0,0,0,0,0
170637,4,1,0,0,19,0,0,0,0,0,0,0
170638,1,1,13,5,0,0,11,5,0,0,0,11
170638,2,1,0,0,0,0,0,0,0,0,0,0
170638,3,1,0,0,0,0,0,0,0,0,0,23
170638,4,1,0,0,0,0,0,0,0,0,0,0
170638,5,1,0,0,13,0,0,0,0,0,0,0
170638,6,1,0,0,0,0,0,0,0,0,0,0
170639,0,1,0,0,0,0,0,0,0,0,0,0
170639,1,1,0,0,0,0,0,0,15,0,0,0
170640,1,1,20,20,20,20,20,20,20,20,20,20
170641,1,1,25,0,8,22,16,33,0,19,0,16
170642,1,1,0,0,0,0,0,0,0,0,0,0
170642,2,1,0,0,0,0,0,0,0,0,0,0
170642,3,1,0,0,0,0,0,0,0,0,0,0
170643,1,1,6,6,6,6,6,6,6,6,6,6
170643,2,1,0,0,22,0,0,0,0,0,2,0
170644,1,1,0,0,0,0,0,0,0,0,0,0
170644,2,1,0,0,0,0,0,0,0,0,0,0
170645,0,1,0,0,0,0,0,0,0,0,0,0
170645,1,1,0,0,0,0,0,0,0,0,0,0
170646,1,1,0,14,0,14,16,0,17,0,7,18
170647,1,1,25,0,4,3,0,0,11,0,28,46
170648,1,1,0,0,0,0,0,0,0,0,0,0
170649,0,1,0,0,0,0,0,0,0,0,0,0
170649,1,1,0,0,0,0,0,0,0,0,0,0
170650,1,1,5,5,5,5,5,5,5,5,5,5
170651,1,1,0,0,0,14,33,13,29,12,27,13
170652,1,1,17,17,17,17,17,17,17,17,17,17
170653,0,1,0,0,0,0,0,0,0,0,0,0
170653,1,1,0,0,0,0,0,0,0,0,0,0
170654,1,1,19,19,19,19,19,19,19,19,19,19
170655,1,1,0,0,0,0,0,0,0,0,0,0
170655,2,1,0,0,0,0,0,0,0,0,0,0
170656,1,1,0,0,0,0,0,0,0,0,0,0
170656,2,1,11,11,11,11,11,11,11,11,11,11
170657,0,1,0,0,0,0,0,0,0,0,0,0
170657,1,1,0,0,0,0,0,0,0,0,0,0
170658,0,1,7,15,0,10,37,20,20,16,9,0
170658,1,1,0,0,0,0,0,0,0,0,0,0
170659,0,1,5,5,5,5,5,5,5,5,5,5
170659,1,1,0,0,0,0,0,0,0,13,0,0
170660,1,1,14,14,14,14,14,14,14,14,14,14
170661,1,1,31,31,31,31,31,31,31,31,31,31
170661,2,1,0,0,0,0,0,0,0,0,0,0
170661,3,1,0,0,0,0,0,0,0,7,0,0
170662,1,1,3,3,3,3,3,3,3,3,3,3
170663,1,1,0,0,0,0,0,0,0,0,0,0
170663,2,1,0,0,0,0,0,0,0,0,0,0
170664,1,1,0,0,0,0,0,9,0,5,17,11
170664,2,1,0,0,0,7,0,0,0,0,0,0
170665,1,1,0,0,0,0,0,0,0,0,0,0
170665,2,1,0,0,0,0,0,0,0,0,0,0
170666,0,1,0,0,0,0,0,0,0,0,0,0
170666,1,1,0,0,0,8,0,0,0,0,0,0
170667,1,1,39,39,39,39,39,39,39,39,39,39
170668,1,1,0,0,0,0,0,0,0,0,0,0
170668,2,1,0,0,0,0,0,0,0,0,0,0
170669,1,1,0,0,0,0,0,0,0,0,0,0
170669,2,1,0,0,0,0,0,0,0,0,0,0
170670,1,1,3,3,3,3,3,3,3,3,3,3
170671,1,1,0,0,0,0,0,0,0,0,0,0
170672,1,1,0,0,0,0,0,0,0,0,0,0
170672,2,1,0,0,0,0,0,0,0,0,0,0
170673,1,1,19,19,19,19,19,19,19,19,19,19
170673,2,1,0,0,0,0,0,0,0,0,0,0
170674,1,1,0,0,0,0,0,0,0,0,0,0
170674,2,1,0,0,0,0,0,0,0,0,0,0
170674,3,1,0,16,0,0,0,0,0,0,0,0
170674,4,1,0,0,0,0,0,0,0,0,9,3
170675,1,1,0,0,0,0,0,0,0,0,0,0
170675,2,1,0,0,0,0,0,0,0,0,0,0
170676,1,1,0,0,0,0,0,0,0,0,0,0
170677,1,1,6,6,6,6,6,6,6,6,6,6
170677,2,1,0,0,0,0,0,0,0,0,0,0
170678,1,1,0,0,0,0,0,0,0,0,0,0
170679,1,1,0,0,0,0,0,0,0,0,0,0
170679,2,1,0,0,0,0,0,0,0,0,0,0
170680,1,1,16,16,16,16,16,16,16,16,16,16
170681,1,1,24,24,24,24,24,24,24,24,24,24
170682,1,1,0,0,0,16,0,0,0,13,21,0
170682,2,1,0,0,0,0,0,0,0,0,0,0
170683,1,1,17,0,22,0,0,0,0,0,0,0
170683,2,1,13,0,0,0,0,23,0,0,0,0
170684,1,1,29,29,29,29,29,29,29,29,29,29
170684,2,1,0,0,0,0,0,0,0,0,0,0
170685,1,1,0,0,0,0,0,0,0,0,0,0
170685,2,1,0,0,0,0,0,0,0,0,0,0
170686,0,1,20,30,11,3,14,33,18,16,23,21
170686,1,1,2,6,0,0,15,0,0,0,0,0
170687,1,1,0,0,0,0,0,0,0,0,0,0
170688,0,1,7,7,7,7,7,7,7,7,7,7
170688,0,2,0,0,0,0,0,0,0,0,0,0
170688,1,1,0,5,12,0,0,0,0,0,0,0
170689,1,1,0,0,0,0,0,0,0,0,0,0
170689,2,1,0,0,0,0,0,0,0,0,0,0
170689,3,1,0,0,0,0,0,0,0,0,0,0
170690,1,1,10,10,10,10,10,10,10,10,10,10
170691,1,1,2,2,2,2,2,2,2,2,2,2
170692,1,1,0,0,0,0,0,0,0,0,0,0
170692,2,1,0,0,11,0,0,0,0,0,0,0
170693,0,1,0,0,0,0,0,0,0,0,0,0
170693,1,1,0,0,0,18,0,0,0,0,0,0
170694,0,1,10,0,7,26,9,28,0,0,20,27
170694,1,1,10,10,10,10,10,10,10,10,10,10
170695,1,1,0,0,0,0,0,8,26,0,0,17
170696,1,1,0,0,0,0,0,0,0,0,0,0
170696,2,1,0,22,0,0,12,0,0,0,0,0
170697,0,1,7,7,7,7,7,7,7,7,7,7
170697,1,1,0,1,8,10,0,0,0,0,16,3
170698,0,1,30,30,30,30,30,30,30,30,30,30
170698,1,1,0,0,0,0,0,0,5,0,0,0
170699,1,1,19,0,0,0,0,0,0,0,18,0
170699,2,1,0,0,0,0,0,0,0,0,0,0
170700,0,1,19,19,19,19,19,19,19,19,19,19
170700,1,1,0,0,0,12,0,0,19,0,0,0
170701,1,1,0,0,0,0,0,0,0,0,0,17
170701,2,1,0,0,0,0,0,0,0,0,0,0
170702,1,1,0,0,0,0,0,0,0,0,0,0
170702,2,1,0,0,0,0,0,0,0,0,0,0
170702,3,1,0,0,0,0,0,0,0,0,0,0
170703,1,1,0,0,0,0,0,0,0,0,0,0
170703,2,1,0,0,0,0,0,0,0,0,0,0
170704,1,1,0,0,0,0,0,0,0,0,0,0
170704,2,1,0,0,0,0,0,0,0,0,0,0
170705,1,1,0,0,0,0,0,0,0,0,0,0
170705,2,1,0,0,0,0,0,0,0,0,0,0
170706,1,1,0,0,0,0,0,0,0,0,0,0
170707,0,1,21,21,21,21,21,21,21,21,21,21
170707,1,1,0,15,0,12,0,0,7,0,22,11
170708,1,1,0,0,0,0,0,0,0,0,0,0
170708,2,1,0,0,0,0,0,0,0,0,0,0
170709,1,1,0,0,0,0,0,0,0,0,0,0
170709,2,1,0,0,0,0,0,0,0,0,0,0
170710,1,1,0,0,0,0,0,0,0,0,0,0
170710,2,1,0,0,0,0,0,0,0,0,0,0
170711,0,1,56,0,0,20,0,6,0,40,0,0
170711,1,1,0,26,0,13,0,0,0,0,0,0
170712,0,1,0,0,0,0,0,0,0,8,0,0