ST_CASE,VEH_NO,PER_NO,P1,P2,P3,P4,P5,P6,P7,P8,P9,P10
220636,2,1,0,0,0,0,0,0,0,0,0,0
220637,1,1,0,0,0,0,0,0,0,0,0,0
220637,2,1,9,9,9,9,9,9,9,9,9,9
220638,0,1,23,23,23,23,23,23,23,23,23,23
220638,1,1,0,0,0,0,0,0,0,0,0,0
220639,0,1,0,0,0,0,0,0,0,0,0,0
220639,1,1,0,0,15,13,14,0,0,27,12,0
220640,1,1,0,0,0,0,0,0,0,0,0,0
220641,1,1,0,0,0,0,0,0,0,0,0,0
220641,2,1,0,0,0,0,0,0,0,0,0,0
220642,0,1,0,0,0,0,0,12,0,0,0,0
220642,1,1,0,0,0,0,0,0,0,0,0,0
220643,1,1,0,0,0,0,0,0,0,0,0,0
220643,2,1,0,0,0,0,0,0,0,0,0,0
220644,1,1,0,0,0,0,0,0,0,0,0,0
220645,1,1,0,0,0,0,0,0,0,0,0,0
220645,2,1,0,0,0,0,0,0,0,0,0,0
220646,0,1,30,30,30,30,30,30,30,30,30,30
220646,1,1,0,0,0,0,0,0,0,0,0,10
220647,0,1,0,22,0,0,0,0,0,0,0,0
220647,1,1,13,13,13,13,13,13,13,13,13,13
220648,1,1,11,11,11,11,11,11,11,11,11,11
220648,2,1,11,11,11,11,11,11,11,11,11,11
220649,1,1,14,14,14,14,14,14,14,14,14,14
220650,1,1,0,0,0,0,0,0,0,0,0,0
220650,2,1,0,0,0,0,0,0,0,0,0,0
220651,1,1,17,0,13,0,32,0,25,22,26,0
220652,1,1,0,0,0,0,0,0,0,0,0,0
220652,2,1,0,0,0,0,0,0,0,0,0,0
220653,1,1,0,0,0,0,0,0,0,0,0,0
220654,0,1,0,0,0,0,0,0,0,0,0,0
220654,1,1,0,0,0,0,0,0,0,0,0,0
220655,1,1,0,0,0,0,0,0,0,0,0,0
220656,1,1,0,0,0,0,0,0,0,0,0,0
220656,2,1,0,0,0,0,0,0,0,0,0,0
220657,1,1,0,0,0,0,0,0,0,0,0,0
220657,2,1,1,1,1,1,1,1,1,1,1,1
220658,1,1,26,26,26,26,26,26,26,26,26,26
220659,0,1,32,32,32,32,32,32,32,32,32,32
220659,1,1,0,0,0,0,0,0,0,0,0,0
220660,1,1,0,0,0,0,0,0,0,0,0,0
220660,2,1,0,0,0,0,0,0,0,0,0,0
220661,0,1,0,0,0,0,0,0,0,0,0,0
220661,1,1,0,0,0,0,0,0,0,0,0,0
220662,0,1,0,0,0,0,0,0,0,0,0,0
220662,1,1,24,24,24,24,24,24,24,24,24,24
220663,1,1,0,0,0,17,16,9,0,28,0,0
220664,1,1,0,0,0,0,0,0,0,0,0,0
220665,1,1,0,0,0,0,0,0,0,0,14,23
220666,1,1,16,16,16,16,16,16,16,16,16,16
220666,2,1,0,0,0,0,0,0,0,0,0,0
220667,0,1,0,0,0,0,0,0,0,0,0,19
220667,1,1,0,0,0,0,0,0,0,0,0,0
220668,1,1,18,17,27,31,12,28,19,23,10,10
220669,1,1,0,0,0,0,0,0,0,0,0,0
220669,2,1,0,0,0,0,0,0,0,0,0,0
220670,1,1,0,0,0,0,0,0,0,0,0,0
220671,0,1,22,22,22,22,22,22,22,22,22,22
220671,1,1,0,0,0,0,0,0,0,0,0,0
220672,0,1,0,0,0,0,0,0,0,0,0,0
220672,1,1,4,0,0,11,12,26,9,0,0,0
220673,1,1,0,0,0,0,0,0,0,0,0,0
220674,0,1,0,0,0,0,0,0,0,0,0,0
220674,1,1,0,0,0,0,0,0,0,0,0,0
220675,1,1,0,0,0,0,0,0,0,0,0,0
220676,1,1,0,0,0,0,0,0,0,0,0,0
220676,2,1,0,0,0,0,0,0,0,0,0,0
220678,1,1,0,0,0,0,0,0,0,0,0,0
220678,2,1,0,0,0,0,0,0,0,0,0,0
220679,1,1,0,0,0,0,0,0,0,0,0,0
220680,1,1,24,0,16,0,0,0,15,33,0,0
220681,1,1,0,0,0,9,0,0,0,0,0,0
220681,2,1,0,0,0,0,0,0,0,0,0,0
220682,1,1,0,0,0,0,0,0,0,0,0,0
220682,2,1,0,4,0,0,0,0,0,0,0,0
220683,0,1,0,0,14,0,25,0,32,7,0,0
220683,1,1,0,0,0,0,0,0,0,0,0,0
220684,1,1,11,11,11,11,11,11,11,11,11,11
220685,1,1,0,0,0,0,0,0,0,0,0,0
220685,2,1,0,0,0,0,0,0,0,0,0,0
220685,3,1,0,0,0,0,0,0,0,0,0,0
220686,1,1,10,10,10,10,10,10,10,10,10,10
220687,1,1,11,11,11,11,11,11,11,11,11,11
220688,0,1,0,0,0,0,0,0,0,0,0,0
220688,1,1,0,0,0,0,0,0,0,0,0,0
220689,1,1,0,0,0,0,0,0,0,0,0,0
220689,2,1,0,0,0,0,0,0,0,0,0,0
220690,1,1,0,0,0,0,0,0,0,0,0,0
220690,2,1,0,0,0,0,0,0,0,0,0,0
220690,3,1,0,0,0,0,0,0,0,0,0,0
220690,4,1,16,0,0,0,0,0,0,0,0,0
220691,1,1,20,20,20,20,20,20,20,20,20,20
220692,1,1,0,0,0,0,0,0,0,0,0,0
220693,0,1,0,0,0,0,0,0,0,0,0,0
220693,1,1,0,0,0,0,0,0,0,0,0,0
220694,1,1,44,44,44,44,44,44,44,44,44,44
220694,2,1,0,0,0,0,0,0,0,0,0,0
220695,0,1,0,0,0,0,0,0,0,0,0,0
220695,1,1,0,0,0,0,0,0,0,0,0,0
220696,1,1,18,18,18,18,18,18,18,18,18,18
220698,1,1,20,20,20,20,20,20,20,20,20,20
220698,2,1,0,0,0,0,0,0,0,0,0,0
220699,1,1,20,20,20,20,20,20,20,20,20,20
220699,2,1,0,0,0,0,0,0,0,0,0,0
220700,1,1,0,0,20,0,0,0,0,0,0,0
220701,0,1,0,0,0,0,0,0,0,0,0,0
220701,2,1,0,0,0,0,0,0,0,0,0,0
220702,1,1,20,20,20,20,20,20,20,20,20,20
220703,1,1,0,0,0,0,0,0,0,0,0,0
220703,2,1,0,0,0,0,0,0,0,0,0,0
220703,3,1,0,0,0,0,0,0,0,0,0,0
220704,1,1,0,0,0,0,0,0,25,0,0,0
220704,2,1,0,0,0,0,0,0,0,0,0,0
220705,1,1,0,0,0,0,0,0,0,0,0,0
220705,2,1,0,0,0,0,0,0,28,10,0,0
220706,0,1,0,0,0,0,0,0,0,0,0,0
220706,1,1,0,0,0,0,0,0,0,0,0,0
220707,1,1,21,21,21,21,21,21,21,21,21,21
220708,1,1,0,0,0,0,0,0,0,0,0,0
220708,2,1,0,0,0,0,0,0,0,0,0,0
220709,0,1,0,0,0,0,0,0,0,0,0,0
220709,1,1,0,0,0,0,0,0,0,0,0,0
220710,1,1,9,0,0,0,0,0,0,14,0,27
220710,2,1,7,0,24,0,0,0,0,0,0,35
220711,1,1,0,0,0,0,0,0,0,0,0,0
220711,2,1,10,0,0,0,0,0,0,0,0,0
220711,3,1,0,5,0,0,0,0,0,0,0,0
220711,4,1,0,0,0,0,0,5,3,0,0,0
220711,5,1,6,16,0,0,0,0,0,0,0,0
220712,1,1,0,0,0,0,0,0,0,0,0,0
220712,2,1,0,0,0,0,0,0,0,0,0,0
220712,3,1,0,0,0,0,0,0,0,13,0,0
220712,4,1,0,0,0,0,0,0,0,0,0,0
220712,5,1,0,0,0,0,0,0,0,0,0,0
220712,6,1,0,0,0,0,0,0,0,0,0,0
220712,7,1,0,0,0,0,0,0,0,0,0,0
220712,8,1,0,0,0,0,0,0,0,0,0,0
220712,9,1,0,10,0,0,0,9,0,13,0,0
220712,10,1,0,0,0,0,0,17,0,0,0,0
220712,11,1,0,0,0,0,0,0,0,0,0,0
220713,0,1,0,0,0,0,0,0,0,12,0,0
220713,1,1,0,0,0,0,0,14,0,9,0,0
220714,0,1,0,0,0,0,0,0,0,0,17,0
220714,1,1,0,0,0,0,0,0,0,0,0,0
220715,0,1,0,32,0,0,0,0,0,0,23,0
220715,1,1,0,0,0,0,0,0,0,0,0,0
220716,1,1,6,6,6,6,6,6,6,6,6,6
220717,1,1,0,0,0,0,0,0,0,0,0,0
220718,1,1,0,0,0,0,0,0,0,0,0,0
220718,2,1,0,0,0,0,0,0,0,0,0,0
220719,1,1,15,15,15,15,15,15,15,15,15,15
220720,0,1,0,0,0,0,0,0,0,0,0,0
220720,1,1,0,30,0,19,15,0,11,0,19,28
220721,0,1,0,0,0,0,0,0,0,0,0,0
220721,1,1,0,0,0,0,0,0,0,0,0,0
220722,1,1,13,0,0,47,9,0,13,0,16,0
220723,1,1,0,0,9,26,6,10,0,24,8,0
220724,1,1,0,0,0,0,0,0,0,0,0,0
220725,1,1,1,1,1,1,1,1,1,1,1,1
220726,1,1,0,0,16,22,0,0,13,25,0,0
220727,1,1,30,30,30,30,30,30,30,30,30,30
220728,1,1,0,0,0,0,0,0,0,0,0,0
220728,2,1,0,0,0,0,0,0,0,0,0,0
220729,0,1,0,0,0,0,0,0,0,0,0,0
220729,1,1,6,3,10,14,7,3,0,0,0,0
230001,1,1,21,0,0,0,0,0,0,0,0,28
230001,2,1,0,27,0,0,0,0,0,0,0,0
230003,1,1,0,0,0,0,0,0,0,23,0,0
230003,2,1,11,0,0,0,0,0,0,0,0,0
230003,3,1,0,0,0,0,0,0,0,27,0,0
230004,1,1,0,0,0,0,0,0,0,0,0,0
230005,1,1,0,0,0,0,0,0,0,0,0,0
230005,2,1,0,0,0,0,0,0,0,11,0,0
230006,1,1,12,12,12,12,12,12,12,12,12,12
230006,2,1,10,10,10,10,10,10,10,10,10,10
230007,1,1,0,0,0,0,0,0,0,0,0,0
230008,1,1,0,0,0,0,0,0,0,0,0,0
230009,1,1,0,0,0,0,0,0,0,0,0,0
230010,1,1,0,0,0,0,0,0,0,0,0,0
230011,0,1,0,0,0,0,0,0,0,0,0,0
230011,1,1,0,0,0,0,0,0,0,0,0,0
230012,1,1,0,0,0,0,0,0,0,0,0,0
230012,2,1,0,0,0,0,0,0,0,0,0,0
230013,1,1,25,25,25,25,25,25,25,25,25,25
230015,1,1,0,0,0,0,0,0,0,0,0,0
230015,2,1,0,0,0,0,0,0,0,0,0,0
230016,1,1,0,13,0,0,0,0,0,0,0,0
230017,1,1,0,0,0,0,0,0,0,0,0,0
230018,1,1,12,12,12,12,12,12,12,12,12,12
230019,0,1,0,0,0,0,0,25,0,39,19,0
230019,1,1,0,0,0,0,0,0,0,0,0,0
230020,1,1,0,0,0,0,0,0,0,0,0,0
230020,2,1,0,0,0,0,0,0,0,0,0,0
230021,1,1,0,0,0,7,0,0,0,0,0,0
230022,1,1,0,0,0,0,0,0,0,0,0,0
230023,1,1,0,0,0,0,0,0,0,0,0,0
230023,2,1,73,73,73,73,73,73,73,73,73,73
230024,1,1,0,0,0,0,0,0,0,0,0,0
230025,0,1,0,0,0,0,0,0,0,0,0,0
230025,1,1,0,0,0,0,0,0,0,0,0,0
230026,1,1,0,0,0,0,0,0,0,0,0,0
230026,2,1,0,0,0,0,0,0,0,0,0,0
230027,1,1,0,0,0,0,0,0,0,0,0,0
230028,1,1,0,0,11,0,0,0,24,0,0,4
230029,1,1,0,0,0,0,0,0,0,0,0,0
230029,2,1,0,0,0,0,0,0,0,0,0,0
230030,1,1,0,0,0,0,0,0,0,0,0,0
230031,1,1,0,0,0,0,0,0,0,0,0,0
230032,1,1,17,17,17,17,17,17,17,17,17,17
230033,1,1,0,0,0,0,0,0,0,0,0,0
230033,2,1,0,0,0,0,0,0,0,0,0,0
230034,1,1,24,24,24,24,24,24,24,24,24,24
230035,1,1,25,25,25,25,25,25,25,25,25,25
230036,1,1,0,0,0,0,0,0,0,0,0,0
230037,1,1,0,0,0,8,0,0,7,0,0,0
230037,2,1,3,4,13,10,6,6,20,14,15,5
230038,1,1,21,21,21,21,21,21,21,21,21,21
230039,1,1,0,0,0,0,0,0,0,0,0,0
230039,2,1,0,0,0,0,0,0,0,0,0,0
230039,3,1,0,0,0,0,0,0,0,0,0,0
230040,1,1,13,13,13,13,13,13,13,13,13,13
230041,1,1,17,17,17,17,17,17,17,17,17,17
230042,1,1,0,0,0,0,0,0,0,0,0,0
230042,2,1,0,20,0,0,0,0,0,0,0,0
230043,1,1,6,6,6,6,6,6,6,6,6,6
230044,1,1,0,0,0,0,0,0,0,0,0,0
230045,1,1,0,0,0,0,0,0,0,0,0,0
230045,2,1,0,0,0,0,0,0,0,0,0,0
230045,3,1,0,0,0,0,0,0,0,0,0,0
230046,1,1,0,0,0,0,0,0,0,0,0,0
230046,2,2,5,0,12,0,14,0,0,0,0,0
230047,1,1,0,0,0,0,0,0,0,0,0,0
230048,1,2,13,13,13,13,13,13,13,13,13,13
230049,1,1,0,0,0,0,0,0,0,0,0,0
230049,2,1,0,0,0,0,0,0,0,0,0,0
230049,3,1,0,0,0,0,0,0,0,0,0,0
230050,1,1,0,0,0,0,0,0,0,0,0,0
230051,1,1,5,5,5,5,5,5,5,5,5,5
230052,1,1,11,11,11,11,11,11,11,11,11,11
230053,1,1,17,17,17,17,17,17,17,17,17,17
230054,1,1,0,0,0,0,0,0,0,0,0,0
230055,1,1,0,0,0,0,26,0,0,0,0,0
230055,2,1,0,0,0,0,0,0,0,0,0,0
230056,1,1,10,10,10,10,10,10,10,10,10,10
230057,1,1,0,0,0,0,0,0,0,0,0,0
230058,1,1,0,0,0,0,0,0,0,0,0,0
230059,1,1,21,21,21,21,21,21,21,21,21,21
230060,1,1,0,0,0,0,0,0,0,0,0,0
230060,2,1,0,0,0,0,0,0,0,0,0,0
230060,3,1,0,0,0,18,0,0,0,0,0,0
230061,1,1,12,12,12,12,12,12,12,12,12,12
230062,1,1,0,0,0,0,0,0,0,0,0,0
230063,1,1,0,0,0,0,0,0,0,0,0,0
230064,1,1,15,15,15,15,15,15,15,15,15,15
230065,1,1,0,0,0,0,0,0,0,0,0,0
230065,2,1,0,0,0,0,0,0,0,0,0,0
230066,1,1,12,12,12,12,12,12,12,12,12,12
230067,1,1,26,0,0,0,0,0,0,0,0,0
230068,1,1,0,0,0,0,0,0,0,0,0,0
230068,2,1,0,0,0,0,0,0,0,0,0,0
230069,1,1,0,0,0,0,0,0,0,0,0,0
230070,0,1,0,0,0,0,0,0,19,0,0,0
230070,1,1,0,0,0,0,0,0,0,0,0,0
230071,1,1,5,5,5,5,5,5,5,5,5,5
230071,2,1,0,0,0,0,0,0,0,0,0,0
230071,3,1,0,0,0,0,0,0,0,0,0,0
230072,1,1,9,9,9,9,9,9,9,9,9,9
230073,1,1,27,27,27,27,27,27,27,27,27,27
230074,1,1,0,0,0,0,0,0,0,0,0,0
230075,1,1,0,0,0,0,0,0,0,0,0,0
230076,1,1,4,4,4,4,4,4,4,4,4,4
230077,1,1,0,0,0,0,0,0,0,0,0,0
230077,2,1,0,0,0,0,0,0,0,0,0,0
230078,1,1,14,51,18,15,32,30,9,16,30,18
230079,1,1,24,24,24,24,24,24,24,24,24,24
230080,1,1,11,0,11,0,0,0,9,0,0,0
230080,2,1,12,0,0,0,0,0,0,0,0,0
230081,1,1,0,0,0,0,0,0,0,0,0,0
230082,1,1,0,9,0,0,0,0,0,11,10,18
230083,1,1,24,24,24,24,24,24,24,24,24,24
230083,2,1,0,0,0,0,0,0,0,0,0,0
230084,1,1,0,0,0,0,0,0,0,0,0,0
230084,2,1,17,0,0,0,0,21,0,0,0,0
230085,1,1,0,0,0,0,0,0,0,0,0,0
230086,1,1,0,0,0,0,0,0,0,0,0,0
230087,1,1,16,16,16,16,16,16,16,16,16,16
230088,1,1,0,0,0,0,0,0,0,0,0,0
230089,1,1,0,0,0,0,0,0,0,0,0,0
230090,1,1,1,1,1,1,1,1,1,1,1,1
230092,1,1,0,0,0,0,0,0,0,0,0,0
230092,2,1,0,0,0,0,0,0,0,0,0,0
230093,1,1,18,18,18,18,18,18,18,18,18,18
230094,1,1,0,0,0,0,0,0,0,0,0,0
230095,1,1,19,19,19,19,19,19,19,19,19,19
230096,1,1,0,0,0,0,0,0,0,0,0,0
230096,2,1,0,0,0,0,0,0,0,0,0,0
230097,1,1,17,17,17,17,17,17,17,17,17,17
230098,1,1,0,48,0,12,17,9,0,10,19,9
230099,1,1,6,10,20,12,26,11,10,8,9,17
230100,1,1,21,21,21,21,21,21,21,21,21,21
230101,1,1,0,0,0,0,0,0,0,0,0,7
230102,1,1,0,0,0,0,0,0,0,0,0,0
230103,1,1,32,32,32,32,32,32,32,32,32,32
230103,2,1,0,0,0,0,0,0,0,0,0,0
230104,1,1,0,0,0,0,0,0,0,0,0,0
230105,1,1,0,0,0,0,0,0,0,0,0,0
230106,1,1,17,17,17,17,17,17,17,17,17,17
230107,0,1,0,0,0,0,0,0,0,0,0,0
230107,1,1,0,0,0,0,0,0,0,0,0,0
230108,1,1,0,0,0,0,0,0,0,0,0,0
230108,2,1,12,12,12,12,12,12,12,12,12,12
230109,1,1,0,0,0,0,0,0,0,0,0,0
230110,1,1,24,24,24,24,24,24,24,24,24,24
230111,1,1,0,0,0,0,0,0,0,0,0,0
230111,2,1,0,0,0,0,0,0,0,0,0,0
230112,1,1,0,0,0,0,0,0,0,0,0,0
230112,2,1,0,0,0,0,0,0,0,0,0,0
230113,0,1,0,0,0,0,0,0,0,0,0,0
230113,1,1,0,0,0,0,0,0,0,0,0,0
230113,2,1,0,0,0,10,0,0,0,5,0,24
230114,1,1,15,15,15,15,15,15,15,15,15,15
230115,1,1,0,0,0,0,0,0,0,0,0,0
230115,2,1,0,0,0,0,0,0,0,0,0,0
230115,3,1,0,0,0,0,0,0,0,0,0,0
230116,1,1,0,0,0,0,0,0,0,0,0,0
230116,2,1,0,0,0,0,0,0,0,0,0,0
230117,1,1,0,0,0,0,0,0,0,0,0,0
230117,2,1,0,0,0,0,0,0,0,0,0,0
230119,1,1,0,0,0,22,14,0,0,0,0,0
230119,2,1,0,0,0,0,0,0,0,0,0,0
230120,1,1,0,0,0,0,0,0,21,0,0,0
230120,2,1,0,0,0,0,0,0,0,0,0,0
230121,0,1,0,0,0,0,0,0,0,0,0,0
230121,1,1,0,0,0,0,0,0,0,0,0,0
230122,1,1,0,0,0,0,0,0,0,0,0,0
230122,2,1,0,0,0,0,0,0,0,0,0,0
230123,1,1,0,17,0,0,29,0,6,2,0,36
230125,1,1,0,0,0,0,0,0,0,0,0,0
230125,2,1,0,0,0,0,0,0,0,0,0,0
230126,1,1,1,1,1,1,1,1,1,1,1,1
230126,2,1,0,0,0,0,0,0,0,0,0,0
230127,1,1,12,12,12,12,12,12,12,12,12,12
230128,0,1,0,0,0,0,0,0,0,0,0,0
230128,1,1,0,0,0,0,0,0,0,0,0,0
230128,2,1,0,0,0,0,0,0,0,0,0,0
230129,1,1,0,0,0,0,0,0,0,0,0,0
230129,2,1,0,0,0,0,0,0,0,0,0,0
230130,1,1,0,0,0,0,0,0,0,0,0,0
230131,1,1,0,0,0,0,0,0,0,0,0,0
230131,2,1,0,0,0,30,0,0,0,0,0,0
230132,1,1,0,0,0,0,0,0,0,0,0,0
230133,0,1,27,27,27,27,27,27,27,27,27,27
230133,1,1,0,0,0,0,0,0,0,16,0,0
240001,0,1,0,0,0,0,0,0,0,0,0,0
240001,1,1,0,0,0,0,0,0,0,0,0,0
240002,1,1,5,5,5,5,5,5,5,5,5,5
240003,1,1,0,0,0,10,0,0,0,0,0,0
240004,1,1,0,0,0,0,0,0,0,0,0,0
240005,1,1,12,15,12,18,30,13,8,12,24,19
240006,1,1,0,0,0,0,0,0,0,0,0,0
240006,2,1,0,14,0,0,0,0,0,0,0,0
240007,1,1,26,26,26,26,26,26,26,26,26,26
240008,1,1,0,0,0,0,0,0,0,0,0,0
240008,2,1,9,9,9,9,9,9,9,9,9,9
240009,1,1,18,18,18,18,18,18,18,18,18,18
240010,1,1,21,21,21,21,21,21,21,21,21,21
240011,0,1,0,0,0,0,0,0,0,0,0,0
240011,1,1,0,0,0,0,0,0,0,11,0,0
240012,1,1,0,0,0,0,0,0,0,0,0,0
240013,1,1,0,0,0,0,0,0,0,0,0,0
240014,1,1,18,18,18,18,18,18,18,18,18,18
240015,0,1,0,0,0,0,0,0,0,0,0,0
240015,1,1,0,0,0,0,0,0,0,0,0,0
240016,1,1,9,9,9,9,9,9,9,9,9,9
240017,1,1,14,14,14,14,14,14,14,14,14,14
240018,1,1,22,22,22,22,22,22,22,22,22,22
240018,2,1,0,0,0,0,0,0,0,0,0,0
240019,1,1,17,17,17,17,17,17,17,17,17,17
240020,1,1,0,0,0,0,0,0,0,0,0,0
240021,1,1,0,0,0,0,0,0,0,0,0,0
240021,2,1,0,0,0,0,0,0,0,9,0,0
240021,3,1,0,0,0,0,0,0,0,0,0,0
240022,0,1,12,0,15,23,0,0,9,0,0,0
240022,1,1,18,0,0,0,0,0,14,0,24,22
240023,0,1,0,0,0,0,0,0,0,0,0,0
240023,1,1,0,0,0,0,0,0,0,0,0,0
240025,0,1,0,0,0,0,0,12,31,0,12,0
240025,1,1,0,0,0,0,0,0,0,0,0,0
240026,1,1,0,0,0,0,0,0,0,0,0,0
240026,2,1,0,0,0,0,0,0,0,0,0,0
240026,3,1,0,0,0,0,0,0,0,0,0,0
240027,1,1,0,0,0,0,0,0,0,0,14,0
240027,2,1,0,0,0,0,0,0,0,0,0,0
240027,3,1,0,15,0,0,0,0,0,0,0,9
240028,0,1,23,23,23,23,23,23,23,23,23,23
240028,1,1,0,0,0,0,0,0,0,0,0,0
240029,0,1,0,0,0,0,0,0,0,0,0,0
240029,1,1,12,12,12,12,12,12,12,12,12,12
240030,1,1,0,0,0,0,0,0,0,0,0,0
240030,2,1,0,0,0,0,0,0,0,0,0,0
240031,1,1,25,25,25,25,25,25,25,25,25,25
240031,2,1,0,0,0,0,0,0,0,0,0,0
240032,0,1,0,17,0,0,0,15,0,0,0,0
240032,1,1,0,0,0,0,0,0,0,0,0,0
240033,0,1,0,0,0,0,0,0,0,0,0,0
240033,1,1,0,0,0,0,0,0,0,0,0,0
240034,0,1,0,0,0,0,0,0,0,0,0,0
240034,1,1,0,0,0,0,0,0,0,0,0,0
240035,1,1,0,0,0,0,37,0,0,0,0,0
240035,2,1,0,0,0,0,10,0,0,0,0,0
240036,0,1,0,0,0,0,0,0,0,0,0,0
240036,1,1,0,0,0,0,0,0,0,17,0,0
240037,1,1,0,0,0,0,0,0,0,0,0,0
240037,2,1,0,0,0,0,0,0,0,0,0,0
240038,1,1,32,32,32,32,32,32,32,32,32,32
240039,1,1,0,0,0,0,0,0,0,0,0,0
240039,2,1,0,0,0,0,0,0,0,0,0,0
240041,1,1,13,13,13,13,13,13,13,13,13,13
240042,0,1,22,22,22,22,22,22,22,22,22,22
240042,1,1,0,0,0,0,0,0,0,0,0,0
240043,1,1,12,12,12,12,12,12,12,12,12,12
240044,1,1,0,0,0,0,0,13,0,0,0,0
240044,2,1,0,0,0,0,0,0,0,0,0,0
240044,3,1,0,0,0,0,0,0,0,0,0,0
240045,1,1,21,6,7,0,17,0,10,27,0,0
240046,1,1,0,0,13,0,0,0,10,18,9,0
240046,2,1,0,0,0,0,0,0,0,0,0,0
240046,3,1,0,0,0,0,0,0,0,0,0,0
240047,1,1,0,0,0,0,0,0,0,0,0,0
240048,1,1,0,0,0,0,0,0,0,0,0,0
240048,2,1,0,0,0,0,0,0,0,0,0,0
240049,1,1,0,0,0,0,0,0,0,0,0,0
240050,1,1,10,11,0,18,14,21,13,11,13,8
240050,2,1,0,0,0,0,28,25,0,0,0,0
240051,0,1,3,3,3,3,3,3,3,3,3,3
240051,1,1,0,0,0,0,9,0,0,0,0,0
240052,0,1,0,0,0,0,0,0,0,0,0,0
240052,1,1,0,0,0,0,0,0,0,0,0,0
240053,1,1,0,0,0,0,0,0,0,0,0,0
240053,2,1,0,0,0,0,0,0,0,0,0,0
240053,3,1,0,0,0,0,0,0,0,0,0,0
240054,1,1,7,7,7,7,7,7,7,7,7,7
240054,2,1,0,0,0,0,0,0,0,0,0,0
240055,1,1,0,0,0,0,21,0,0,25,0,0
240056,1,1,0,0,0,0,0,0,0,0,0,0
240056,2,1,0,0,0,0,0,0,0,8,0,0
240057,1,1,22,22,22,22,22,22,22,22,22,22
240057,2,1,0,0,0,0,0,0,0,0,0,0
240058,0,1,0,0,0,0,0,0,0,0,0,0
240059,1,1,0,0,0,0,0,0,0,0,0,0
240059,2,1,0,0,0,0,0,0,0,0,0,0
240059,3,1,0,0,0,0,0,0,11,0,0,0
240059,4,1,0,0,0,0,0,0,0,0,0,0
240060,1,1,0,0,0,17,0,0,28,0,0,0
240060,2,1,0,0,0,0,0,0,0,0,0,0
240062,1,1,0,0,0,0,0,0,0,0,0,0
240062,2,1,0,0,0,0,0,0,0,0,0,0
240062,3,1,0,0,0,0,0,0,0,0,0,0
240063,1,1,2,2,2,2,2,2,2,2,2,2
240063,2,1,0,0,7,0,0,0,0,0,0,0
240064,1,1,0,0,0,0,0,0,0,0,0,0
240064,2,1,0,0,0,0,0,0,0,0,9,0
240065,1,1,19,0,0,0,0,0,30,0,0,0
240065,2,1,0,0,0,0,0,0,0,0,0,0
240066,1,1,0,0,0,0,0,0,0,0,0,0
240066,2,1,0,0,0,0,0,0,0,0,0,0
240066,3,1,0,0,0,0,0,0,0,0,0,0
240067,0,1,5,5,5,5,5,5,5,5,5,5
240067,1,1,0,0,0,0,0,0,0,6,0,0
240068,1,1,0,0,0,0,0,0,0,0,0,0
240069,1,1,0,0,0,0,0,0,0,0,0,0
240070,0,1,0,0,0,0,0,0,0,0,0,0
240070,1,1,14,0,0,0,0,0,0,0,0,0
240071,0,1,0,0,0,0,0,0,0,0,0,0
240071,1,1,0,0,0,0,0,0,0,0,0,0
240072,1,1,0,0,0,0,0,0,0,0,0,0
240073,1,1,0,0,0,0,0,0,0,0,0,0
240073,2,1,26,0,0,0,0,0,0,0,0,0
240073,3,1,0,5,0,0,4,0,0,0,0,0
240074,1,1,0,0,0,0,0,0,0,0,0,0
240075,0,1,0,0,0,0,0,0,0,0,0,0
240075,1,1,0,0,0,0,0,6,0,0,0,0
240076,1,1,0,0,0,0,0,0,0,0,0,0
240077,0,1,11,11,11,11,11,11,11,11,11,11
240077,1,1,14,11,11,9,2,33,31,15,15,0
240078,1,1,10,0,0,5,0,0,0,0,0,0
240078,2,1,0,0,16,0,0,0,0,0,0,0
240079,0,1,0,0,0,0,0,0,0,0,0,0
240079,1,1,24,19,0,0,0,0,11,14,11,0
240081,1,1,0,0,0,0,0,0,0,0,0,0
240081,2,1,0,0,0,0,0,0,0,0,0,0
240082,1,1,0,0,0,0,0,0,0,0,0,0
240082,2,1,0,0,0,0,0,0,0,0,0,0
240082,3,1,0,0,0,0,0,0,0,0,0,0
240083,1,1,26,0,6,0,0,0,0,0,0,0
240083,2,1,0,0,0,0,0,28,0,0,0,0
240084,1,1,0,0,0,0,0,0,0,0,0,0
240085,1,1,0,0,0,0,0,6,0,0,0,0
240085,2,1,0,0,0,0,0,0,0,0,0,0
240086,1,1,0,0,0,0,0,0,0,0,0,0
240086,2,1,0,0,0,0,0,0,6,0,0,0
240087,1,1,0,0,0,0,0,0,0,0,0,0
240087,2,1,0,0,0,0,0,0,0,0,0,0
240088,0,1,0,0,0,0,0,0,0,0,0,0
240088,1,1,18,0,0,0,0,0,0,0,0,9
240089,1,1,2,2,2,2,2,2,2,2,2,2
240089,2,1,0,0,0,0,0,0,0,0,0,0
240090,1,1,0,0,0,0,0,0,0,10,0,0
240090,2,1,0,0,0,0,0,0,0,0,0,0
240091,1,1,0,0,0,0,0,0,0,0,0,0
240091,2,1,0,0,0,0,0,0,0,0,0,0