ST_CASE,VEH_NO,PER_NO,P1,P2,P3,P4,P5,P6,P7,P8,P9,P10
240091,3,1,0,0,0,0,0,0,0,0,0,0
240091,4,1,0,0,0,0,0,0,0,0,0,0
240091,5,1,0,0,0,0,20,0,0,0,0,0
240091,6,1,0,0,14,0,12,0,0,0,0,0
240092,1,1,17,17,17,17,17,17,17,17,17,17
240092,2,1,0,0,0,0,11,0,0,0,0,0
240093,1,1,11,0,0,0,0,0,0,0,0,0
240093,2,1,0,0,0,0,0,0,0,0,0,0
240094,1,1,0,0,0,0,0,0,0,0,0,0
240094,2,1,0,0,0,0,0,0,0,0,0,0
240095,1,1,15,15,15,15,15,15,15,15,15,15
240095,2,1,0,8,12,0,0,0,22,7,14,5
240096,1,1,15,15,15,15,15,15,15,15,15,15
240097,1,1,17,17,17,17,17,17,17,17,17,17
240097,2,1,0,0,0,0,0,0,0,0,0,0
240098,1,1,0,0,0,0,0,0,0,0,0,0
240099,1,1,0,0,0,0,0,0,0,0,0,0
240101,0,1,0,0,0,0,0,0,0,0,0,0
240101,1,1,0,0,0,0,0,0,0,0,0,0
240102,1,1,0,0,0,0,0,0,0,0,0,0
240102,2,1,0,0,0,0,0,0,0,0,0,0
240103,1,1,0,0,0,0,0,0,0,0,0,0
240103,2,1,0,0,0,0,0,0,0,0,0,0
240104,0,1,31,31,31,31,31,31,31,31,31,31
240104,1,1,8,8,8,8,8,8,8,8,8,8
240105,1,1,0,0,0,0,0,0,0,0,0,0
240105,2,1,0,0,0,0,0,0,0,0,0,0
240106,1,1,23,23,23,23,23,23,23,23,23,23
240107,0,1,0,8,40,23,0,0,22,0,0,0
240107,1,1,0,0,0,0,0,0,0,0,0,0
240108,1,1,22,22,22,22,22,22,22,22,22,22
240109,1,1,0,0,0,0,0,0,0,0,0,0
240110,1,1,0,0,0,0,0,0,0,0,0,0
240111,1,1,0,0,0,0,0,0,0,0,0,0
240111,2,1,0,0,0,0,0,0,0,27,0,0
240111,3,1,0,0,0,0,0,0,0,0,0,0
240111,4,1,0,0,0,0,0,0,0,0,0,0
240111,5,1,0,0,0,0,0,19,0,0,0,0
240112,0,1,32,32,32,32,32,32,32,32,32,32
240112,1,1,0,0,0,0,0,0,0,0,0,0
240114,1,1,19,19,19,19,19,19,19,19,19,19
240115,1,1,0,0,29,0,0,0,0,0,0,0
240115,2,1,0,0,0,0,0,0,0,0,0,0
240116,0,1,15,15,15,15,15,15,15,15,15,15
240116,1,1,18,18,18,18,18,18,18,18,18,18
240116,3,1,0,0,0,16,0,0,0,0,0,0
240117,1,1,0,0,0,0,0,0,0,0,0,0
240117,2,1,0,0,0,0,0,0,0,0,0,0
240118,1,1,15,15,15,15,15,15,15,15,15,15
240118,2,1,14,14,14,14,14,14,14,14,14,14
240119,1,1,0,0,0,0,0,0,0,0,0,0
240120,1,1,0,0,0,0,0,0,0,0,0,0
240120,2,1,0,0,0,0,0,0,0,0,0,0
240121,1,1,24,24,24,24,24,24,24,24,24,24
240121,2,1,0,0,0,0,0,0,0,0,0,0
240121,3,1,0,0,0,0,0,0,0,0,0,0
240122,1,1,23,23,23,23,23,23,23,23,23,23
240124,1,1,0,0,0,0,0,0,0,0,0,0
240125,1,1,0,0,0,0,0,0,0,0,0,0
240125,2,1,0,0,0,0,0,0,0,0,0,0
240126,1,1,0,0,19,0,0,0,0,0,0,0
240126,2,1,0,0,0,0,0,0,0,0,0,0
240127,1,1,18,18,18,18,18,18,18,18,18,18
240127,2,1,0,0,0,15,0,0,0,19,0,0
240128,1,1,0,0,0,0,0,0,0,0,0,0
240128,2,1,0,0,0,0,0,0,0,0,0,0
240129,1,1,0,0,0,0,0,0,0,0,0,0
240130,0,1,0,0,0,0,0,0,0,0,0,0
240130,1,1,0,0,0,0,0,0,0,6,0,28
240131,1,1,0,0,0,0,0,0,0,0,0,0
240131,2,1,6,0,0,0,0,0,0,0,0,11
240131,3,1,0,0,0,0,0,0,11,0,0,0
240131,4,1,0,0,0,0,0,0,0,0,0,14
240132,1,1,0,0,0,0,0,0,0,0,0,0
240132,2,1,0,0,0,0,0,0,0,0,0,0
240133,0,1,0,0,0,0,0,0,0,0,0,0
240133,1,1,9,7,19,0,16,12,16,2,31,22
240135,1,1,0,0,0,0,0,0,0,0,0,0
240135,2,1,0,0,0,0,0,0,0,15,0,0
240135,3,1,0,0,0,0,0,0,0,0,0,0
240137,0,1,2,2,2,2,2,2,2,2,2,2
240137,1,1,0,0,0,0,13,0,0,0,0,0
240138,1,1,0,0,0,0,0,0,0,0,0,0
240138,2,1,0,0,0,0,0,0,0,0,9,0
240139,1,1,0,0,0,0,0,0,0,0,0,0
240140,1,1,15,15,15,15,15,15,15,15,15,15
240140,2,1,0,0,0,0,0,0,0,0,0,0
240141,0,1,2,2,2,2,2,2,2,2,2,2
240141,1,1,0,0,0,0,0,0,0,0,0,0
240142,1,1,0,0,0,0,0,0,0,0,0,0
240142,2,1,0,0,0,0,0,0,0,0,0,0
240143,1,1,0,0,0,0,0,0,0,0,0,0
240143,2,1,0,0,0,0,0,0,0,0,0,0
240145,1,1,0,0,0,0,0,0,0,0,0,0
240145,2,1,0,0,0,0,0,0,0,0,0,0
240146,1,1,13,16,29,13,7,15,13,14,16,25
240147,1,1,0,0,0,0,0,0,0,0,0,0
240147,2,1,0,0,0,0,0,0,0,0,0,0
240147,3,1,0,0,0,0,0,0,0,0,0,0
240148,1,1,14,0,0,0,22,0,13,25,13,8
240149,1,1,0,0,0,0,0,0,0,0,0,0
240149,2,1,0,0,0,0,0,0,0,0,0,0
240150,1,1,0,0,0,0,0,0,0,0,0,0
240150,2,1,0,0,0,0,0,0,0,0,0,7
240151,1,1,22,22,22,22,22,22,22,22,22,22
240152,1,1,12,12,12,12,12,12,12,12,12,12
240152,2,1,0,0,0,0,0,0,0,0,0,0
240153,0,1,40,26,0,0,36,0,0,12,7,13
240153,1,1,0,0,0,0,0,0,0,0,0,0
240154,1,1,0,0,7,9,0,2,0,27,14,13
240156,1,1,0,7,17,0,0,0,0,0,17,0
240156,2,1,0,0,0,0,0,0,0,0,0,0
240157,1,1,0,0,0,0,0,0,0,12,0,0
240157,2,1,0,0,0,0,0,0,0,0,0,0
240158,0,1,14,14,14,14,14,14,14,14,14,14
240158,1,1,0,0,0,16,0,0,0,0,0,0
240159,1,1,0,0,0,0,0,0,0,0,0,0
240160,1,1,0,0,0,0,0,0,0,0,0,0
240161,1,1,0,0,0,0,0,0,0,0,0,0
240161,2,1,0,0,0,0,0,0,0,0,0,0
240162,0,1,0,0,0,0,0,0,0,0,0,0
240162,1,1,8,8,8,8,8,8,8,8,8,8
240163,0,1,0,0,0,14,22,0,17,0,0,0
240163,1,1,0,0,0,0,0,0,0,0,0,0
240164,0,1,25,25,25,25,25,25,25,25,25,25
240164,1,1,0,0,0,0,0,0,0,0,0,0
240165,0,1,32,32,32,32,32,32,32,32,32,32
240165,1,1,17,16,21,8,0,0,22,0,0,7
240167,1,1,2,2,2,2,2,2,2,2,2,2
240168,1,1,0,0,0,0,0,0,0,4,0,0
240168,2,1,0,0,0,0,0,0,0,0,0,0
240169,1,1,9,0,0,20,15,0,0,0,0,0
240169,2,1,0,0,0,7,20,0,0,0,0,0
240169,3,1,0,0,0,0,0,0,0,0,0,0
240170,0,1,4,4,4,4,4,4,4,4,4,4
240170,1,1,0,0,21,0,0,0,0,0,9,0
240171,1,1,12,12,12,12,12,12,12,12,12,12
240172,0,1,0,0,0,0,0,0,0,0,0,0
240172,1,1,0,0,0,0,9,0,20,0,0,0
240173,1,1,0,0,0,0,0,0,7,0,0,0
240174,0,1,0,0,0,0,0,0,0,0,0,0
240174,1,1,0,0,6,4,0,14,5,0,12,0
240175,1,1,0,0,0,0,0,0,0,0,0,0
240175,2,1,0,0,0,0,0,0,0,0,0,0
240176,1,1,0,0,0,0,0,0,0,0,0,0
240177,1,1,12,12,12,12,12,12,12,12,12,12
240178,1,1,0,0,0,0,0,0,10,0,0,0
240178,2,1,0,0,0,0,0,0,0,0,0,0
240179,1,1,0,0,0,0,0,0,0,0,0,0
240180,0,1,13,13,13,13,13,13,13,13,13,13
240180,1,1,0,0,0,0,0,0,0,0,12,0
240181,0,1,4,4,4,4,4,4,4,4,4,4
240181,1,1,0,0,0,0,0,0,0,0,0,0
240182,1,1,19,19,19,19,19,19,19,19,19,19
240183,1,1,0,0,0,0,0,0,0,0,0,0
240183,2,1,0,0,0,0,5,0,0,0,0,0
240185,1,1,0,0,0,0,0,0,0,0,0,0
240186,1,1,20,20,20,20,20,20,20,20,20,20
240186,2,1,0,0,0,0,0,0,0,0,0,0
240187,0,1,0,0,0,0,0,0,0,0,0,0
240187,1,1,10,0,0,0,0,0,0,0,0,0
240188,1,1,12,12,12,12,12,12,12,12,12,12
240188,2,1,0,0,0,0,0,0,0,0,0,0
240189,1,1,0,0,0,0,0,0,0,0,0,0
240190,0,1,0,0,0,0,0,0,0,0,0,0
240190,0,2,0,0,0,0,0,0,0,0,15,0
240190,1,1,0,0,0,0,0,0,0,0,0,0
240191,0,1,0,0,0,0,0,0,0,0,0,0
240191,1,1,0,0,0,0,0,0,0,0,0,0
240192,1,1,0,0,0,0,0,0,0,0,0,0
240193,1,1,0,0,0,0,0,0,0,0,0,0
240193,2,1,0,0,0,0,0,0,0,0,0,6
240194,1,1,5,5,5,5,5,5,5,5,5,5
240194,2,1,0,0,0,0,0,0,0,0,0,0
240195,1,1,0,0,0,0,0,0,0,0,0,16
240195,2,1,0,0,0,0,0,0,0,0,0,0
240195,3,1,0,0,0,0,0,0,0,0,14,0
240197,1,1,12,12,12,12,12,12,12,12,12,12
240198,1,1,25,25,25,25,25,25,25,25,25,25
240198,2,1,12,12,12,12,12,12,12,12,12,12
240199,0,1,0,0,0,0,0,0,0,0,0,0
240199,1,1,0,0,0,0,0,0,0,9,0,0
240200,1,1,0,28,27,0,20,0,0,0,0,17
240201,0,1,0,0,0,0,0,0,0,0,0,0
240201,1,1,0,0,0,0,0,0,0,0,0,0
240202,1,1,0,0,0,0,0,0,0,0,0,0
240202,2,1,0,0,0,0,0,0,0,0,0,0
240203,1,1,14,14,14,14,14,14,14,14,14,14
240203,2,1,0,0,0,0,0,0,0,0,2,1
240204,1,1,0,0,0,0,0,0,0,0,0,0
240205,0,1,0,6,0,0,0,0,0,0,0,0
240205,1,1,0,0,0,0,0,0,0,0,0,0
240206,1,1,0,0,0,0,0,0,0,0,0,0
240206,2,1,0,0,0,0,0,0,16,0,0,0
240207,1,1,0,0,0,0,0,0,0,0,0,0
240208,1,1,0,0,0,0,0,0,0,0,0,0
240208,2,1,0,0,0,0,0,0,0,0,0,0
240209,1,1,0,0,0,0,0,0,0,0,7,0
240209,2,1,10,10,10,10,10,10,10,10,10,10
240210,1,1,0,0,0,0,0,0,0,0,0,10
240211,1,1,29,0,0,0,0,0,0,0,0,0
240211,2,1,0,0,0,15,0,0,0,0,0,0
240212,1,1,0,0,0,17,0,0,0,0,0,0
240212,2,1,0,0,0,0,0,0,0,0,0,0
240213,1,1,7,7,7,7,7,7,7,7,7,7
240213,2,1,0,0,0,26,0,0,0,0,0,0
240213,3,1,0,0,0,23,0,0,0,0,0,0
240214,1,1,0,0,0,0,0,0,0,0,0,0
240215,1,1,22,22,22,22,22,22,22,22,22,22
240216,1,1,10,10,10,10,10,10,10,10,10,10
240217,1,1,0,0,0,0,0,0,0,0,0,0
240217,2,1,0,0,0,0,0,0,0,0,0,0
240218,1,1,17,17,17,17,17,17,17,17,17,17
240218,2,1,36,0,0,6,9,30,19,0,0,0
240219,1,1,0,0,0,0,8,0,0,20,0,0
240220,1,1,0,0,0,0,19,0,0,0,0,0
240220,2,1,0,0,0,0,0,0,25,0,0,0
240221,0,1,10,10,10,10,10,10,10,10,10,10
240221,1,1,14,0,0,0,0,0,0,0,0,0
240222,1,1,0,0,0,0,0,0,0,0,0,0
240223,1,1,18,18,18,18,18,18,18,18,18,18
240224,1,1,0,0,0,0,0,14,0,0,0,0
240224,2,1,0,0,0,0,0,0,0,0,0,0
240224,3,1,0,0,0,0,0,0,0,0,0,0
240225,0,1,21,21,21,21,21,21,21,21,21,21
240225,1,1,0,0,0,0,0,0,0,0,0,0
240225,2,1,0,0,0,0,0,0,0,0,0,10
240226,0,1,0,0,0,0,0,0,0,0,0,0
240226,1,1,17,17,17,17,17,17,17,17,17,17
240227,1,1,0,0,0,0,0,0,0,20,0,0
240227,2,1,0,0,0,0,0,0,0,0,0,0
240227,3,1,0,0,0,21,0,0,0,12,13,0
240228,1,1,0,0,0,0,0,0,0,0,0,0
240229,1,1,0,0,0,0,0,0,0,0,0,0
240230,1,1,0,0,0,0,0,0,0,0,0,0
240230,2,1,0,0,11,0,0,0,0,0,0,6
240230,3,1,0,0,0,0,0,0,0,0,0,0
240231,1,1,0,0,0,0,0,0,0,0,0,0
240232,1,1,0,0,0,0,0,0,0,0,0,0
240233,1,1,0,0,9,0,0,0,7,0,0,0
240233,2,1,0,0,0,0,0,0,0,0,0,0
240234,1,1,18,18,18,18,18,18,18,18,18,18
240235,1,1,0,0,0,0,0,0,0,0,0,0
240235,2,1,0,0,0,0,0,0,0,0,0,0
240236,1,1,4,4,4,4,4,4,4,4,4,4
240236,2,1,0,0,0,0,0,0,0,0,0,0
240237,1,1,0,0,0,0,0,0,0,0,0,12
240238,1,1,2,2,2,2,2,2,2,2,2,2
240239,1,1,6,6,6,6,6,6,6,6,6,6
240240,1,1,36,36,36,36,36,36,36,36,36,36
240241,0,1,21,21,21,21,21,21,21,21,21,21
240241,1,1,0,0,0,0,0,0,0,6,0,0
240241,2,1,0,0,0,0,0,0,0,0,0,0
240242,0,1,0,0,0,0,0,0,0,0,0,0
240242,1,1,34,11,22,15,28,0,35,27,30,39
240243,1,1,0,0,0,0,0,0,0,0,0,0
240243,2,1,0,0,0,0,0,0,0,0,0,0
240243,3,1,0,0,0,0,19,0,0,0,0,0
240243,4,1,0,0,0,0,0,0,0,0,0,0
240243,5,1,0,0,13,0,0,0,0,0,0,0
240244,1,1,19,19,19,19,19,19,19,19,19,19
240244,2,1,0,0,13,0,0,0,28,0,0,2
240245,1,1,0,0,0,0,0,0,0,0,0,0
240245,2,1,0,0,0,0,0,0,0,0,0,0
240246,1,1,4,4,4,4,4,4,4,4,4,4
240246,2,1,0,3,0,0,0,0,0,0,0,0
240247,1,1,3,3,3,3,3,3,3,3,3,3
240247,2,1,0,0,0,0,0,0,0,0,0,0
240248,1,1,18,17,6,11,12,24,34,23,6,15
240248,2,1,0,0,0,0,0,0,0,12,0,0
240249,0,1,24,24,24,24,24,24,24,24,24,24
240249,1,1,0,0,0,0,0,0,0,0,0,0
240250,0,1,0,0,0,0,0,9,0,0,0,0
240250,0,2,0,0,0,0,0,0,0,0,0,0
240250,1,1,0,0,0,0,0,0,0,0,0,0
240251,0,1,0,0,0,0,0,0,0,0,0,0
240251,1,1,0,0,0,0,0,0,0,0,0,0
240252,1,1,8,23,0,23,19,0,8,0,0,13
240253,1,1,6,0,0,9,13,0,0,14,20,0
240253,2,1,0,0,0,0,0,0,0,0,0,0
240253,3,1,0,0,0,22,0,0,0,16,13,0
240254,0,1,13,13,13,13,13,13,13,13,13,13
240254,1,1,7,7,7,7,7,7,7,7,7,7
240255,0,1,15,15,15,15,15,15,15,15,15,15
240255,1,1,0,0,0,0,0,0,0,0,0,0
240256,1,1,10,4,15,14,10,18,0,7,22,21
240256,2,1,0,0,0,0,0,0,0,0,0,0
240258,1,1,19,19,19,19,19,19,19,19,19,19
240259,0,1,0,0,0,0,0,0,0,0,0,0
240259,1,1,0,0,0,0,0,0,0,0,0,0
240260,1,1,4,4,4,4,4,4,4,4,4,4
240260,2,1,0,0,0,0,0,0,0,0,0,0
240261,1,1,0,32,0,18,17,15,20,0,0,4
240261,2,1,22,0,0,0,0,0,0,0,0,0
240261,3,1,3,0,0,0,0,0,0,0,0,0
240262,1,1,0,0,0,0,0,0,0,0,10,0
240263,1,1,11,11,11,11,11,11,11,11,11,11
240264,1,1,0,23,0,0,0,0,0,0,0,0
240264,2,1,0,0,5,0,0,8,7,0,0,0
240264,3,1,0,15,0,0,0,0,0,0,0,17
240265,1,1,6,0,0,0,0,0,0,0,26,0
240265,3,1,0,0,0,0,0,0,0,7,0,0
240266,1,1,0,0,0,0,0,0,0,0,0,0
240267,0,1,20,20,20,20,20,20,20,20,20,20
240267,1,1,0,0,0,0,0,0,0,0,17,0
240268,1,1,2,2,2,2,2,2,2,2,2,2
240269,1,1,0,0,0,0,0,0,0,0,0,0
240270,1,1,0,0,0,0,0,0,0,0,0,0
240271,0,1,0,0,0,0,0,0,0,0,0,0
240271,1,1,0,0,0,0,0,0,0,0,0,0
240272,0,1,17,17,17,17,17,17,17,17,17,17
240272,1,1,0,0,0,0,0,0,0,0,0,0
240273,0,1,28,28,28,28,28,28,28,28,28,28
240273,1,1,0,0,3,0,0,5,0,8,0,14
240274,1,1,0,0,0,0,0,0,0,0,0,0
240275,1,1,0,0,0,0,0,0,0,0,0,0
240275,2,1,0,0,0,0,0,0,0,0,0,0
240276,0,1,36,26,37,16,21,29,0,13,23,0
240276,1,1,6,6,0,0,16,0,0,0,0,0
240277,1,1,0,0,0,0,0,0,0,0,0,0
240277,2,1,0,0,0,0,0,0,0,0,0,0
240278,1,1,0,0,0,0,0,0,0,0,0,0
240278,2,1,0,0,0,0,0,0,0,0,0,0
240279,0,1,15,15,15,15,15,15,15,15,15,15
240279,1,1,0,0,0,0,0,15,0,0,10,0
240279,2,1,0,11,0,0,0,0,0,0,0,0
240280,0,1,17,17,17,17,17,17,17,17,17,17
240280,1,1,0,0,0,0,0,0,0,0,29,0
240281,0,1,33,33,33,33,33,33,33,33,33,33
240281,1,1,0,0,6,0,0,19,0,0,0,0
240282,1,1,14,14,14,14,14,14,14,14,14,14
240282,2,1,12,12,12,12,12,12,12,12,12,12
240283,1,1,0,0,0,0,0,0,0,0,0,0
240283,2,1,0,0,0,0,0,0,0,0,0,0
240283,3,1,0,0,0,0,0,0,0,0,0,0
240284,1,1,17,17,17,17,17,17,17,17,17,17
240285,1,1,0,0,0,0,0,0,0,0,0,0
240286,0,1,0,0,0,0,0,0,0,0,0,0
240286,1,1,0,0,0,0,0,17,0,18,0,0
240286,2,1,0,0,0,0,0,0,0,0,22,0
240287,1,1,0,0,0,0,0,0,0,0,0,0
240288,1,1,18,0,29,0,0,0,24,22,12,0
240289,1,1,0,0,0,0,0,0,0,0,0,0
240289,2,1,0,0,0,0,0,0,0,0,0,17
240290,1,1,0,0,0,0,0,0,0,0,0,0
240290,2,1,0,0,0,0,0,0,0,0,0,0
240291,0,1,12,19,50,12,17,23,0,24,14,16
240291,1,1,0,22,9,0,0,0,0,0,0,0
240292,1,1,8,8,8,8,8,8,8,8,8,8
240292,2,1,0,0,0,0,0,0,0,0,0,23
240293,1,1,0,0,0,0,0,0,0,0,0,0
240294,1,1,0,0,0,0,0,0,0,0,0,0
240294,2,1,0,0,0,0,0,0,0,0,0,0
240295,1,1,0,0,0,10,0,0,20,0,0,0
240295,2,1,0,0,0,0,0,0,0,0,0,0
240295,3,1,0,0,0,0,0,0,0,0,0,0
240296,1,1,0,0,0,0,0,0,0,0,0,0
240296,2,1,0,0,0,0,0,0,0,0,0,0
240297,0,1,0,0,0,0,0,0,0,0,0,0
240297,0,2,0,0,0,0,0,0,0,0,0,0
240297,1,1,0,0,0,0,0,0,0,0,0,0
240298,1,1,3,3,3,3,3,3,3,3,3,3
240298,2,1,0,0,0,0,0,0,0,0,0,0
240299,1,1,0,0,0,0,0,0,0,0,0,0
240299,2,1,0,0,0,0,0,0,0,0,0,0
240300,1,1,0,0,0,0,0,0,0,0,0,0
240301,0,1,0,33,0,7,11,0,0,0,0,0
240301,1,1,0,0,0,0,0,0,0,0,0,0
240302,1,1,0,0,0,0,0,0,0,0,0,0
240302,2,1,0,0,0,0,0,0,0,0,0,0
240302,3,1,0,0,0,0,0,0,0,0,0,0
240303,1,1,0,0,0,0,0,0,0,0,0,0
240304,1,1,11,11,11,11,11,11,11,11,11,11
240304,2,1,0,14,0,0,0,0,0,0,0,0
240305,1,1,0,0,0,0,0,0,0,0,0,0
240305,2,1,0,0,0,0,0,0,0,0,0,0
240306,0,1,0,0,0,0,0,0,0,0,0,0
240306,2,1,0,0,0,0,0,0,0,0,0,0
240307,1,1,15,15,15,15,15,15,15,15,15,15
240308,1,1,0,0,0,0,0,0,0,0,0,0
240308,2,1,0,0,0,0,0,0,0,0,0,0
240309,0,1,0,0,0,0,0,0,0,0,0,0
240309,1,1,0,0,0,0,0,0,0,0,0,0
240310,0,1,0,0,0,0,0,0,0,0,0,0
240310,1,1,0,0,8,0,0,0,0,0,0,0
240311,1,1,0,0,0,0,0,0,0,0,0,0
240312,1,1,0,0,0,0,0,0,0,0,0,0
240312,2,1,0,0,0,0,9,0,0,0,0,0
240312,3,1,0,0,0,0,0,0,0,0,0,0
240312,4,1,0,0,0,0,0,0,0,0,0,0
240312,5,1,0,0,0,0,0,0,0,0,0,0
240313,0,1,8,35,35,14,21,18,0,11,13,24
240313,1,1,0,0,0,0,0,0,0,0,0,2
240314,1,1,0,0,0,0,0,0,0,0,0,0
240314,2,1,0,0,0,0,0,0,0,0,0,0
240315,1,1,17,17,17,17,17,17,17,17,17,17
240316,1,1,0,0,0,21,0,0,0,0,0,0
240316,2,1,0,0,0,0,0,0,0,0,0,0
240317,1,1,0,0,0,0,0,0,0,0,0,0
240318,1,1,8,8,8,8,8,8,8,8,8,8
240318,2,1,0,0,0,0,0,0,0,0,0,0
240319,1,1,15,0,9,0,0,0,0,0,0,0
240320,0,1,0,0,0,0,0,0,0,0,0,0
240320,1,1,17,17,17,17,17,17,17,17,17,17
240321,1,1,0,0,0,0,0,0,9,6,0,0
240321,2,1,0,0,0,0,0,0,0,16,0,0
240322,1,1,0,0,0,0,0,0,0,0,0,0
240322,2,1,0,0,0,0,0,0,0,0,0,0
240323,1,1,0,0,0,0,0,0,0,0,0,0
240324,0,1,0,0,0,0,0,0,0,0,0,0
240324,1,1,0,0,0,0,0,0,0,0,0,0
240325,0,1,0,0,0,0,0,0,0,0,0,0
240325,0,2,0,0,0,42,0,0,34,0,0,0
240325,0,3,0,0,0,29,19,0,0,0,0,0
240325,0,4,0,0,0,0,0,0,0,0,0,0
240325,1,1,0,19,0,0,0,0,11,0,0,0
240326,1,1,0,0,0,0,0,0,0,0,0,0
240327,0,1,0,0,0,0,0,0,0,0,0,0
240327,1,1,0,0,0,0,0,0,0,0,0,0
240328,1,1,29,29,29,29,29,29,29,29,29,29
240329,1,1,0,0,0,0,0,0,0,0,0,0
240329,2,1,16,16,16,16,16,16,16,16,16,16
240330,0,1,21,21,21,21,21,21,21,21,21,21
240330,1,1,0,0,0,0,0,0,0,0,0,0
240331,1,1,0,0,0,0,0,0,0,0,0,0
240331,2,1,0,0,0,0,0,0,0,0,0,0
240332,1,1,0,0,0,0,0,0,0,0,0,0
240332,2,1,7,7,7,7,7,7,7,7,7,7
240333,0,1,0,0,0,0,0,0,0,0,0,0
240333,1,1,0,0,0,0,0,0,0,0,0,16
240333,2,1,0,0,0,0,0,11,0,0,0,0
240334,1,1,0,0,0,0,0,0,0,0,0,0
240336,0,1,0,0,0,0,0,0,0,0,0,0
240336,1,1,0,0,0,0,0,0,0,0,0,0
240337,0,1,0,0,0,0,0,0,0,0,0,0
240337,1,1,13,0,0,0,0,0,0,0,0,0
240338,1,1,0,0,36,0,0,0,0,0,0,0
240338,2,1,0,0,0,0,0,0,0,0,0,0
240339,1,1,0,0,0,0,0,0,0,0,0,0
240339,2,1,0,0,0,0,0,0,0,0,0,0
240339,3,1,0,0,0,0,0,0,0,0,0,0
240339,4,1,0,0,0,0,0,0,13,0,4,0
240340,0,1,0,0,0,0,0,0,0,0,0,0
240340,1,1,0,0,14,0,0,0,0,0,0,0
240341,0,1,28,28,28,28,28,28,28,28,28,28
240341,1,1,0,0,0,0,0,0,0,0,0,0
240342,1,1,0,0,0,0,0,0,0,0,0,0
240344,1,1,14,14,14,14,14,14,14,14,14,14
240344,2,1,16,16,16,16,16,16,16,16,16,16
240345,1,1,0,0,0,0,0,0,0,0,0,0
240345,2,1,0,0,0,0,0,0,0,0,0,0
240346,1,1,0,0,0,0,0,0,0,0,0,0
240346,2,1,0,0,0,0,0,0,0,0,0,0
240347,0,1,0,0,0,0,0,0,0,0,0,0
240347,0,2,27,37,0,0,0,21,0,0,0,0
240347,1,1,0,0,0,0,0,0,0,0,25,0
240348,1,1,0,0,0,25,0,0,0,0,0,0
240348,2,1,0,0,0,0,0,0,0,0,0,0
240349,1,1,22,22,22,22,22,22,22,22,22,22
240350,1,1,0,0,0,0,0,0,0,0,0,0
240350,2,1,0,0,0,0,0,0,0,0,0,0
240351,0,1,14,14,14,14,14,14,14,14,14,14
240351,1,1,8,8,8,8,8,8,8,8,8,8
240352,0,1,6,27,18,15,0,51,5,0,9,30
240352,1,1,0,0,0,9,0,0,0,0,0,0
240353,0,1,21,7,20,12,0,0,0,19,0,0
240353,1,1,0,0,0,0,0,0,0,0,0,0
240354,1,1,0,0,0,0,0,0,0,0,0,0
240354,2,1,0,0,0,0,0,0,0,0,0,0
240354,3,1,0,0,0,0,0,0,0,0,0,0
240354,4,1,0,0,17,28,0,0,0,0,0,0
240355,1,1,0,0,0,0,0,0,0,0,0,0
240355,2,1,0,8,0,0,0,0,0,0,0,0
240355,3,1,0,0,0,0,0,0,0,0,0,0
240356,0,1,8,8,8,8,8,8,8,8,8,8
240356,1,1,12,12,12,12,12,12,12,12,12,12
240357,1,1,0,0,0,0,0,0,0,0,0,0
240357,2,1,0,0,0,0,0,0,0,0,0,0
240358,1,1,0,0,0,0,0,0,0,0,0,0
240359,1,1,3,3,3,3,3,3,3,3,3,3
240359,2,1,15,0,0,0,0,0,0,15,0,0
240361,1,1,0,0,0,0,18,0,0,0,0,0
240361,2,1,0,0,0,0,0,0,0,0,0,0
240362,1,1,20,20,20,20,20,20,20,20,20,20
240363,0,1,0,18,0,44,0,4,0,0,0,28
240363,1,1,0,0,10,0,0,0,10,0,0,0
240364,1,1,0,0,0,0,18,0,0,0,0,0
240364,2,1,0,0,0,12,0,0,0,0,0,0
240365,1,1,8,0,0,0,0,0,0,8,20,0
240366,0,1,0,0,0,0,0,0,0,0,0,0
240366,1,1,0,0,0,0,0,0,0,0,0,0
240367,1,1,0,0,14,0,0,0,8,0,0,0
240367,2,1,0,0,0,0,0,0,0,0,0,0
240368,1,1,5,5,5,5,5,5,5,5,5,5
240368,2,1,0,0,0,0,0,0,0,0,0,0
240369,0,1,0,0,0,0,0,0,0,0,0,0
240369,1,1,0,0,0,0,0,0,0,0,0,0
240370,0,1,0,0,20,0,11,0,0,0,36,0
240370,1,1,0,0,0,0,0,0,0,0,0,0
240371,1,1,0,0,0,0,0,0,0,0,0,0
240371,2,1,0,0,0,0,0,7,0,0,0,0
240372,1,1,0,0,0,0,0,0,0,0,0,0
240373,0,1,0,0,0,0,0,0,0,0,0,0
240373,1,1,0,0,0,0,0,0,0,0,0,0
240374,1,1,0,0,0,0,0,0,0,0,0,0
240374,2,1,0,0,0,0,0,0,0,0,0,0
240375,1,1,0,0,0,0,0,0,0,0,0,0
240375,2,1,0,0,0,0,0,0,0,0,0,0
240375,3,1,0,0,0,12,0,0,0,0,0,0
240376,0,1,7,7,7,7,7,7,7,7,7,7