ST_CASE,VEH_NO,PER_NO,P1,P2,P3,P4,P5,P6,P7,P8,P9,P10
260419,1,1,0,0,0,0,0,0,0,0,0,0
260419,2,1,0,0,0,0,0,0,0,0,0,0
260420,1,1,0,0,0,0,0,0,0,0,0,0
260421,1,1,0,0,0,0,0,0,0,0,0,0
260422,1,1,5,5,5,5,5,5,5,5,5,5
260423,1,1,10,10,10,10,10,10,10,10,10,10
260424,1,1,0,0,0,0,0,0,0,0,0,0
260424,2,1,0,0,0,0,0,0,0,0,0,0
260426,1,1,0,0,0,0,0,0,0,0,0,0
260427,1,1,0,20,11,0,0,0,0,0,19,0
260427,2,1,0,0,0,0,0,0,0,0,0,0
260428,0,1,0,0,0,0,0,0,0,20,19,0
260428,1,1,0,0,0,0,0,0,0,0,0,0
260429,1,1,9,9,9,9,9,9,9,9,9,9
260430,0,1,0,6,17,20,0,18,0,0,11,29
260430,0,2,0,0,22,39,0,13,16,20,0,26
260430,1,1,0,0,0,0,0,0,0,0,0,0
260431,0,1,0,0,0,0,0,0,0,0,0,0
260431,1,1,0,0,0,0,0,0,0,0,0,0
260432,1,1,0,0,0,0,0,0,0,0,0,0
260432,2,1,0,0,0,0,0,0,0,0,0,0
260433,1,1,0,0,0,0,0,0,0,0,0,0
260433,2,1,0,0,0,0,10,0,0,0,0,0
260434,1,1,0,0,0,0,0,0,0,0,0,0
260434,2,1,0,0,0,0,0,0,0,0,0,14
260435,0,1,0,0,0,0,0,0,0,0,0,0
260435,0,2,15,35,4,23,25,31,5,13,14,13
260435,1,1,29,4,27,21,10,15,9,17,9,7
260436,0,1,11,11,11,11,11,11,11,11,11,11
260436,1,1,32,0,0,0,0,17,0,0,22,0
260437,0,1,0,0,0,0,0,0,0,0,0,0
260437,1,1,10,10,17,0,31,14,0,8,20,14
260437,2,1,0,0,0,0,0,0,0,0,0,0
260438,1,1,0,0,0,0,0,0,0,0,0,0
260439,1,1,0,0,0,0,0,0,0,0,0,0
260439,2,1,0,0,21,0,0,0,0,0,0,0
260440,1,1,18,18,18,18,18,18,18,18,18,18
260440,2,1,19,19,19,19,19,19,19,19,19,19
260441,1,1,0,0,15,0,0,0,0,0,0,20
260441,2,1,0,8,17,8,21,18,13,24,12,11
260442,1,1,0,0,0,0,0,0,0,0,0,0
260442,2,1,3,3,3,3,3,3,3,3,3,3
260443,1,1,0,0,0,0,0,0,0,0,0,0
260443,2,1,0,0,0,5,0,9,0,0,0,11
260444,0,1,0,0,0,0,0,0,0,0,0,0
260444,1,1,0,0,0,0,0,0,0,0,0,0
260445,1,1,0,0,0,0,0,15,0,0,0,0
260445,2,1,0,0,0,0,0,0,0,0,0,0
260446,1,1,17,17,17,17,17,17,17,17,17,17
260447,1,1,0,0,0,0,0,0,0,0,0,0
260447,2,1,0,22,0,0,8,0,0,0,0,0
260447,3,1,0,0,0,0,0,0,0,0,0,0
260448,1,1,0,0,0,0,0,0,0,0,0,0
260448,2,1,0,0,0,0,0,0,0,0,0,0
260449,1,1,0,0,0,0,0,0,0,0,0,0
260449,2,1,0,0,0,0,0,0,0,0,0,0
260450,1,1,0,0,0,0,0,3,0,0,5,0
260450,2,1,2,2,2,2,2,2,2,2,2,2
260451,1,1,0,11,0,0,0,0,0,0,0,0
260452,1,1,0,0,0,0,0,0,0,0,0,0
260452,2,1,0,0,0,0,0,0,0,0,0,0
260453,1,1,9,9,9,9,9,9,9,9,9,9
260454,1,1,0,0,0,0,0,0,0,0,0,0
260454,2,1,0,0,0,0,0,0,0,0,0,0
260455,0,1,0,0,0,0,0,0,0,0,0,0
260455,1,1,0,0,0,0,0,0,0,0,0,0
260456,1,1,0,0,0,0,0,0,0,0,0,0
260456,2,1,0,0,0,0,0,0,0,0,0,0
260457,0,1,0,0,0,0,0,0,0,14,0,0
260457,0,2,0,0,0,0,0,0,0,0,0,0
260457,1,1,6,6,6,6,6,6,6,6,6,6
260458,1,1,0,0,0,0,0,0,15,0,0,0
260458,2,1,0,0,0,0,0,0,0,0,0,0
260459,1,1,0,0,0,0,0,0,0,0,0,0
260460,0,1,11,0,0,0,22,0,12,6,0,0
260460,3,1,0,0,0,0,0,0,0,0,0,0
260461,1,1,14,10,13,16,10,0,0,11,9,14
260461,2,1,21,0,0,0,0,0,0,17,0,0
260462,1,1,0,0,0,0,0,0,0,0,0,0
260462,2,1,0,0,0,0,0,0,0,0,0,0
260463,1,1,24,24,24,24,24,24,24,24,24,24
260463,2,1,0,0,0,0,0,0,0,0,0,0
260464,0,1,0,0,0,0,0,0,0,0,0,0
260464,1,1,3,3,3,3,3,3,3,3,3,3
260465,1,1,0,0,29,0,0,23,26,0,0,27
260466,0,1,0,0,0,0,0,0,11,0,0,8
260466,1,1,0,0,0,0,0,0,0,0,0,0
260467,1,1,11,11,11,11,11,11,11,11,11,11
260468,1,1,0,0,0,0,0,0,0,0,0,0
260468,2,1,0,0,0,0,0,0,0,0,0,0
260469,1,1,0,0,0,0,0,0,0,0,0,0
260469,2,1,0,0,0,0,0,0,0,0,0,0
260470,1,1,0,0,0,0,0,0,0,5,0,0
260470,2,1,0,0,0,0,0,0,0,0,0,0
260471,1,1,13,13,13,13,13,13,13,13,13,13
260472,1,1,0,0,0,0,0,0,0,0,0,0
260472,2,1,0,0,0,0,0,0,0,10,0,0
260473,1,1,0,0,0,0,0,0,0,0,0,0
260473,2,1,0,0,0,0,0,0,0,0,0,0
260474,1,1,0,0,0,0,0,0,0,0,0,0
260474,2,1,0,0,0,0,0,0,0,0,0,0
260475,1,1,0,0,0,0,0,0,0,0,0,0
260475,2,1,0,0,0,0,0,0,0,0,0,0
260476,1,1,0,0,0,0,0,0,0,0,0,0
260477,1,1,0,0,0,0,0,0,8,0,0,0
260477,2,1,0,0,0,0,0,0,0,0,0,0
260478,1,1,0,0,0,0,0,0,0,0,0,0
260478,2,1,0,0,0,0,0,0,0,0,0,0
260479,1,1,2,2,2,2,2,2,2,2,2,2
260479,2,1,0,0,0,0,0,0,0,0,0,0
260480,1,1,0,0,0,0,0,0,0,0,0,0
260480,2,1,0,0,0,0,0,0,0,0,0,0
260481,1,1,0,0,0,0,0,0,0,0,0,0
260482,1,1,0,0,0,0,0,0,0,0,0,0
260483,0,1,0,0,14,0,0,0,0,13,0,31
260483,1,1,0,0,0,0,0,0,0,0,0,0
260484,1,1,0,0,0,0,0,0,0,0,0,0
260484,2,1,0,0,0,0,0,0,0,0,0,0
260484,3,1,0,0,0,0,0,0,0,0,0,0
260485,0,1,0,0,0,0,0,0,0,0,0,0
260485,1,1,8,11,11,14,5,5,16,7,11,6
260486,1,1,0,0,0,0,0,19,0,0,0,0
260486,2,1,0,0,0,0,0,0,0,0,0,0
260487,0,1,15,15,15,15,15,15,15,15,15,15
260487,1,1,0,0,0,0,0,0,0,7,0,0
260488,1,1,0,0,0,0,0,0,0,0,0,0
260488,2,1,24,24,24,24,24,24,24,24,24,24
260488,3,1,0,0,0,0,0,0,0,0,0,0
260489,1,1,12,25,15,11,16,12,7,42,28,5
260489,2,1,0,0,0,0,0,0,0,0,0,0
260490,0,1,0,0,0,0,31,0,0,45,0,0
260490,1,1,0,0,0,0,0,0,0,0,0,0
260491,1,1,0,0,0,0,0,0,0,0,0,0
260491,2,1,0,0,0,0,0,0,0,0,0,0
260491,3,1,0,0,0,0,6,0,0,0,0,0
260492,1,1,0,0,0,0,0,0,0,0,0,0
260492,2,1,0,0,0,0,0,0,0,0,0,0
260493,1,1,29,29,29,29,29,29,29,29,29,29
260494,1,1,0,0,0,0,0,0,0,0,0,0
260494,2,1,0,0,23,0,0,0,0,0,0,0
260495,1,1,0,0,0,0,0,0,0,0,0,0
260495,2,1,0,0,0,0,0,0,0,0,0,0
260496,0,1,0,0,0,8,0,27,16,0,0,0
260496,2,1,0,0,0,0,0,0,0,0,0,0
260497,0,1,22,22,22,22,22,22,22,22,22,22
260497,1,1,0,0,0,0,0,0,0,0,0,0
260498,1,1,0,0,12,0,24,8,16,0,0,22
260499,1,1,11,11,11,11,11,11,11,11,11,11
260499,2,1,0,0,0,0,0,0,0,0,0,0
260500,1,1,0,0,0,0,0,0,0,0,0,0
260500,2,1,0,0,0,0,0,0,0,0,0,0
260501,1,1,0,0,0,0,0,0,0,0,0,0
260501,2,1,0,0,0,0,0,0,0,0,0,0
260501,3,1,0,0,0,0,0,0,15,0,0,0
260501,4,1,0,0,0,0,0,0,0,0,0,0
260501,5,1,0,18,0,0,0,0,0,0,0,0
260502,1,1,0,0,0,0,0,0,0,0,0,0
260503,1,1,0,0,0,0,0,0,0,0,0,0
260504,1,1,0,0,0,0,23,0,0,0,0,0
260504,2,1,0,0,0,0,0,0,0,0,0,0
260505,0,1,8,32,29,16,3,34,25,9,14,8
260505,1,1,0,0,0,0,0,0,0,0,0,0
260506,1,1,6,6,6,6,6,6,6,6,6,6
260506,2,1,16,16,16,16,16,16,16,16,16,16
260507,1,1,0,0,0,0,0,0,0,0,0,0
260507,2,1,0,0,0,0,0,0,0,0,0,0
260507,3,1,0,0,0,0,0,0,0,0,0,0
260508,1,1,0,0,0,0,0,0,0,0,0,0
260509,1,1,20,20,20,20,20,20,20,20,20,20
260510,1,1,11,11,11,11,11,11,11,11,11,11
260510,2,1,0,0,0,0,0,0,0,0,0,0
260511,0,1,18,18,18,18,18,18,18,18,18,18
260511,1,1,0,0,0,0,0,0,0,9,0,0
260512,1,1,0,0,0,0,0,0,0,0,7,0
260512,2,1,0,0,0,0,0,0,0,0,0,0
260512,3,1,0,0,0,0,0,0,0,0,0,0
260513,0,1,0,0,0,21,0,0,0,0,0,23
260513,1,1,0,0,0,0,0,0,0,0,0,0
260514,1,1,0,0,0,0,0,0,0,0,0,0
260514,2,1,0,0,0,0,0,0,0,0,0,0
260515,0,1,9,9,9,9,9,9,9,9,9,9
260515,1,1,10,10,10,10,10,10,10,10,10,10
260516,1,1,1,1,1,1,1,1,1,1,1,1
260517,1,1,0,0,0,0,0,0,0,0,0,0
260517,2,1,0,0,0,0,0,0,0,0,0,0
260518,0,1,0,0,0,0,0,0,0,0,0,0
260518,1,1,0,0,0,0,0,0,0,0,0,0
260519,0,1,10,10,10,10,10,10,10,10,10,10
260519,1,1,0,0,0,0,0,0,0,0,0,0
260520,1,1,0,0,0,0,15,0,0,0,0,0
260520,2,1,0,0,0,0,0,0,0,0,0,0
260520,3,1,0,0,0,0,0,0,12,0,0,0
260521,1,1,0,0,0,0,0,0,0,0,0,0
260521,2,1,0,0,0,0,0,0,0,0,0,0
260522,1,1,0,6,0,13,19,0,0,0,0,0
260523,1,1,14,14,14,14,14,14,14,14,14,14
260524,1,1,0,0,0,0,0,0,0,0,0,0
260524,2,1,0,0,0,0,0,0,0,0,0,0
260525,1,1,0,0,0,0,0,0,0,0,0,0
260525,2,1,0,0,0,0,18,0,0,0,0,0
260526,1,1,25,0,12,0,0,0,0,0,0,0
260527,1,1,0,0,0,0,0,0,0,11,0,0
260527,2,1,0,0,0,0,0,0,0,0,0,0
260528,0,1,0,0,0,0,0,0,0,0,0,0
260528,1,1,0,0,0,0,0,0,0,0,0,0
260529,1,1,6,6,6,6,6,6,6,6,6,6
260529,2,1,0,0,0,0,0,0,0,0,0,0
260530,1,1,0,0,0,0,0,0,0,0,0,0
260530,2,1,0,21,0,0,0,0,0,0,0,0
260531,1,1,0,0,0,0,0,0,0,0,0,0
260531,2,1,0,0,0,0,0,0,0,0,0,0
260532,1,1,0,0,0,0,0,0,0,0,0,0
260532,2,1,0,0,0,0,0,0,0,0,0,0
260532,3,1,0,0,0,0,0,0,0,0,0,0
260533,1,1,27,27,27,27,27,27,27,27,27,27
260534,1,1,29,29,29,29,29,29,29,29,29,29
260535,1,1,0,0,0,0,0,0,0,0,0,0
260535,2,1,0,0,0,0,0,0,0,0,0,0
260536,0,1,21,0,22,0,0,0,10,0,0,0
260536,1,1,0,0,0,0,0,0,0,0,0,0
260537,1,1,0,0,0,0,0,0,0,0,0,0
260537,2,1,0,0,0,0,0,0,0,0,0,0
260538,0,1,0,0,0,0,0,0,0,0,0,0
260538,1,1,9,0,0,0,0,0,0,0,0,0
260539,1,1,0,0,0,0,0,0,0,0,0,0
260539,2,1,0,0,0,0,0,0,0,0,0,0
260540,1,1,0,8,0,0,0,0,0,27,16,0
260541,1,1,0,0,0,0,10,0,0,0,0,0
260541,2,1,0,0,0,0,0,0,0,7,0,0
260542,0,1,0,0,0,0,0,0,0,33,0,0
260542,1,1,0,0,0,0,0,0,0,0,0,0
260543,1,1,26,26,26,26,26,26,26,26,26,26
260544,1,1,0,0,0,0,0,0,0,0,0,0
260544,2,1,0,0,0,0,0,0,0,0,0,0
260544,3,1,0,0,0,0,0,0,0,0,0,0
260545,1,1,33,33,33,33,33,33,33,33,33,33
260546,1,1,0,0,0,0,0,0,0,0,0,0
260546,2,1,0,0,0,0,9,0,0,0,0,0
260547,1,1,0,0,0,0,0,0,0,0,0,0
260547,2,1,0,0,0,0,0,0,0,0,0,0
260547,3,1,0,0,0,0,0,0,0,0,0,0
260548,1,1,0,0,0,0,0,0,0,0,0,0
260548,2,1,0,0,0,0,0,0,0,0,0,0
260549,1,1,0,0,0,0,0,0,0,0,0,0
260549,2,1,0,0,0,0,0,0,0,0,0,0
260550,1,1,13,13,13,13,13,13,13,13,13,13
260551,1,1,0,0,0,0,0,0,0,0,0,0
260551,2,1,0,0,0,0,0,0,0,0,0,0
260552,0,1,0,0,0,0,0,0,0,0,0,0
260552,1,1,0,0,0,0,0,0,0,0,0,0
260553,0,1,0,0,0,0,0,28,0,40,0,0
260553,1,1,0,0,0,0,0,0,0,0,0,0
260554,1,1,0,0,0,0,0,0,0,0,0,0
260555,1,1,0,0,0,0,0,0,0,0,0,0
260555,2,1,0,0,0,0,0,0,0,0,0,0
260556,1,1,0,0,0,0,0,0,0,0,0,0
260557,1,1,0,0,0,0,0,0,0,0,0,0
260557,2,1,0,0,0,0,0,0,0,0,0,0
260558,1,1,0,0,0,0,0,0,0,0,0,0
260558,2,1,0,0,0,0,0,0,0,0,0,0
260559,1,1,0,0,0,0,0,0,0,22,0,0
260560,1,1,0,0,0,0,0,0,0,0,0,0
260560,2,1,0,0,0,0,0,0,0,0,0,0
260561,1,1,13,13,13,13,13,13,13,13,13,13
260561,2,1,0,0,17,0,0,0,0,0,0,0
260562,1,1,34,34,34,34,34,34,34,34,34,34
260563,1,1,14,14,14,14,14,14,14,14,14,14
260564,1,1,12,12,12,12,12,12,12,12,12,12
260565,1,1,0,0,0,0,0,0,0,0,0,0
260565,2,1,0,0,0,0,0,0,0,0,0,0
260566,1,1,0,0,14,0,14,0,0,12,8,0
260566,2,1,0,0,0,0,0,0,0,0,0,0
260567,1,1,0,0,0,0,0,0,0,0,0,0
260568,1,1,22,22,22,22,22,22,22,22,22,22
260569,0,1,21,21,21,21,21,21,21,21,21,21
260569,1,1,29,29,29,29,29,29,29,29,29,29
260570,1,1,0,0,0,0,0,0,0,0,0,0
260571,1,2,0,0,6,0,27,0,0,11,0,15
260572,1,1,0,0,0,0,0,0,0,0,0,0
260572,2,1,0,0,0,0,0,0,0,0,0,0
260573,1,1,15,15,15,15,15,15,15,15,15,15
260574,1,1,14,14,14,14,14,14,14,14,14,14
260574,2,1,0,0,0,0,0,0,0,0,0,0
260575,1,1,0,0,0,0,0,0,0,0,0,0
260575,2,1,0,0,0,0,0,0,0,0,0,0
260575,3,1,0,0,0,0,0,0,0,0,0,0
260576,1,1,0,0,23,0,0,0,0,0,0,0
260576,2,1,0,0,0,0,0,0,0,0,0,0
260577,0,1,22,20,33,32,26,26,19,14,7,3
260577,1,1,0,0,0,0,0,0,0,0,0,0
260578,1,1,22,22,22,22,22,22,22,22,22,22
260579,0,1,0,0,0,0,0,0,0,0,0,0
260579,1,1,1,1,1,1,1,1,1,1,1,1
260580,1,1,0,0,0,0,0,0,0,0,0,0
260580,2,1,0,0,0,0,0,0,0,0,0,0
260581,1,1,0,0,0,0,0,0,0,0,0,0
260581,2,1,0,0,0,0,0,0,0,0,0,0
260582,1,1,26,26,26,26,26,26,26,26,26,26
260583,1,1,0,5,0,0,0,0,0,0,0,0
260584,1,1,24,26,14,19,9,12,16,16,16,0
260585,1,1,7,22,30,2,14,18,12,22,22,10
260585,2,1,0,0,0,0,0,0,0,0,0,0
260586,1,1,19,19,19,19,19,19,19,19,19,19
260587,1,1,17,17,17,17,17,17,17,17,17,17
260588,1,1,0,0,0,0,0,0,0,0,0,0
260588,2,1,0,0,0,0,0,0,0,0,0,0
260589,1,1,0,0,7,0,5,0,20,0,0,0
260590,1,1,0,0,0,0,0,0,0,0,0,0
260590,2,1,0,0,0,0,0,0,0,0,0,0
260591,1,1,0,0,0,0,0,0,0,0,0,0
260592,1,1,7,7,7,7,7,7,7,7,7,7
260593,1,1,0,26,0,0,0,0,0,0,0,0
260593,2,1,0,0,0,0,0,0,0,0,0,0
260594,0,1,11,11,11,11,11,11,11,11,11,11
260594,1,1,0,0,0,0,0,0,0,0,0,0
260595,1,1,0,0,0,0,0,0,0,0,0,0
260596,1,1,0,0,0,0,0,0,0,0,0,0
260596,2,1,0,0,0,0,0,0,0,0,0,0
260597,1,1,0,0,0,0,0,0,0,0,0,0
260597,2,1,0,0,0,0,0,0,0,0,0,0
260598,0,1,42,42,42,42,42,42,42,42,42,42
260598,1,1,0,0,5,0,0,10,15,4,9,0
260599,0,1,5,5,5,5,5,5,5,5,5,5
260599,1,1,0,0,0,0,0,0,0,0,0,0
260600,1,1,0,0,0,0,0,0,0,0,0,0
260601,1,1,0,0,0,0,0,0,0,0,0,0
260601,2,1,0,0,0,0,0,0,0,0,0,0
260601,3,1,0,11,0,0,0,0,8,0,0,0
260602,1,1,0,0,0,0,0,0,0,0,0,0
260602,2,1,7,7,7,7,7,7,7,7,7,7
260603,1,1,0,0,0,0,0,0,0,0,0,0
260603,2,1,0,0,0,0,0,0,0,0,0,0
260604,1,1,7,7,7,7,7,7,7,7,7,7
260604,2,1,4,0,0,18,0,24,0,0,24,0
260605,1,1,0,0,0,0,0,0,0,0,0,0
260605,2,1,0,0,0,0,0,0,0,0,0,0
260605,3,1,0,0,0,0,0,0,0,0,0,0
260606,0,1,0,0,0,0,31,0,0,0,0,0
260606,1,1,0,0,0,0,0,0,0,0,0,0
260607,1,1,13,13,13,13,13,13,13,13,13,13
260608,1,1,0,27,0,0,0,0,0,0,0,0
260609,1,1,0,0,0,0,0,0,0,0,0,0
260609,2,1,0,0,0,0,0,0,0,10,12,0
260610,1,1,0,0,0,0,0,0,0,0,18,0
260610,2,1,0,0,0,0,0,0,0,0,8,11
260611,1,1,23,23,23,23,23,23,23,23,23,23
260612,0,1,0,0,0,0,0,0,0,0,0,0
260612,0,2,0,0,0,0,0,0,0,0,0,0
260612,1,1,0,0,0,0,0,19,0,0,0,0
260613,1,1,0,0,0,0,0,0,0,0,0,0
260613,2,1,0,0,0,0,0,0,0,0,0,0
260613,3,1,0,0,0,0,0,0,0,0,0,0
260614,1,1,0,0,0,0,0,0,0,0,0,0
260614,2,1,0,11,0,0,0,0,0,0,0,0
260615,1,1,0,0,0,0,0,0,13,0,0,0
260615,2,1,0,0,0,0,0,0,18,0,0,0
260616,1,1,5,5,5,5,5,5,5,5,5,5
260617,1,1,0,0,0,0,0,0,0,0,0,0
260617,2,1,21,21,21,21,21,21,21,21,21,21
260618,1,1,8,14,13,0,13,12,8,13,22,22
260618,2,1,0,0,0,0,0,0,0,0,0,0
260619,0,1,35,19,17,0,33,8,27,14,51,13
260619,1,1,0,0,0,0,0,0,0,0,0,0
260620,1,1,9,9,9,9,9,9,9,9,9,9
260621,1,1,10,0,0,22,0,0,0,0,0,0
260622,1,1,0,0,0,0,0,0,0,0,0,0
260622,2,1,0,0,0,0,0,0,0,0,0,0
260623,1,1,0,0,0,0,0,0,0,0,0,0
260624,1,1,29,29,29,29,29,29,29,29,29,29
260625,0,1,0,0,0,0,0,0,0,28,27,0
260625,1,1,22,22,22,22,22,22,22,22,22,22
260626,1,1,2,10,18,18,13,11,20,7,25,16
260626,2,1,9,9,9,9,9,9,9,9,9,9
260627,1,1,0,0,0,0,0,0,0,0,0,0
260627,2,1,0,0,0,0,0,0,0,0,0,0
260628,1,1,16,16,16,16,16,16,16,16,16,16
260629,1,1,27,26,0,28,19,18,21,35,21,27
260629,2,1,0,0,0,0,0,0,0,0,0,0
260630,1,1,0,0,0,0,0,0,0,0,0,0
260630,2,1,0,0,0,0,0,0,0,0,0,0
260631,0,1,0,0,0,0,0,0,0,0,0,15
260631,1,1,0,0,0,0,0,0,0,0,0,0
260632,1,1,0,0,0,0,0,0,0,0,0,0
260632,2,1,0,0,0,0,0,0,0,0,0,0
260633,1,1,0,0,0,0,0,0,20,0,0,0
260634,1,1,22,16,0,15,3,7,11,18,28,13
260635,1,1,18,18,18,18,18,18,18,18,18,18
260636,1,1,8,8,8,8,8,8,8,8,8,8
260637,1,1,0,10,0,0,0,0,0,0,0,0
260638,0,1,29,29,29,29,29,29,29,29,29,29
260638,1,1,0,0,0,0,0,0,0,0,0,0
260639,1,1,22,22,22,22,22,22,22,22,22,22
260640,0,1,0,0,0,0,0,0,0,0,0,0
260640,1,1,0,0,0,0,0,0,0,0,0,0
260640,2,1,0,0,0,0,0,0,0,0,0,0
260641,1,1,0,0,0,0,0,0,0,0,0,0
260641,2,1,0,0,0,0,0,0,0,0,0,0
260642,1,1,0,0,0,0,0,0,0,0,0,0
260642,2,1,0,0,0,0,0,0,0,0,0,0
260642,3,1,0,0,0,0,0,0,0,0,0,0
260643,0,1,0,0,0,0,0,0,0,0,0,0
260643,1,1,0,0,0,0,0,0,0,0,0,0
260644,1,1,2,2,2,2,2,2,2,2,2,2
260645,1,1,19,19,19,19,19,19,19,19,19,19
260646,1,1,0,0,0,0,0,0,0,0,0,0
260647,1,1,0,0,0,0,0,0,0,0,0,0
260647,2,1,26,0,0,0,0,0,0,0,0,0
260648,1,1,21,21,21,21,21,21,21,21,21,21
260649,1,1,0,0,0,0,0,0,0,0,0,0
260649,2,1,0,0,0,0,0,0,0,0,0,0
260649,3,1,0,0,0,0,0,0,0,0,0,0
260649,4,1,0,0,0,0,0,0,0,0,0,0
260649,5,1,0,0,0,0,0,0,0,0,0,0
260650,1,1,0,0,0,0,0,0,0,0,0,0
260650,2,1,0,0,0,0,0,0,0,0,0,0
260650,3,1,0,0,7,0,0,0,0,0,0,0
260651,1,1,0,0,0,0,0,0,0,0,0,0
260651,2,1,0,0,0,0,0,0,0,0,0,0
260651,3,1,0,0,0,0,0,0,0,0,0,0
260652,1,1,0,0,0,0,0,0,0,0,0,0
260652,2,1,0,0,0,0,0,0,0,0,0,0
260653,1,1,0,0,0,0,0,0,0,0,0,0
260653,2,1,0,0,0,0,0,0,0,0,0,0
260654,1,1,0,0,0,0,0,0,0,0,0,0
260654,2,1,18,2,0,7,0,0,0,0,0,16
260654,3,1,0,0,0,0,0,0,0,0,0,0
260655,1,1,0,0,0,0,0,0,0,0,0,0
260656,1,1,0,0,0,0,0,0,0,0,0,0
260656,2,1,0,0,0,0,0,0,0,0,0,0
260657,1,1,7,7,7,7,7,7,7,7,7,7
260658,0,1,0,0,13,16,25,14,22,0,10,15
260658,1,1,17,0,0,0,0,0,0,18,0,18
260659,1,1,0,0,0,0,0,11,0,0,2,0
260660,1,1,0,0,0,0,0,0,0,0,0,0
260661,1,1,0,0,0,0,0,0,0,33,0,0
260662,1,1,0,0,0,0,0,0,0,0,0,0
260662,2,1,0,0,0,0,0,0,0,0,0,0
260663,1,1,12,12,12,12,12,12,12,12,12,12
260664,0,1,0,0,0,0,0,0,18,8,0,0
260664,1,1,0,0,0,0,0,0,0,0,0,0
260664,2,1,15,15,15,15,15,15,15,15,15,15
260665,1,1,0,0,0,0,0,0,0,0,0,0
260665,2,1,0,0,0,0,0,0,0,0,0,0
260666,0,1,0,0,0,0,0,0,0,0,0,0
260666,1,1,4,4,4,4,4,4,4,4,4,4
260666,2,1,0,0,0,0,0,0,0,0,0,0
260667,1,1,0,0,0,0,0,0,0,0,0,0
260667,2,1,0,0,0,0,0,0,0,0,0,0
260668,1,1,13,18,16,21,35,12,22,20,20,15
260669,1,1,0,0,0,0,0,0,13,0,0,0
260670,1,1,15,0,0,0,0,0,0,0,0,0
260671,0,1,0,0,16,56,39,29,11,0,0,0
260671,1,1,19,6,11,21,6,8,9,0,10,0
260672,1,1,0,0,0,0,0,0,0,0,0,0
260672,2,1,0,0,0,0,0,0,0,0,0,0
260673,1,1,0,0,0,0,0,0,0,5,0,0
260673,2,1,0,0,0,0,0,0,0,0,0,0
260674,1,1,0,0,0,0,0,0,0,0,0,0
260674,2,1,0,0,0,0,0,0,0,0,0,0
260675,1,1,0,0,0,0,0,0,0,0,0,0
260675,2,1,0,0,0,0,0,0,0,0,0,0
260676,0,1,0,0,0,10,0,0,0,0,24,0
260676,1,1,1,1,1,1,1,1,1,1,1,1
260677,0,1,0,0,0,0,0,0,0,0,0,0
260677,1,1,0,0,0,0,0,0,0,0,0,0
260678,1,1,12,12,12,12,12,12,12,12,12,12
260678,2,1,0,0,0,0,0,0,10,0,0,0
260679,1,1,17,17,17,17,17,17,17,17,17,17
260680,0,1,0,0,0,0,0,0,0,0,0,0
260680,1,1,0,0,0,0,0,0,0,0,0,0
260681,1,1,0,10,8,0,0,0,0,12,0,0
260682,1,1,0,0,24,0,0,0,0,0,0,0
260683,1,1,0,0,0,0,0,0,0,0,0,0
260684,1,1,0,0,0,0,0,0,0,0,0,0
260687,0,1,0,0,0,0,0,0,0,0,0,0
260687,1,1,0,0,0,0,0,0,0,0,0,0
260688,1,1,6,6,6,6,6,6,6,6,6,6
260688,2,1,13,17,0,24,0,23,10,17,15,22
260689,1,1,0,0,0,0,0,0,0,0,0,0
260689,2,1,0,0,0,0,0,0,0,0,0,0
260690,1,1,4,4,4,4,4,4,4,4,4,4
260690,2,1,0,0,0,0,0,0,0,0,0,0
260691,1,1,8,0,0,0,0,0,0,15,0,0
260692,1,1,0,0,0,0,0,0,0,0,0,0
260693,1,1,28,28,28,28,28,28,28,28,28,28
260694,1,1,0,0,0,0,0,0,0,0,0,0
260695,1,1,21,21,21,21,21,21,21,21,21,21
260696,1,1,0,0,0,0,0,0,0,0,0,0
260696,2,1,0,0,0,0,0,0,0,0,0,0
260697,1,1,0,0,0,0,0,0,0,0,0,0
260698,1,1,19,19,19,19,19,19,19,19,19,19
260699,1,1,21,21,21,21,21,21,21,21,21,21
260700,0,1,13,34,28,0,21,7,21,24,13,25
260700,1,1,0,0,0,0,0,0,0,0,0,0
260700,2,1,0,0,0,0,0,0,0,0,0,0
260701,0,1,0,0,0,0,0,0,0,23,0,0
260701,1,1,0,0,0,0,0,0,0,0,0,0
260701,2,1,0,0,0,0,0,0,0,0,0,0
260702,1,1,0,0,0,5,0,0,0,0,0,0
260702,2,1,0,0,0,0,0,0,0,0,0,0
260703,0,1,0,0,0,0,0,0,0,0,0,0
260703,1,1,0,0,0,0,0,0,0,0,0,0
260704,1,1,1,1,1,1,1,1,1,1,1,1
260704,2,1,0,0,0,0,0,0,0,0,0,0
260705,1,1,4,20,26,12,12,25,21,30,16,30
260705,2,1,0,0,0,0,0,0,0,0,0,0
260706,1,1,0,0,0,0,0,0,0,0,0,0
260706,2,1,0,0,0,0,0,0,0,0,0,0
260706,3,1,0,0,0,0,0,0,0,0,0,0
260707,1,1,0,0,0,0,0,0,0,0,0,0
260707,2,1,0,0,0,0,0,0,0,0,0,0
260708,1,1,0,0,0,0,0,0,0,0,0,0
260708,2,1,0,0,0,0,12,0,0,0,0,0