ST_CASE,VEH_NO,PER_NO,P1,P2,P3,P4,P5,P6,P7,P8,P9,P10
270070,1,1,0,0,0,0,0,0,0,0,0,21
270071,1,1,0,0,0,0,0,0,0,0,0,0
270071,2,1,0,0,0,0,0,0,0,0,0,0
270071,3,1,0,0,0,0,0,0,0,0,0,0
270071,4,1,0,0,0,0,0,0,0,0,0,0
270072,0,1,0,0,0,0,0,0,0,0,0,0
270072,1,1,0,0,0,0,0,0,0,0,0,13
270073,1,1,20,20,20,20,20,20,20,20,20,20
270074,1,1,0,0,0,0,0,0,0,0,0,0
270075,0,1,0,0,0,0,0,0,0,0,0,0
270075,1,1,0,0,5,19,0,0,0,0,16,19
270076,1,1,4,0,0,0,0,12,13,0,0,0
270077,1,1,0,0,0,0,0,0,0,0,0,0
270077,2,1,0,0,0,0,0,0,0,0,0,0
270078,1,1,23,23,23,23,23,23,23,23,23,23
270079,1,1,0,0,0,0,0,0,0,0,0,0
270080,1,1,7,7,7,7,7,7,7,7,7,7
270081,1,1,7,7,7,7,7,7,7,7,7,7
270081,2,1,0,0,0,0,0,0,0,0,0,0
270082,1,1,13,13,13,13,13,13,13,13,13,13
270082,2,1,6,6,6,6,6,6,6,6,6,6
270083,1,1,2,2,2,2,2,2,2,2,2,2
270084,1,1,17,17,17,17,17,17,17,17,17,17
270085,1,1,0,0,0,0,0,0,0,0,0,0
270085,2,1,0,0,0,0,0,0,0,0,0,0
270086,1,1,0,0,0,0,0,0,0,0,0,0
270086,2,1,0,0,0,0,0,0,0,0,0,0
270087,1,1,0,0,0,0,0,0,0,0,0,0
270087,2,1,0,0,0,0,0,0,0,0,0,0
270089,1,1,23,23,23,23,23,23,23,23,23,23
270091,1,1,0,0,0,0,0,0,0,0,0,0
270092,1,1,0,0,0,0,0,0,0,0,0,0
270093,1,1,0,0,0,0,0,0,0,0,0,0
270093,2,1,0,0,0,0,0,0,0,0,0,0
270094,0,1,18,18,18,18,18,18,18,18,18,18
270094,1,1,0,0,0,0,0,0,0,0,0,0
270094,2,1,0,14,0,0,0,0,0,22,0,0
270095,0,1,2,2,2,2,2,2,2,2,2,2
270095,1,1,0,0,0,0,0,0,0,0,0,0
270096,1,1,23,23,23,23,23,23,23,23,23,23
270096,2,1,37,21,0,6,0,25,6,11,0,5
270097,0,1,0,0,0,0,0,0,0,0,0,0
270097,1,1,0,0,0,0,0,0,0,0,0,0
270099,1,1,0,0,0,0,0,0,0,0,0,0
270099,2,1,0,0,0,0,0,0,0,0,0,0
270100,1,2,0,3,10,6,15,15,15,19,8,0
270101,1,1,0,0,0,0,0,0,0,0,0,0
270102,1,1,20,20,20,20,20,20,20,20,20,20
270103,1,1,11,11,11,11,11,11,11,11,11,11
270104,1,1,0,0,0,0,0,0,0,0,0,0
270105,1,1,16,16,16,16,16,16,16,16,16,16
270106,1,1,9,9,9,9,9,9,9,9,9,9
270106,2,1,0,0,0,0,0,0,0,0,0,0
270106,3,1,0,0,0,0,0,0,0,0,0,0
270107,1,1,0,0,0,0,0,0,0,0,0,0
270107,2,1,0,0,0,19,0,0,19,0,0,0
270108,1,1,0,0,0,0,0,0,0,0,0,0
270109,1,1,0,0,0,0,0,0,0,0,0,0
270109,2,1,0,14,0,11,19,0,11,8,0,10
270110,1,1,14,14,14,14,14,14,14,14,14,14
270110,2,1,0,0,0,0,0,0,21,0,0,20
270111,1,1,0,0,0,0,0,0,0,0,0,0
270112,1,1,0,0,0,0,0,0,0,0,0,0
270113,1,1,0,0,0,0,0,0,0,0,0,0
270114,1,1,0,0,0,0,0,0,0,0,0,0
270114,2,1,0,0,0,0,25,0,0,0,0,7
270115,1,1,8,8,8,8,8,8,8,8,8,8
270116,1,1,0,0,0,0,0,0,0,0,0,0
270116,2,1,0,0,0,0,0,0,0,0,0,0
270117,1,1,0,0,0,0,0,0,0,0,0,0
270117,2,1,0,0,0,0,0,0,0,0,0,4
270118,1,1,8,8,8,8,8,8,8,8,8,8
270119,1,1,0,0,0,0,0,0,0,0,0,0
270120,1,1,20,20,20,20,20,20,20,20,20,20
270120,2,1,0,0,0,0,0,0,20,0,0,0
270121,1,1,0,0,0,0,0,0,0,0,0,0
270121,2,1,0,0,0,0,0,0,0,0,0,0
270122,1,1,0,3,0,0,0,0,0,0,0,0
270122,2,1,0,0,0,0,0,0,0,0,0,0
270123,1,1,20,20,20,20,20,20,20,20,20,20
270124,1,1,0,0,0,0,0,0,0,0,0,0
270124,2,1,0,0,0,0,0,0,0,0,0,0
270125,1,1,14,14,14,14,14,14,14,14,14,14
270126,1,1,0,0,0,0,0,0,0,0,0,0
270127,1,1,15,15,15,15,15,15,15,15,15,15
270128,1,1,0,0,0,0,0,0,0,0,0,0
270129,1,1,0,0,0,0,0,0,0,0,0,0
270129,2,1,0,0,0,0,0,0,18,0,0,0
270129,3,1,0,0,0,11,0,0,0,0,0,0
270130,1,1,0,0,0,0,0,0,0,0,0,0
270130,2,1,0,0,0,0,0,0,0,0,0,0
270131,1,1,13,13,13,13,13,13,13,13,13,13
270132,1,1,1,1,1,1,1,1,1,1,1,1
270132,2,1,0,0,0,0,0,0,0,0,0,0
270133,1,1,0,0,0,0,0,0,0,0,0,0
270133,2,1,8,8,8,8,8,8,8,8,8,8
270135,0,1,0,0,0,0,0,0,0,0,0,0
270136,1,1,0,0,0,0,0,0,0,0,0,0
270136,2,1,0,0,0,0,0,0,0,0,0,0
270137,1,1,0,0,0,0,0,0,0,0,0,0
270137,2,1,0,0,0,0,0,0,0,0,0,0
270138,1,1,0,0,0,0,0,0,0,0,0,0
270138,2,1,0,13,0,0,0,0,0,0,0,0
270139,1,1,0,0,0,0,0,0,0,0,0,0
270140,1,1,0,0,0,0,14,0,0,0,13,0
270140,2,1,0,0,0,0,11,0,0,0,0,0
270141,1,1,0,0,0,0,0,0,0,0,0,0
270142,1,1,6,6,6,6,6,6,6,6,6,6
270142,2,1,20,20,20,20,20,20,20,20,20,20
270143,1,1,0,0,0,0,0,0,0,0,0,0
270143,2,1,0,0,0,0,0,0,0,0,0,0
270144,1,1,18,18,18,18,18,18,18,18,18,18
270145,1,1,8,8,8,8,8,8,8,8,8,8
270146,1,1,0,0,0,0,0,0,0,0,0,0
270146,2,1,0,0,0,0,0,0,0,0,0,0
270147,1,1,0,0,0,0,0,0,0,0,0,0
270147,2,1,0,0,0,0,0,0,0,0,0,0
270147,3,1,0,0,0,0,0,0,0,0,0,0
270147,4,1,0,0,0,0,0,0,0,0,0,0
270148,0,1,0,0,0,0,0,0,0,0,0,0
270148,1,1,0,0,0,0,0,0,0,0,0,0
270149,1,1,0,0,0,0,0,0,0,0,0,0
270149,2,1,0,0,0,0,0,0,0,0,0,0
270150,1,1,0,0,0,0,0,0,0,0,0,0
270150,2,1,0,0,0,0,0,0,0,0,0,0
270151,1,1,0,0,0,0,0,0,0,0,0,0
270151,2,1,0,0,0,0,0,0,0,0,0,0
270151,3,1,0,0,0,4,0,0,0,0,0,0
270152,1,1,0,0,0,0,0,0,0,0,0,0
270152,2,1,0,0,0,0,0,4,0,0,0,0
270153,0,1,0,0,0,0,0,0,0,0,0,0
270153,1,1,0,0,0,0,0,0,0,0,0,0
270154,0,1,0,0,0,0,0,0,0,0,0,0
270154,1,1,6,0,0,16,13,33,11,0,35,0
270155,1,1,0,0,0,0,0,0,0,0,0,0
270155,2,1,0,0,0,0,12,11,0,0,0,0
270156,1,1,0,0,0,0,0,0,0,0,0,0
270157,0,1,11,11,11,11,11,11,11,11,11,11
270157,1,1,0,0,0,0,0,0,0,0,0,0
270157,2,1,0,0,0,0,0,0,0,0,0,0
270158,1,1,0,0,0,0,0,0,0,0,0,0
270159,1,1,16,16,16,16,16,16,16,16,16,16
270160,1,1,0,0,0,0,14,0,12,0,0,25
270161,1,1,0,0,0,0,0,0,0,0,0,0
270161,2,1,0,0,0,0,0,0,0,0,0,0
270162,1,1,0,0,0,0,0,0,0,0,0,0
270162,2,1,0,0,0,0,0,0,0,0,0,0
270163,1,1,16,16,16,16,16,16,16,16,16,16
270164,0,1,29,29,29,29,29,29,29,29,29,29
270164,1,1,0,0,0,0,0,0,0,0,0,0
270165,1,1,31,31,31,31,31,31,31,31,31,31
270166,1,1,18,18,18,18,18,18,18,18,18,18
270167,0,1,0,0,0,0,0,0,0,0,0,0
270167,1,1,0,0,0,0,0,0,0,0,0,0
270168,1,1,3,3,3,3,3,3,3,3,3,3
270169,1,1,0,0,0,0,0,0,0,0,0,0
270169,2,1,0,0,0,0,0,0,0,0,0,0
270170,1,1,0,0,0,0,0,0,0,0,0,0
270172,1,1,0,0,0,0,0,0,0,0,0,0
270172,2,1,13,0,0,0,0,0,0,0,9,0
270173,1,1,8,8,8,8,8,8,8,8,8,8
270174,1,1,8,0,13,0,13,0,34,0,0,0
270175,1,1,0,0,0,0,0,0,0,0,8,0
270175,2,1,0,0,0,0,0,0,0,0,0,0
270176,1,1,0,0,0,0,0,0,0,0,0,0
270177,1,1,5,5,5,5,5,5,5,5,5,5
270178,1,1,8,8,8,8,8,8,8,8,8,8
270179,1,1,0,18,0,0,0,0,0,0,0,0
270179,2,1,14,14,14,14,14,14,14,14,14,14
270180,1,1,0,0,0,0,0,0,0,0,0,0
270180,2,1,6,0,0,0,13,0,0,0,11,0
270180,3,1,0,0,0,0,0,0,0,0,0,0
270181,1,1,0,0,0,0,0,0,0,0,0,0
270181,2,1,0,0,0,0,0,0,0,0,0,0
270182,1,1,0,0,0,0,0,0,0,0,0,0
270182,2,1,0,0,0,0,0,7,0,0,0,0
270183,1,1,22,22,22,22,22,22,22,22,22,22
270183,2,1,0,0,0,0,0,0,0,0,0,0
270184,1,1,14,14,14,14,14,14,14,14,14,14
270184,2,1,0,0,0,0,0,0,0,5,0,0
270185,1,1,0,0,0,0,0,0,0,0,0,0
270185,2,1,18,18,18,18,18,18,18,18,18,18
270185,3,1,0,0,0,0,0,0,0,0,0,16
270186,0,1,0,0,0,0,0,0,0,0,0,0
270186,1,1,0,0,0,0,0,0,0,0,0,0
270187,1,1,0,0,0,0,0,0,0,0,0,0
270187,2,1,0,0,23,9,0,0,0,0,0,8
270188,1,1,0,0,0,0,0,0,0,0,0,0
270188,2,1,0,0,0,0,0,0,0,5,0,0
270189,1,1,14,14,14,14,14,14,14,14,14,14
270190,1,1,0,5,0,0,0,0,0,0,0,0
270190,2,1,0,0,0,0,0,0,0,0,0,4
270190,3,1,0,0,0,0,0,0,0,0,0,0
270190,4,1,17,0,0,0,0,0,0,0,0,0
270190,5,1,0,0,0,0,0,0,0,0,0,0
270190,6,1,0,0,0,0,0,0,0,0,0,0
270191,1,1,24,24,24,24,24,24,24,24,24,24
270192,1,1,0,0,0,0,0,0,0,0,0,0
270193,1,1,0,25,0,0,0,0,0,0,0,0
270193,2,1,0,0,0,0,0,0,0,0,0,23
270194,0,1,17,17,17,17,17,17,17,17,17,17
270194,1,1,0,0,0,0,0,0,0,0,0,0
270195,1,1,0,0,0,0,0,0,0,0,0,0
270196,1,1,0,0,0,0,0,0,0,0,0,0
270197,1,1,0,0,0,0,0,0,0,0,0,0
270198,1,1,0,0,0,0,0,0,0,0,32,0
270198,2,1,0,0,0,0,0,0,0,0,0,0
270199,1,1,0,0,0,0,0,0,0,0,0,0
270200,1,1,0,0,0,0,0,0,0,0,0,0
270201,1,1,9,0,0,0,0,0,0,0,22,0
270202,1,1,4,4,4,4,4,4,4,4,4,4
270202,2,1,0,0,0,0,0,0,0,0,0,0
270203,1,1,0,0,0,0,6,0,0,0,0,0
270203,2,1,0,0,0,0,0,0,0,0,0,0
270204,1,1,0,14,0,0,14,0,0,0,0,0
270204,2,1,5,5,5,5,5,5,5,5,5,5
270205,1,1,0,0,0,0,0,0,0,0,0,0
270206,1,1,0,0,0,0,0,0,0,0,0,0
270206,2,1,0,11,6,21,0,5,0,0,4,0
270207,1,1,17,17,17,17,17,17,17,17,17,17
270208,1,1,0,0,0,0,0,0,0,0,0,0
270209,1,1,19,19,19,19,19,19,19,19,19,19
270210,1,1,20,20,20,20,20,20,20,20,20,20
270211,1,1,0,0,0,0,0,0,0,0,0,0
270211,2,1,0,0,0,0,0,0,0,0,0,0
270212,1,1,29,29,29,29,29,29,29,29,29,29
270213,1,1,22,22,22,22,22,22,22,22,22,22
270214,1,1,0,0,0,0,0,0,0,0,0,0
270214,2,1,0,0,0,0,0,0,0,0,0,0
270215,1,1,0,0,0,0,0,0,0,0,0,0
270216,1,1,0,0,0,0,0,21,0,0,0,0
270216,2,1,12,0,0,0,0,0,0,0,0,0
270217,1,1,0,0,5,0,0,0,0,0,0,0
270217,2,1,0,0,0,0,0,0,0,0,0,0
270218,1,1,0,0,0,0,0,0,0,0,0,0
270219,1,1,0,0,0,0,0,0,0,0,0,0
270219,2,1,0,0,0,0,0,0,0,0,0,0
270220,1,1,0,0,0,0,0,0,0,0,0,0
270220,2,1,0,0,0,0,0,0,0,0,13,0
270221,1,1,6,14,29,24,8,26,8,9,11,12
270222,1,1,0,0,0,0,0,0,0,0,0,0
270223,1,1,14,15,22,19,4,15,17,23,30,19
270224,1,1,0,28,2,17,17,16,15,19,26,18
270225,1,1,0,0,0,0,0,0,0,0,0,21
270226,0,1,0,0,0,0,0,0,0,0,0,0
270226,1,1,0,0,0,0,16,0,0,0,0,0
270227,1,1,0,0,0,0,0,0,0,0,0,0
270228,1,1,19,19,19,19,19,19,19,19,19,19
270229,1,1,16,16,16,16,16,16,16,16,16,16
270230,0,1,0,0,0,0,0,0,0,0,0,0
270230,1,1,0,0,0,0,0,0,0,0,0,0
270231,0,1,0,0,0,0,0,0,0,0,0,0
270231,1,1,0,0,0,0,0,0,0,0,0,0
270232,0,1,38,38,38,38,38,38,38,38,38,38
270232,1,1,0,0,0,0,15,0,0,0,0,0
270233,1,1,0,0,0,0,0,0,0,0,0,0
270234,1,1,0,0,0,0,0,0,0,0,0,0
270234,2,1,12,0,0,0,0,0,0,0,0,0
270235,1,1,0,0,0,0,0,0,12,0,0,0
270235,2,1,0,0,0,0,0,0,0,0,0,0
270236,1,1,0,0,0,0,0,0,0,0,0,0
270237,1,1,16,16,16,16,16,16,16,16,16,16
270238,1,1,0,0,0,0,0,0,0,0,0,0
270238,2,1,0,0,0,0,0,0,0,0,0,0
270239,1,1,0,0,0,0,0,0,0,0,0,0
270239,2,1,0,0,0,0,0,0,0,0,0,0
270240,1,1,0,0,0,0,0,0,0,0,0,0
270240,2,1,0,0,0,0,0,0,0,0,0,0
270241,1,1,0,0,0,0,0,0,0,0,0,0
270241,2,1,0,0,0,0,0,0,0,0,0,0
270242,1,1,0,0,0,0,0,0,0,0,0,0
270242,2,1,0,0,0,0,0,0,0,0,0,0
270243,0,1,0,0,0,0,0,0,0,0,0,0
270243,1,1,0,0,0,0,0,0,0,0,0,0
270244,1,1,0,0,0,12,0,0,6,0,10,0
270244,2,1,0,0,0,0,0,0,0,0,0,0
270245,1,1,0,0,0,0,0,0,0,0,0,0
270245,2,1,0,0,12,0,0,0,0,0,0,0
270246,0,1,0,0,0,0,0,0,0,0,0,0
270246,0,2,0,0,0,0,0,7,0,0,0,9
270246,1,1,0,0,0,0,0,0,0,0,0,0
270246,4,1,0,0,0,0,0,0,0,0,0,0
270247,1,1,0,0,0,0,0,0,0,0,11,0
270248,0,1,0,0,0,0,0,0,0,0,0,0
270248,1,1,0,0,17,0,0,0,0,0,0,0
270249,1,1,0,0,0,0,0,0,0,0,0,0
270249,2,1,0,0,0,0,0,0,0,0,0,0
270250,1,1,0,0,0,0,0,0,0,0,0,0
270250,2,1,0,0,0,0,0,0,0,0,0,0
270251,1,1,0,0,0,0,0,0,0,0,0,0
270251,2,1,0,4,0,0,8,0,0,0,0,0
270252,1,1,27,27,27,27,27,27,27,27,27,27
270252,2,1,6,6,6,6,6,6,6,6,6,6
270253,1,1,0,0,0,0,0,16,0,0,0,0
270254,1,1,12,12,12,12,12,12,12,12,12,12
270255,1,1,25,25,25,25,25,25,25,25,25,25
270256,0,1,0,0,26,0,0,11,0,0,0,0
270256,1,1,0,0,0,0,0,0,0,0,0,0
270257,1,1,0,18,0,0,0,0,0,0,0,0
270258,1,1,0,0,0,23,0,0,0,13,10,8
270259,1,1,0,0,0,0,0,0,0,0,0,0
270259,2,1,0,0,0,0,0,0,0,0,0,0
270260,1,1,0,0,0,0,0,0,0,0,0,0
270260,2,1,0,0,0,0,0,0,0,0,0,0
270261,1,1,0,0,0,0,0,0,0,0,0,0
270261,2,1,0,0,0,0,0,0,0,0,0,0
270261,3,1,0,0,0,0,0,0,0,0,0,0
270262,1,1,0,0,0,0,0,0,0,0,0,0
270262,2,1,0,0,0,0,0,0,0,0,0,0
270263,1,1,18,18,18,18,18,18,18,18,18,18
270264,1,1,17,17,17,17,17,17,17,17,17,17
270265,0,1,33,33,33,33,33,33,33,33,33,33
270265,1,1,0,0,0,0,0,0,0,0,0,0
270266,1,1,0,0,0,0,0,0,0,0,0,0
270266,2,1,0,0,0,0,0,0,0,0,0,0
270267,1,1,0,14,0,0,0,0,0,0,0,0
270267,2,1,0,0,0,0,0,0,0,0,0,0
270268,1,1,17,17,17,17,17,17,17,17,17,17
270269,1,1,0,0,0,0,0,0,0,0,0,0
270270,1,1,0,0,0,0,0,0,0,0,0,0
270270,2,1,0,0,0,0,0,0,0,0,0,0
270271,1,1,0,0,0,0,0,0,0,0,0,0
270271,2,1,0,0,0,0,0,0,0,0,0,0
270273,1,1,0,0,0,0,0,0,0,0,0,0
270273,2,1,0,0,0,0,0,0,0,0,0,0
270274,0,1,9,9,9,9,9,9,9,9,9,9
270274,1,1,0,0,0,0,0,0,14,0,0,0
270275,1,1,0,0,0,0,0,0,0,0,0,0
270276,1,1,0,0,0,0,0,0,0,0,0,0
270277,1,1,0,0,0,0,0,0,0,0,0,0
270277,2,1,0,0,0,0,0,0,0,0,0,0
270278,1,1,18,18,18,18,18,18,18,18,18,18
270278,2,1,0,17,0,0,0,0,0,0,0,0
270279,1,1,0,0,0,0,0,0,0,0,0,0
270279,2,1,0,0,0,0,0,0,0,0,0,0
270280,1,1,0,0,0,0,0,0,0,0,0,0
270280,2,1,0,0,0,0,0,0,0,0,0,0
270281,0,1,0,0,0,0,0,0,0,0,0,0
270281,1,1,0,0,0,0,0,0,0,0,0,0
270282,1,1,29,29,29,29,29,29,29,29,29,29
270282,2,1,0,0,0,0,0,0,0,0,0,0
270283,1,1,0,0,0,0,0,0,0,0,0,0
270284,0,1,22,22,22,22,22,22,22,22,22,22
270284,1,1,0,0,0,20,0,0,0,0,0,0
270285,0,1,26,26,26,26,26,26,26,26,26,26
270285,1,1,0,0,0,0,0,0,0,0,0,0
270286,1,1,0,0,0,0,0,0,0,0,0,0
270287,1,1,0,0,0,0,0,0,0,0,0,0
270287,2,1,0,0,0,0,0,0,0,0,0,0
270288,1,1,0,0,0,0,0,0,0,21,0,0
270289,1,1,0,0,0,0,0,0,0,0,0,0
270289,2,1,0,0,0,0,0,0,0,0,0,0
270290,1,1,0,0,0,0,0,0,0,0,21,0
270291,0,1,0,0,0,0,0,0,0,0,0,0
270291,1,1,0,0,0,0,0,0,0,0,0,0
270292,1,1,8,8,8,8,8,8,8,8,8,8
270293,0,1,0,0,0,0,0,0,0,0,0,0
270294,0,1,24,0,14,0,0,0,41,0,0,28
270294,1,1,0,0,0,0,0,0,0,0,0,0
270295,1,1,0,0,0,0,0,0,0,0,0,0
270295,2,1,0,0,0,0,0,0,0,0,0,0
270296,1,1,0,0,0,0,0,0,0,0,0,0
270296,2,1,1,1,1,1,1,1,1,1,1,1
270297,1,1,41,41,41,41,41,41,41,41,41,41
270298,1,1,17,5,6,0,0,0,0,0,22,0
270299,1,1,0,0,0,0,0,0,0,0,0,0
270299,2,1,0,0,0,0,0,0,0,0,0,0
270300,1,1,0,0,0,0,0,0,0,0,0,0
270300,2,1,0,0,0,0,0,0,0,0,0,0
270301,1,1,0,20,11,5,28,11,13,27,26,14
270302,1,1,0,0,0,0,0,0,0,0,0,0
270302,2,1,0,0,0,0,0,0,0,0,0,0
270303,1,1,0,0,0,0,0,0,0,0,0,0
270303,2,1,0,0,0,0,0,0,0,0,0,0
270303,3,1,0,0,0,0,0,0,0,0,0,0
270304,0,1,0,0,0,0,0,0,0,0,0,0
270304,1,1,0,0,0,0,0,0,0,0,0,0
270305,1,1,0,0,0,0,0,0,0,0,0,0
270307,1,1,15,15,15,15,15,15,15,15,15,15
270308,1,1,0,0,0,0,0,0,0,0,0,0
270309,1,1,0,0,0,0,0,0,0,0,0,0
270309,2,1,0,0,0,0,0,0,0,0,0,0
270309,3,1,0,0,0,0,0,0,0,0,0,0
270310,1,1,0,0,0,0,0,0,0,0,0,0
270310,2,1,0,0,0,0,0,0,0,0,0,0
270311,1,1,0,0,0,0,0,0,0,0,0,0
270312,1,1,7,7,7,7,7,7,7,7,7,7
270313,1,1,0,0,0,0,0,0,0,0,0,0
270313,2,1,0,0,0,0,0,0,0,0,0,0
270313,3,1,0,0,0,7,0,0,0,0,0,0
270314,1,1,0,0,0,0,0,0,0,0,0,0
270314,2,1,5,3,10,6,21,2,6,3,5,0
270316,1,1,37,37,37,37,37,37,37,37,37,37
270317,1,1,29,29,29,29,29,29,29,29,29,29
270318,1,1,0,0,0,0,0,0,0,0,0,0
270318,2,1,0,0,0,0,0,0,0,0,0,0
270319,1,1,0,0,0,0,0,0,0,0,0,0
270319,2,1,0,0,0,0,0,0,0,0,0,0
270320,0,1,0,0,0,0,0,0,0,0,0,0
270320,1,1,0,0,0,0,0,0,0,0,0,0
270321,0,1,0,0,0,0,0,0,0,0,0,0
270321,1,1,0,0,0,0,0,0,0,0,0,0
270322,1,1,0,0,0,0,0,0,0,0,0,0
270322,2,1,0,0,0,0,0,0,0,0,0,0
270323,1,1,20,20,20,20,20,20,20,20,20,20
270324,1,1,0,0,0,0,0,0,0,0,0,0
270325,1,1,0,0,0,0,0,0,0,0,0,0
270325,2,1,20,20,20,20,20,20,20,20,20,20
270326,1,1,0,0,0,0,0,0,0,0,0,0
270327,1,1,0,0,0,0,0,0,0,0,0,0
270327,2,1,0,0,0,0,0,0,0,0,0,0
270328,1,1,0,0,0,0,0,0,0,0,0,0
270328,2,1,0,0,0,0,0,0,0,0,0,0
270329,0,1,0,0,0,0,0,0,0,0,0,0
270329,1,1,0,0,0,0,0,0,0,0,0,0
270330,0,1,15,15,15,15,15,15,15,15,15,15
270330,1,1,0,0,0,0,0,0,0,0,0,0
270331,1,1,0,0,0,0,0,0,0,0,0,0
270332,1,1,0,0,0,0,0,0,0,0,0,0
270333,1,1,14,14,14,14,14,14,14,14,14,14
270334,0,1,0,0,0,0,0,0,0,0,0,0
270334,1,1,0,0,0,0,0,0,0,0,0,0
270335,1,1,0,0,0,0,0,0,0,0,0,0
270335,2,1,0,0,0,0,0,0,0,0,0,0
270336,1,1,0,0,0,0,0,0,0,0,0,0
270336,2,1,0,0,0,0,0,0,0,0,0,0
270337,1,1,26,26,26,26,26,26,26,26,26,26
270338,1,1,0,0,0,0,0,0,0,0,0,0
270338,2,1,0,0,0,0,0,0,0,0,0,0
270338,3,1,0,0,0,0,0,0,0,0,0,0
270339,1,1,0,0,0,0,0,0,0,0,0,0
270339,2,1,0,0,0,0,0,8,0,0,0,0
270340,1,1,0,0,0,0,0,0,0,0,0,0
270340,2,1,0,0,0,0,0,0,0,0,0,0
270341,1,1,0,0,0,0,0,0,0,0,0,0
270342,1,1,0,0,0,0,0,0,0,0,0,0
270342,2,1,5,5,5,5,5,5,5,5,5,5
270343,1,1,33,33,33,33,33,33,33,33,33,33
270343,2,1,0,0,0,0,0,0,0,0,0,0
270344,1,1,13,13,13,13,13,13,13,13,13,13
270345,1,1,8,8,8,8,8,8,8,8,8,8
270346,0,1,0,0,0,0,0,0,0,0,0,0
270346,1,1,0,0,0,0,0,0,0,0,0,0
270347,1,1,0,0,0,0,0,0,0,0,0,0
270348,0,1,0,0,0,0,25,0,32,0,12,0
270348,1,1,0,0,0,0,0,0,0,16,0,8
270349,0,1,32,32,32,32,32,32,32,32,32,32
270349,1,1,0,0,0,0,0,0,0,0,0,0
270350,1,1,0,0,0,0,0,0,0,0,0,0
270350,2,1,0,0,0,0,0,0,0,0,0,0
270351,1,1,0,0,0,0,0,0,0,0,0,0
270351,2,1,0,0,0,0,0,0,0,0,0,0
270352,1,1,0,0,42,20,30,20,23,24,2,16
270352,2,1,0,0,0,0,15,0,0,0,0,0
270353,1,1,13,2,0,3,0,0,0,0,0,0
270353,2,1,0,0,0,0,0,0,0,0,0,0
270353,3,1,0,0,0,0,0,0,0,0,0,0
270354,1,1,0,0,0,0,0,0,0,0,0,0
270354,2,1,0,0,0,14,0,0,0,0,0,0
270355,1,1,0,0,0,0,0,0,7,0,0,0
270356,0,1,0,0,0,0,0,0,0,0,0,0
270356,1,1,0,0,0,0,0,0,0,0,0,0
270357,1,1,0,0,0,0,0,0,0,0,0,24
280001,1,1,0,0,0,0,0,0,0,0,0,0
280002,1,1,6,0,30,0,0,17,0,14,0,0
280003,1,1,0,0,0,0,7,9,0,0,0,0
280003,2,1,18,0,13,0,0,17,13,23,0,0
280004,1,1,0,0,0,0,0,0,0,0,0,0
280004,2,1,20,20,20,20,20,20,20,20,20,20
280005,1,1,0,33,0,0,0,0,17,34,25,0
280006,1,1,23,23,0,0,0,24,0,8,0,0
280007,0,1,0,0,0,19,0,0,0,0,0,0
280007,1,1,0,0,0,0,0,12,8,0,0,0
280007,2,1,0,0,0,0,0,0,0,0,0,0
280008,1,1,0,0,0,0,21,0,0,0,0,0
280008,2,1,0,0,0,0,0,0,0,0,0,0
280009,1,1,0,0,0,0,0,0,0,0,0,0
280010,1,1,0,0,0,0,0,0,0,0,0,0
280011,1,1,0,0,0,0,0,0,0,0,0,0
280011,2,1,8,8,8,8,8,8,8,8,8,8
280012,1,1,0,0,0,0,0,0,0,0,0,0
280012,2,1,0,0,0,0,0,0,0,0,0,0
280013,1,1,0,17,0,0,12,0,0,21,0,0
280014,1,1,0,11,21,0,0,0,0,0,3,0
280015,0,1,0,0,17,0,0,0,31,20,4,15
280015,1,1,16,16,16,16,16,16,16,16,16,16
280016,1,1,0,0,0,0,0,0,0,0,0,0
280017,1,1,0,0,0,0,0,0,0,0,0,8
280017,2,1,35,35,35,35,35,35,35,35,35,35
280018,1,1,10,10,10,10,10,10,10,10,10,10
280019,1,1,11,11,11,11,11,11,11,11,11,11
280020,1,1,0,0,0,0,0,0,0,0,0,0
280020,2,1,0,0,0,0,0,0,0,0,0,5
280021,1,1,4,0,0,0,0,0,0,0,0,0
280022,1,1,0,0,0,12,0,22,5,0,0,14
280023,0,1,0,0,0,0,0,0,0,0,0,0
280023,1,1,12,0,0,0,0,0,0,0,0,0
280024,1,1,0,0,0,0,0,0,0,0,0,0
280025,1,1,10,10,10,10,10,10,10,10,10,10
280025,2,1,0,0,0,0,0,0,0,0,0,0
280026,1,1,0,0,0,0,0,0,0,0,0,0
280026,2,1,0,0,0,0,0,0,0,0,0,0
280027,0,1,0,0,0,0,0,29,0,0,0,0
280027,1,1,0,0,0,0,0,0,14,0,0,0
280028,0,1,0,0,0,0,0,0,24,18,19,0
280028,1,1,6,6,6,6,6,6,6,6,6,6
280029,1,1,0,0,0,0,0,0,0,0,0,0
280029,2,1,0,0,0,0,0,0,0,0,0,0
280030,0,1,0,0,0,0,16,0,21,0,8,33
280030,1,1,2,0,0,0,0,0,0,0,0,0
280031,1,1,0,0,0,0,26,7,0,0,15,22
280032,1,1,0,0,0,0,0,0,0,0,0,0
280032,2,1,0,0,0,0,0,0,0,0,0,0
280033,1,1,15,11,0,0,0,0,0,0,0,0