ST_CASE,VEH_NO,PER_NO,P1,P2,P3,P4,P5,P6,P7,P8,P9,P10
340473,1,1,9,9,9,9,9,9,9,9,9,9
340473,2,1,0,0,0,0,0,0,0,0,0,0
340474,1,1,0,13,0,0,0,0,0,0,0,0
340475,0,1,0,0,0,0,0,0,0,0,0,0
340475,1,1,0,0,0,0,0,0,0,0,0,0
340476,1,1,0,0,0,0,0,0,0,15,0,0
340477,1,1,28,0,0,0,33,23,0,6,13,0
340478,1,1,13,13,13,13,13,13,13,13,13,13
340478,2,1,0,9,0,0,0,0,0,0,0,0
340478,3,1,0,0,0,0,0,0,0,0,0,0
340479,1,1,0,0,0,0,0,0,0,0,0,0
340479,2,1,0,0,0,0,0,0,0,0,0,0
340480,1,1,0,0,0,0,0,0,0,0,0,0
340481,1,1,0,0,0,0,0,0,0,0,0,0
340481,2,1,16,16,16,16,16,16,16,16,16,16
340482,1,1,0,0,0,0,0,0,0,0,0,0
340482,2,1,0,0,0,0,0,0,0,0,0,0
340483,1,1,23,23,23,23,23,23,23,23,23,23
340483,2,1,0,0,0,0,0,0,0,0,0,0
340484,0,1,0,0,0,0,0,0,0,0,0,0
340484,1,1,0,0,0,0,0,0,0,0,0,0
340485,1,1,11,11,11,11,11,11,11,11,11,11
340486,1,1,0,0,0,0,0,0,0,0,0,0
340486,2,1,0,0,0,0,0,0,0,0,0,0
340486,3,1,0,0,0,0,0,0,0,0,0,0
340487,0,1,0,0,0,0,0,0,0,0,0,0
340487,1,1,21,0,0,0,0,0,0,0,0,0
340488,0,1,18,23,19,0,49,12,14,0,7,10
340488,1,1,0,0,0,0,0,0,0,0,0,0
340489,1,1,0,0,0,0,0,0,0,0,0,0
340490,1,1,25,0,0,0,24,16,12,21,16,0
340491,1,1,0,0,0,0,0,25,0,0,0,0
340491,2,1,0,0,0,0,0,0,0,0,0,0
340492,1,1,0,0,0,0,0,0,0,0,0,0
340493,0,1,0,0,0,0,0,0,0,0,0,0
340493,1,1,0,0,0,18,0,0,0,0,0,15
340494,0,1,0,0,0,0,0,0,0,0,0,0
340494,1,1,0,0,0,0,0,0,0,0,20,0
340495,1,1,0,0,0,0,0,0,0,0,0,0
340495,2,1,8,8,8,8,8,8,8,8,8,8
340496,0,1,28,28,28,28,28,28,28,28,28,28
340496,1,1,0,0,0,0,0,0,0,0,0,0
340497,1,1,3,3,3,3,3,3,3,3,3,3
340498,0,1,0,0,0,0,0,0,0,0,0,0
340498,1,1,21,21,21,21,21,21,21,21,21,21
340499,0,1,1,1,1,1,1,1,1,1,1,1
340499,1,1,23,0,0,0,0,8,13,0,0,0
340500,0,1,0,0,20,0,0,0,22,14,0,18
340500,1,1,0,0,0,0,0,0,0,0,0,0
340501,0,1,0,0,0,0,0,0,0,0,0,0
340501,1,1,0,9,16,8,0,7,46,0,2,0
340502,1,1,15,13,0,0,0,14,0,0,14,0
340503,1,1,0,0,0,0,0,0,0,0,0,0
340504,0,1,0,0,0,0,0,0,0,0,0,0
340504,1,1,0,0,0,0,0,0,0,0,0,0
340505,0,1,0,0,0,0,0,0,0,0,0,0
340505,1,1,0,0,14,0,0,0,0,0,0,0
340505,2,1,0,0,0,0,0,0,0,4,0,0
340506,1,1,20,20,20,20,20,20,20,20,20,20
340506,2,1,0,0,0,0,20,18,0,0,0,0
340507,1,1,0,0,0,0,0,0,0,0,0,0
340507,2,1,0,0,0,0,0,0,0,0,0,0
340508,0,1,0,0,0,0,0,0,0,0,0,0
340508,1,1,0,0,0,0,0,0,0,0,0,0
340508,2,1,0,0,0,0,0,0,0,0,0,0
340509,0,1,37,18,24,28,0,0,0,0,0,0
340509,1,1,0,0,0,0,0,0,0,0,0,14
340510,0,1,0,11,19,0,0,0,0,0,13,0
340510,1,1,0,0,0,0,0,0,0,0,0,0
340511,0,1,0,0,0,0,0,0,0,0,0,0
340511,1,1,0,0,0,0,0,0,0,0,0,0
340512,0,1,0,0,0,0,0,0,0,0,0,0
340512,1,1,0,0,0,0,0,0,0,0,0,0
340513,0,1,0,0,0,0,0,0,0,0,0,0
340513,1,1,0,0,0,0,0,0,0,0,0,0
340514,1,1,5,5,5,5,5,5,5,5,5,5
340515,1,1,0,0,12,0,0,0,0,0,0,0
340516,0,1,0,0,0,0,0,0,0,0,0,0
340516,1,1,0,0,0,0,0,0,0,13,0,0
340517,1,1,0,0,0,0,0,0,0,0,0,0
340517,2,1,0,0,4,0,0,0,0,0,0,0
340518,1,1,12,12,12,12,12,12,12,12,12,12
340519,1,1,12,12,12,12,12,12,12,12,12,12
340520,1,1,11,11,11,11,11,11,11,11,11,11
340521,1,1,20,20,20,20,20,20,20,20,20,20
340521,2,1,0,0,0,0,0,0,0,0,0,0
340522,1,1,0,0,0,0,0,0,0,0,0,0
340522,2,1,0,0,0,0,0,0,0,0,0,0
340522,3,1,0,0,0,0,0,0,0,0,0,0
340523,1,1,17,17,17,17,17,17,17,17,17,17
340523,2,1,0,0,0,0,0,0,0,0,0,0
340524,1,1,41,41,41,41,41,41,41,41,41,41
340524,2,1,0,0,4,0,0,0,0,0,12,0
340525,0,1,0,0,0,0,0,0,0,0,0,0
340525,1,1,0,0,0,14,0,0,0,19,0,0
340526,0,1,6,6,6,6,6,6,6,6,6,6
340526,1,1,0,0,0,0,0,0,0,0,0,0
340526,2,1,0,0,0,0,0,0,0,0,0,14
340527,1,1,0,0,0,0,0,0,0,0,0,0
340527,2,1,0,0,0,0,31,0,0,0,0,0
340528,0,1,0,10,0,31,0,0,0,0,0,0
340528,1,1,0,0,0,0,14,0,0,0,0,0
340529,1,1,0,0,0,0,0,0,0,0,0,0
340529,2,1,0,0,0,0,0,0,0,0,0,0
340530,1,1,0,0,0,0,0,0,0,0,0,0
340530,2,1,0,0,0,0,0,0,0,0,0,0
340531,0,1,7,6,0,0,24,0,23,0,0,19
340531,1,1,0,12,0,0,0,0,0,0,0,0
350001,0,1,0,0,0,0,0,0,0,0,0,0
350001,1,1,0,0,0,0,0,0,0,0,0,0
350002,1,1,18,18,18,18,18,18,18,18,18,18
350003,1,1,0,0,0,0,0,0,0,0,0,0
350004,1,1,13,13,13,13,13,13,13,13,13,13
350005,1,1,18,18,18,18,18,18,18,18,18,18
350006,1,1,0,0,0,9,0,5,23,0,20,0
350006,2,1,0,7,0,0,0,0,0,0,0,22
350007,0,1,28,28,28,28,28,28,28,28,28,28
350007,1,1,0,0,0,0,0,13,0,0,0,0
350008,1,1,4,4,4,4,4,4,4,4,4,4
350009,0,1,0,0,0,0,0,0,0,0,0,0
350009,1,1,0,0,0,0,0,0,0,0,0,0
350010,0,1,28,28,28,28,28,28,28,28,28,28
350010,1,1,0,0,0,0,0,12,32,0,0,0
350011,0,1,0,0,0,0,0,0,0,0,0,0
350012,1,1,0,0,0,0,0,0,0,0,0,0
350012,2,1,0,0,0,0,0,0,0,0,0,0
350012,3,1,0,0,0,0,0,0,0,0,0,0
350013,1,1,0,0,0,0,0,0,0,0,0,0
350014,1,1,0,0,0,0,0,0,0,0,0,0
350015,0,1,41,41,41,41,41,41,41,41,41,41
350015,1,1,0,0,0,0,0,0,0,0,0,0
350016,1,1,22,28,24,11,14,26,8,18,17,5
350017,1,1,37,28,19,18,9,11,4,15,28,17
350018,1,1,23,23,23,23,23,23,23,23,23,23
350019,1,1,0,0,0,0,0,0,0,0,0,0
350019,2,1,11,0,0,0,0,0,0,0,0,0
350020,0,1,0,0,0,0,0,0,0,0,0,0
350020,1,1,0,0,0,0,0,0,0,0,12,0
350021,0,1,18,18,18,18,18,18,18,18,18,18
350021,1,1,0,0,0,0,0,0,0,0,0,0
350021,2,1,0,0,0,0,0,0,0,0,0,0
350022,1,1,20,20,20,20,20,20,20,20,20,20
350023,1,1,0,0,0,0,0,0,0,0,19,0
350023,2,1,0,0,0,0,0,0,0,0,0,0
350024,0,1,0,0,0,0,0,0,0,0,0,0
350024,1,1,0,0,0,0,0,0,0,0,0,0
350025,1,1,23,20,14,15,0,37,19,14,19,19
350026,1,1,4,13,6,0,16,33,12,6,13,6
350027,1,1,0,0,0,0,0,0,0,0,0,0
350028,1,1,0,0,0,0,0,0,0,0,0,0
350028,2,1,0,0,0,0,0,0,0,0,0,0
350029,1,1,0,0,0,0,0,0,0,0,0,0
350030,0,1,34,34,34,34,34,34,34,34,34,34
350030,1,1,0,0,0,0,0,0,0,0,0,0
350031,1,1,0,0,0,0,0,0,0,0,10,0
350031,2,1,0,0,0,0,0,0,0,0,0,0
350032,1,1,15,21,18,14,26,23,11,19,25,22
350034,0,1,0,0,0,0,7,0,0,32,6,33
350034,1,1,0,0,0,0,0,0,0,0,0,0
350035,0,1,0,0,0,0,0,0,0,0,0,0
350035,1,1,0,0,0,0,0,0,0,0,0,0
350036,1,1,0,0,0,0,0,0,0,0,0,0
350036,2,1,0,0,0,0,0,0,0,0,27,0
350037,1,1,0,0,0,0,0,0,0,0,0,0
350037,2,1,0,24,3,0,0,0,13,17,8,0
350038,1,1,0,0,0,0,0,0,0,0,0,0
350039,1,1,0,0,0,0,0,0,0,0,0,0
350039,2,1,41,41,41,41,41,41,41,41,41,41
350040,1,1,0,0,0,0,0,0,0,0,0,0
350040,2,1,0,0,0,0,0,0,0,0,0,0
350041,1,1,0,0,0,0,0,0,0,0,0,0
350041,2,1,0,0,0,0,0,0,0,0,0,0
350042,1,1,0,0,0,0,27,0,0,0,0,0
350042,2,1,0,0,0,0,0,0,0,0,0,0
350043,1,1,0,0,0,0,0,0,0,0,0,0
350043,2,1,16,7,34,0,0,7,0,12,0,17
350043,3,1,0,0,0,4,0,0,0,0,0,0
350043,4,1,11,3,0,0,4,0,0,0,0,24
350043,5,1,0,0,0,0,0,0,0,0,0,0
350043,6,1,0,10,0,0,9,0,0,0,0,3
350044,0,1,0,0,0,0,0,0,0,0,0,0
350044,1,1,0,0,0,0,0,0,0,0,8,0
350045,1,1,19,20,4,10,15,5,13,18,16,17
350045,2,1,0,0,0,4,0,6,9,15,0,0
350046,1,1,0,0,0,0,0,0,0,0,0,0
350046,2,1,0,0,0,0,0,0,0,0,0,0
350046,3,1,0,0,0,0,0,0,0,0,0,0
350047,1,1,0,0,0,0,0,0,0,0,0,0
350047,2,1,0,0,0,0,0,0,0,0,0,0
350048,1,1,0,0,0,0,0,0,0,0,0,0
350048,2,1,0,0,0,0,0,0,0,0,0,0
350048,3,1,0,0,0,0,0,0,0,0,0,0
350048,4,1,0,0,0,0,0,0,0,0,0,0
350049,1,1,0,0,0,0,0,0,0,0,0,0
350049,2,1,0,0,0,0,0,0,0,0,0,0
350050,0,1,27,27,27,27,27,27,27,27,27,27
350050,1,1,0,0,0,0,0,0,0,0,0,0
350050,2,1,0,0,0,0,0,0,0,0,0,0
350051,1,1,8,8,8,8,8,8,8,8,8,8
350051,2,1,0,0,0,0,0,0,0,0,0,0
350052,0,1,0,0,0,0,0,0,0,0,0,0
350052,1,1,0,0,0,0,0,0,0,0,0,0
350052,2,1,0,0,0,0,0,0,0,0,0,0
350053,1,1,0,0,0,0,0,0,0,0,0,0
350053,2,1,0,0,0,0,0,0,0,0,0,16
350054,1,1,0,0,0,0,0,0,0,0,0,0
350054,2,1,0,0,0,0,0,0,0,0,0,0
350055,1,1,0,0,0,0,0,0,0,0,0,0
350056,1,1,5,5,5,5,5,5,5,5,5,5
350057,0,1,20,20,20,20,20,20,20,20,20,20
350057,1,1,0,0,0,0,0,0,0,0,0,0
350058,1,1,7,7,6,11,10,9,3,25,16,14
350059,0,1,0,0,0,0,0,0,0,0,0,0
350059,1,1,0,0,0,0,0,0,0,0,0,0
350060,1,1,20,15,6,2,20,11,15,26,10,7
350061,0,1,0,0,0,0,0,0,0,0,0,0
350061,1,1,0,0,15,0,0,22,0,0,0,0
350062,1,1,15,15,15,15,15,15,15,15,15,15
350063,1,1,14,14,14,14,14,14,14,14,14,14
350063,2,1,0,0,0,0,0,0,0,0,0,0
350064,1,1,17,14,0,0,0,0,0,7,0,0
350064,2,1,0,0,0,0,0,0,0,0,0,0
350065,0,1,0,0,0,0,0,0,0,0,0,0
350065,1,1,0,0,0,0,0,0,0,0,20,0
350066,1,1,0,0,0,0,0,0,0,0,0,0
350067,1,1,0,0,0,0,0,0,0,0,0,0
350067,2,1,0,0,0,0,0,0,0,0,0,0
350068,1,1,0,0,0,0,0,0,0,0,0,0
350068,2,1,0,0,0,0,0,0,0,0,0,0
350069,1,1,12,12,12,12,12,12,12,12,12,12
350070,0,1,29,5,15,23,9,14,22,20,6,17
350070,1,1,11,0,4,0,0,0,6,0,0,0
350071,0,1,30,30,30,30,30,30,30,30,30,30
350071,0,2,0,0,31,0,4,19,0,23,0,0
350071,1,1,14,14,14,14,14,14,14,14,14,14
350072,1,1,19,19,19,19,19,19,19,19,19,19
350073,1,1,0,0,0,0,0,0,0,0,0,0
350073,2,1,0,0,0,0,0,0,0,0,0,0
350074,1,1,2,2,2,2,2,2,2,2,2,2
350074,2,1,0,0,0,0,3,0,0,0,0,0
350075,0,1,0,0,0,0,0,0,0,0,0,0
350075,1,1,0,0,0,0,0,6,0,0,0,15
350076,1,1,0,0,0,0,0,0,0,0,0,0
350077,1,1,0,0,0,0,0,0,0,0,0,0
350078,1,1,13,12,21,22,10,8,14,9,36,6
350079,1,1,6,2,9,36,18,9,19,14,4,4
350080,0,1,20,16,39,20,0,0,18,0,19,23
350080,1,1,22,0,0,0,0,0,0,0,0,0
350081,1,1,22,22,22,22,22,22,22,22,22,22
350081,2,1,0,0,0,0,0,0,0,0,0,0
350081,3,1,0,0,0,0,0,0,16,0,0,0
350082,0,1,15,15,15,15,15,15,15,15,15,15
350082,1,1,0,0,0,0,0,0,0,7,0,0
350083,1,1,0,0,0,0,0,0,0,0,0,0
350083,2,1,0,0,0,12,0,0,0,0,0,0
350084,0,1,33,33,33,33,33,33,33,33,33,33
350084,1,1,0,0,0,0,0,0,13,0,0,0
350084,2,1,0,0,0,0,0,0,0,0,0,9
350085,0,1,17,17,17,17,17,17,17,17,17,17
350085,1,1,0,0,0,0,17,0,0,0,0,0
350086,1,1,0,0,0,0,0,0,0,0,0,0
350086,2,1,0,0,0,0,0,0,0,0,0,0
350087,1,1,0,0,0,0,0,0,0,0,0,0
350087,2,1,0,0,0,0,0,0,0,0,0,0
350088,0,1,21,21,21,21,21,21,21,21,21,21
350088,1,1,0,0,0,0,0,0,0,0,0,0
350089,1,1,4,15,6,7,5,16,3,22,13,7
350090,1,1,22,0,0,0,0,0,0,0,0,0
350091,0,1,16,19,0,0,0,2,14,0,0,0
350091,0,2,4,4,4,4,4,4,4,4,4,4
350091,1,1,0,0,0,0,0,17,0,0,0,0
350092,1,1,0,0,0,0,0,0,0,0,0,0
350092,2,1,4,4,4,4,4,4,4,4,4,4
350093,1,1,0,0,0,0,0,0,0,0,0,0
350094,1,1,15,15,15,15,15,15,15,15,15,15
350095,0,1,0,0,0,0,0,0,5,31,17,23
350095,1,1,0,0,0,0,0,0,0,0,0,0
350096,1,1,0,0,0,0,0,0,0,0,0,0
350097,1,1,0,0,0,17,17,0,0,24,0,8
350098,0,1,16,11,14,25,31,18,20,36,33,24
350098,1,1,21,8,0,7,0,0,33,0,0,0
350099,1,1,20,0,19,3,15,7,11,0,20,11
350100,1,1,20,11,8,0,32,10,10,18,7,5
350100,2,1,0,0,0,0,0,0,0,0,0,0
350101,1,1,0,0,10,0,0,0,0,23,21,18
350101,2,1,15,0,5,0,5,15,0,28,0,0
350102,1,1,0,0,0,0,0,0,0,16,23,34
350103,1,1,10,22,36,20,0,33,21,28,25,27
350104,1,1,0,0,0,0,0,0,0,0,0,0
350105,0,1,22,22,22,22,22,22,22,22,22,22
350105,1,1,0,0,24,0,0,0,0,0,0,0
350106,1,1,0,0,0,0,0,0,0,0,0,0
350106,2,1,0,0,0,0,0,0,0,0,0,0
350107,0,1,17,17,17,17,17,17,17,17,17,17
350107,1,1,0,0,0,0,0,0,14,0,0,0
350108,1,1,0,0,0,0,0,0,0,0,0,0
350109,1,1,0,0,0,0,0,13,0,0,0,0
350109,2,1,0,0,0,0,0,0,0,0,0,0
350110,0,1,0,0,0,0,0,0,0,0,0,0
350110,1,1,0,0,0,27,0,0,0,0,0,0
350111,1,1,0,0,0,0,0,0,0,0,0,0
350111,2,1,0,0,0,0,0,0,0,0,0,0
350112,1,1,0,0,0,0,0,0,0,0,0,0
350112,2,1,0,0,0,0,0,0,0,0,0,0
350113,1,1,28,28,28,28,28,28,28,28,28,28
350114,0,1,0,0,0,0,0,0,0,0,0,0
350114,1,1,0,0,0,0,10,0,0,0,0,0
350115,0,1,0,0,0,0,0,0,0,0,0,0
350115,1,1,0,0,0,0,0,0,0,0,0,0
350115,2,1,0,0,0,0,0,0,0,0,0,0
350116,1,1,0,23,0,0,30,0,0,24,12,0
350117,1,1,23,14,24,20,32,22,18,8,15,3
350117,2,1,0,0,0,0,0,0,0,0,0,0
350118,1,1,11,11,11,11,11,11,11,11,11,11
350119,1,1,0,0,0,0,0,0,0,0,0,0
350119,2,1,0,0,0,0,0,0,0,0,0,0
350119,3,1,0,0,0,0,0,0,0,0,0,0
350119,4,1,0,0,0,0,0,0,0,0,0,0
350120,1,1,0,0,0,0,0,0,0,0,0,0
350120,2,1,0,0,0,0,0,0,15,0,0,0
350120,3,1,0,0,9,0,16,0,0,22,0,0
350121,1,1,0,15,0,0,0,0,0,0,13,0
350121,2,1,0,17,0,0,0,0,0,0,0,0
350121,3,1,0,0,0,0,0,0,0,3,0,0
350122,0,1,48,48,48,48,48,48,48,48,48,48
350122,1,1,0,0,0,0,0,0,0,0,0,0
350123,1,1,0,13,0,25,0,0,0,0,0,0
350123,2,1,0,0,0,0,0,4,0,0,0,0
350123,3,1,1,1,1,1,1,1,1,1,1,1
350124,1,1,0,0,0,0,0,0,0,0,0,0
350125,1,1,0,0,0,0,0,0,0,0,0,0
350125,2,1,0,0,0,0,0,0,0,0,0,0
350126,1,1,24,24,24,24,24,24,24,24,24,24
350127,1,1,0,0,0,0,0,0,0,0,0,0
350128,1,1,27,27,27,27,27,27,27,27,27,27
350129,1,1,20,20,20,20,20,20,20,20,20,20
350130,1,1,0,0,0,0,0,0,0,0,0,0
350130,2,1,0,0,0,0,0,0,0,0,0,0
350131,1,1,2,2,2,2,2,2,2,2,2,2
350131,2,1,0,0,0,0,0,0,0,0,0,0
350132,1,1,0,0,0,0,0,0,36,0,22,0
350133,1,1,0,0,0,0,0,0,0,0,0,0
350133,2,1,5,5,5,5,5,5,5,5,5,5
350134,0,1,0,0,0,0,0,0,0,0,0,0
350134,1,1,0,0,0,0,0,0,0,0,0,0
350135,1,1,0,0,0,0,0,0,0,0,0,0
350135,2,1,0,0,0,0,0,0,0,0,0,0
350136,0,1,0,12,14,0,17,0,30,0,0,23
350136,0,2,10,10,10,10,10,10,10,10,10,10
350136,1,1,0,0,0,0,0,0,0,0,0,0
350137,1,1,0,0,0,0,0,0,0,0,0,0
350138,0,1,13,13,13,13,13,13,13,13,13,13
350138,1,1,10,10,10,10,10,10,10,10,10,10
350138,2,1,0,0,0,0,0,8,0,0,8,0
350139,1,1,0,0,0,0,0,0,0,0,0,0
350139,2,1,0,0,0,0,0,0,0,0,0,0
350140,1,1,11,11,11,11,11,11,11,11,11,11
350141,0,1,3,3,3,3,3,3,3,3,3,3
350141,1,1,0,0,9,0,0,0,0,0,0,0
350142,1,1,0,0,0,0,0,0,0,0,0,0
350142,2,1,0,0,0,0,0,0,0,0,0,0
350143,1,1,11,0,13,0,0,6,10,10,29,29
350144,0,1,38,38,38,38,38,38,38,38,38,38
350144,1,1,0,0,0,0,5,0,0,0,0,0
350145,1,1,1,1,1,1,1,1,1,1,1,1
350146,1,1,0,0,0,0,31,0,0,0,0,0
350147,0,1,0,15,0,0,39,0,17,30,0,0
350147,1,1,0,14,0,0,9,0,0,0,0,0
350148,1,1,1,1,1,1,1,1,1,1,1,1
350149,1,1,0,0,0,0,0,0,0,0,0,0
350149,2,1,0,0,0,0,0,0,0,0,0,0
350150,0,1,22,22,22,22,22,22,22,22,22,22
350150,1,1,0,0,13,0,0,0,13,0,0,0
350151,1,1,0,0,0,21,25,12,15,0,7,0
350152,1,1,0,29,0,0,0,0,0,16,0,18
350152,2,1,0,0,0,8,0,0,0,0,15,0
350153,1,1,30,30,30,30,30,30,30,30,30,30
350154,0,1,31,0,19,0,0,8,15,7,0,0
350154,1,1,0,13,14,0,0,3,0,13,18,0
350155,1,1,23,14,24,13,34,33,21,4,8,11
350156,0,1,0,0,0,13,0,0,0,0,0,0
350156,0,2,35,35,35,35,35,35,35,35,35,35
350156,1,1,0,0,0,0,0,0,0,0,0,13
350157,1,1,0,0,0,0,0,0,0,9,0,0
350157,2,1,8,28,12,20,4,14,5,0,17,9
350158,1,1,0,0,0,0,0,0,0,0,0,0
350158,2,1,0,0,0,0,0,0,0,0,0,0
350159,0,1,20,20,20,20,20,20,20,20,20,20
350159,1,1,0,0,0,0,0,0,0,0,0,0
350160,0,1,0,0,24,0,0,0,22,21,0,0
350160,1,1,0,16,0,0,7,13,15,0,0,0
350161,0,1,0,0,0,0,0,0,0,0,0,0
350161,1,1,0,0,0,0,0,0,0,0,0,12
350162,0,1,26,26,26,26,26,26,26,26,26,26
350162,1,1,0,0,11,25,0,0,19,10,0,0
350163,1,1,17,17,17,17,17,17,17,17,17,17
350164,1,1,0,0,0,0,0,0,0,0,0,0
350164,2,1,0,0,0,0,0,0,0,0,0,0
350165,1,1,8,8,8,8,8,8,8,8,8,8
350166,1,1,16,16,16,16,16,16,16,16,16,16
350167,1,1,21,10,0,0,0,27,6,0,9,2
350168,1,1,0,0,0,0,0,0,0,0,0,0
350168,2,1,0,0,0,0,0,0,0,0,0,0
350169,1,1,0,0,0,0,0,30,0,0,0,0
350170,1,1,0,0,13,0,0,0,0,0,0,0
350171,1,1,0,0,0,0,0,0,0,0,0,0
350172,1,1,0,0,0,0,0,0,0,0,13,11
350172,2,1,1,1,1,1,1,1,1,1,1,1
350173,1,1,0,0,0,0,0,0,0,0,0,0
350173,2,1,0,0,0,0,0,0,0,0,0,0
350173,3,1,0,0,0,0,0,0,0,0,0,3
350174,1,1,0,0,0,0,0,0,0,0,0,0
350174,2,1,0,0,0,0,0,0,0,0,0,0
350175,1,1,17,17,17,17,17,17,17,17,17,17
350176,1,1,1,1,1,1,1,1,1,1,1,1
350177,1,1,0,0,0,0,0,0,0,0,0,0
350178,1,1,0,0,0,0,0,0,0,0,0,0
350179,1,1,1,1,1,1,1,1,1,1,1,1
350179,2,1,0,0,0,0,0,0,0,0,0,0
350180,1,1,0,0,0,0,0,0,0,0,0,0
350180,2,1,14,5,16,19,4,10,8,13,16,6
350181,0,1,39,39,39,39,39,39,39,39,39,39
350181,1,1,25,7,9,9,25,8,0,11,2,48
350182,1,1,0,0,0,0,0,0,0,0,0,0
350182,2,1,0,0,0,0,0,0,0,0,3,0
350183,1,1,24,24,24,24,24,24,24,24,24,24
350183,2,1,0,0,0,0,0,0,0,0,0,0
350184,0,1,0,0,0,0,47,16,0,0,0,39
350184,1,1,35,6,11,4,22,16,5,20,16,4
350186,1,1,0,0,0,0,0,0,0,0,0,0
350187,1,1,13,13,13,13,13,13,13,13,13,13
350188,0,1,8,8,8,8,8,8,8,8,8,8
350188,1,1,14,0,0,0,0,0,0,11,6,5
350189,1,1,23,23,23,23,23,23,23,23,23,23
350190,1,1,0,0,0,0,0,0,0,0,0,0
350190,2,1,0,0,0,0,0,0,0,0,0,0
350191,1,1,0,0,0,0,0,0,0,0,0,0
350191,2,1,0,0,0,0,0,0,0,0,0,0
350192,1,1,0,0,0,0,0,0,0,0,0,0
350193,0,1,0,0,0,0,33,20,0,0,0,0
350193,1,1,0,0,16,16,0,0,0,27,0,0
350194,1,1,0,0,0,0,0,0,0,0,0,0
350194,2,1,1,1,1,1,1,1,1,1,1,1
350195,1,1,0,0,0,0,0,0,0,0,0,0
350196,1,1,20,14,40,17,23,13,26,8,26,20
350197,1,1,21,21,21,21,21,21,21,21,21,21
350198,0,1,1,1,1,1,1,1,1,1,1,1
350198,1,1,0,0,0,0,0,0,0,0,0,0
350199,1,1,35,35,35,35,35,35,35,35,35,35
350200,1,1,6,0,0,0,0,0,0,0,0,0
350201,1,1,0,7,0,0,0,0,0,0,0,0
350201,2,1,0,0,0,0,0,0,0,0,0,0
350202,1,1,0,0,0,11,0,0,0,0,0,0
350203,1,1,14,0,0,0,0,0,0,0,0,0
350203,2,1,0,0,0,0,17,0,0,15,0,0
350204,1,1,0,0,0,0,0,0,12,0,0,0
350205,0,1,0,0,0,0,0,0,0,0,0,0
350205,1,1,0,0,0,0,0,0,0,0,0,0
350206,1,1,0,0,0,15,0,0,0,0,0,0
350207,0,1,0,0,0,0,0,0,0,0,0,0
350207,1,1,0,0,0,0,0,0,0,0,0,0
350208,1,1,2,2,2,2,2,2,2,2,2,2
350208,2,1,25,25,25,25,25,25,25,25,25,25
350209,1,1,0,0,0,0,0,0,0,0,0,0
350210,1,1,5,5,5,5,5,5,5,5,5,5
350211,1,1,9,0,0,0,0,0,0,14,0,0
350212,1,1,0,0,0,0,0,0,0,0,0,0
350212,2,1,0,0,0,0,0,0,0,0,0,0
350213,1,1,7,27,20,11,25,7,4,6,10,13
350214,1,1,0,0,0,0,0,0,0,0,0,0
350214,3,1,0,0,0,0,0,0,0,0,0,0
350215,1,1,0,24,0,0,0,0,9,0,35,0
350216,1,1,8,8,8,8,8,8,8,8,8,8
350217,1,1,1,1,1,1,1,1,1,1,1,1
350217,2,1,0,0,0,0,0,0,0,0,0,0
350218,1,1,0,0,0,0,0,0,0,0,0,0
350218,2,1,0,0,0,0,0,0,0,0,0,0
350219,1,1,0,0,0,0,0,0,0,0,0,0
350219,2,1,0,0,0,0,0,0,0,0,0,0
350219,3,1,0,0,0,20,13,0,0,0,0,0
350220,0,1,0,0,0,0,0,0,0,18,0,0
350220,1,1,0,0,0,0,0,0,0,0,0,0
350221,0,1,0,0,0,0,0,0,0,0,0,0
350221,1,1,0,0,0,0,0,0,0,0,0,0
350222,1,1,0,0,0,0,0,0,0,0,0,0
350222,2,1,0,0,0,0,0,0,0,0,0,0
350223,1,1,0,0,0,0,0,0,0,0,0,0
350224,1,1,0,0,0,0,0,0,0,0,0,0
350224,2,1,0,0,0,0,0,0,0,0,0,0
350225,1,1,9,9,9,9,9,9,9,9,9,9
350226,1,1,25,25,25,25,25,25,25,25,25,25
350227,0,1,18,18,18,18,18,18,18,18,18,18
350227,1,1,0,22,0,0,0,0,0,0,0,0
350228,1,1,0,0,0,0,0,0,0,0,0,0
350228,2,1,0,0,0,0,0,0,0,0,0,0
350229,0,1,24,24,24,24,24,24,24,24,24,24
350229,1,1,0,0,0,0,0,0,0,0,0,0
350230,1,1,0,12,11,8,9,0,18,0,0,11
350230,2,1,0,0,0,7,0,0,0,0,0,0
350231,1,1,0,0,23,6,0,0,17,0,0,0
350232,1,1,0,0,0,0,0,0,0,0,0,0
350232,2,1,0,0,0,0,0,0,0,0,0,0
350233,1,1,15,29,0,0,0,16,26,0,26,13
350234,0,1,0,0,0,0,0,0,0,0,0,0
350234,1,1,0,0,0,0,0,0,0,0,0,0
350235,1,1,0,0,0,14,0,0,0,16,0,11