ST_CASE,VEH_NO,PER_NO,P1,P2,P3,P4,P5,P6,P7,P8,P9,P10
360460,1,1,0,0,0,0,0,0,0,0,0,0
360461,1,1,0,0,0,0,0,0,0,0,0,0
360461,2,1,0,0,8,0,0,0,0,0,11,0
360462,1,1,0,0,0,0,0,0,0,0,0,0
360462,2,1,0,0,0,0,20,0,10,0,0,0
360463,1,1,0,0,0,0,0,0,0,0,0,0
360463,2,1,0,0,0,0,0,4,0,17,0,0
360464,1,1,0,0,0,0,0,0,0,0,0,0
360465,1,1,0,0,0,0,0,0,0,0,0,0
360465,2,1,0,0,0,0,0,0,0,0,0,0
360466,1,1,0,0,0,0,0,0,0,0,0,0
360467,0,1,0,16,0,0,0,0,0,0,0,0
360467,1,1,0,0,0,0,0,0,0,0,0,0
360468,1,1,5,0,0,27,24,0,8,0,10,17
360468,2,1,0,24,0,0,13,0,0,0,0,0
360468,3,1,0,0,0,0,0,0,0,0,0,0
360469,1,1,0,0,0,0,0,0,0,0,0,0
360470,0,1,0,10,24,0,0,4,18,28,11,8
360470,1,1,21,34,9,5,13,19,4,16,26,16
360471,1,1,14,14,14,14,14,14,14,14,14,14
360472,0,1,0,0,0,0,0,0,0,0,0,0
360472,1,1,0,0,0,0,0,0,0,0,0,0
360473,1,1,9,9,9,9,9,9,9,9,9,9
360473,2,1,0,0,0,0,0,0,0,0,0,0
360473,3,1,16,0,13,7,17,0,23,11,7,22
360474,0,1,30,14,0,0,22,0,0,22,0,0
360474,1,1,0,11,0,10,0,0,0,0,12,0
360475,1,1,0,0,0,0,0,0,0,0,0,0
360475,2,1,0,14,0,0,0,0,0,0,0,0
360476,0,1,16,16,16,16,16,16,16,16,16,16
360476,1,1,13,10,0,16,24,23,15,6,13,24
360477,1,1,0,0,0,0,0,0,0,0,0,0
360477,2,1,44,0,0,0,15,0,0,0,0,11
360479,1,1,0,0,0,0,0,0,0,0,0,0
360480,1,1,17,0,0,0,15,0,0,26,15,31
360480,2,1,0,0,0,0,0,0,0,0,0,0
360481,1,1,21,14,9,20,15,10,12,20,25,19
360481,2,1,27,27,27,27,27,27,27,27,27,27
360482,1,1,11,11,11,11,11,11,11,11,11,11
360483,1,1,23,23,23,23,23,23,23,23,23,23
360484,1,1,0,0,0,0,0,0,0,0,0,0
360484,2,1,0,0,0,0,0,0,0,0,0,0
360484,3,1,0,0,0,0,0,0,0,0,0,0
360485,1,1,22,22,22,22,22,22,22,22,22,22
360488,1,1,0,0,0,0,0,0,0,0,0,0
360489,1,1,0,0,0,0,0,0,0,0,0,0
360490,1,1,0,0,17,0,27,16,21,0,0,0
360491,1,1,0,0,0,0,0,0,0,0,0,0
360491,2,1,0,0,0,14,0,18,0,0,28,0
360492,1,1,0,10,0,16,17,0,0,0,13,16
360492,2,1,0,0,0,0,0,0,0,0,0,0
360493,0,1,0,0,0,0,0,0,0,0,0,0
360493,1,1,0,0,0,0,0,0,0,0,0,0
360494,1,1,0,0,0,0,0,6,0,0,0,0
360494,2,1,0,0,15,0,8,0,0,0,0,0
360495,1,1,8,8,8,8,8,8,8,8,8,8
360496,1,1,26,0,0,0,0,0,0,0,0,0
360497,0,1,0,0,0,0,0,0,0,0,0,0
360497,1,1,10,0,8,0,0,0,0,0,0,0
360498,1,1,18,18,18,18,18,18,18,18,18,18
360499,1,1,0,0,15,35,22,0,0,0,0,0
360501,1,1,8,22,7,0,10,12,24,11,18,20
360501,2,1,0,0,0,0,0,0,0,0,12,12
360501,3,1,5,0,0,21,0,0,11,12,29,12
360501,4,1,17,15,0,17,0,0,0,7,0,0
360501,5,1,0,0,0,0,0,0,0,0,0,0
360501,6,1,0,9,0,23,0,0,0,0,0,11
360501,7,1,0,0,0,0,0,0,0,0,0,0
360502,1,1,7,16,14,5,20,7,12,9,18,15
360502,2,1,0,0,0,0,0,0,0,0,0,0
360503,1,1,0,0,0,0,0,0,0,0,0,0
360503,2,1,7,9,0,0,17,0,0,0,11,0
360504,1,1,19,19,19,19,19,19,19,19,19,19
360504,2,1,9,0,14,22,0,0,0,0,0,0
360505,0,1,0,0,0,0,0,0,0,0,0,0
360505,1,1,0,0,11,0,0,30,10,0,0,14
360506,1,1,0,0,0,0,0,0,0,0,0,0
360507,1,1,4,0,0,0,4,0,5,0,0,0
360507,2,1,0,0,0,0,0,0,0,0,0,4
360508,0,1,0,0,0,0,0,0,0,0,0,0
360508,1,1,0,0,0,5,0,0,0,0,0,0
360509,1,1,0,0,0,0,0,0,0,0,0,0
360509,2,1,0,0,0,0,0,0,0,0,0,0
360510,1,1,7,7,7,7,7,7,7,7,7,7
360511,1,1,0,0,0,0,0,0,0,0,0,0
360512,1,1,0,14,0,0,0,12,23,8,2,10
360512,2,1,21,21,21,21,21,21,21,21,21,21
360513,1,1,8,17,5,19,17,12,0,15,19,0
360514,1,1,17,17,17,17,17,17,17,17,17,17
360515,1,1,17,17,17,17,17,17,17,17,17,17
360515,2,1,0,16,13,23,20,0,0,21,7,13
360516,1,1,0,0,0,0,0,0,0,0,0,0
360517,1,1,0,0,0,0,0,0,0,0,0,0
360518,1,1,0,0,0,29,0,0,0,0,18,0
360518,2,1,0,0,0,0,0,0,0,0,0,0
360519,1,1,26,26,26,26,26,26,26,26,26,26
360520,0,1,0,0,0,0,0,0,0,0,0,0
360520,1,1,17,0,0,19,0,0,0,0,0,9
360521,1,1,30,30,30,30,30,30,30,30,30,30
360522,1,1,0,12,0,0,0,0,0,0,0,0
360522,2,1,0,0,0,0,0,0,26,0,0,0
360523,1,1,0,0,5,15,0,18,0,22,0,0
360524,1,1,8,8,8,8,8,8,8,8,8,8
360525,1,1,0,0,0,0,0,0,0,0,0,0
360525,2,1,0,0,0,0,0,0,0,0,0,0
360525,3,1,11,0,14,0,0,0,0,0,0,0
360526,1,1,0,0,0,0,0,0,21,19,0,0
360527,1,1,0,0,0,0,0,0,0,0,0,0
360527,2,1,0,0,0,0,0,0,0,0,0,0
360528,0,1,0,0,0,0,0,0,0,0,0,0
360528,1,1,0,0,0,11,0,0,0,0,0,0
360529,0,1,0,0,0,0,9,0,0,0,0,0
360529,1,1,0,0,0,0,0,0,19,0,11,23
360529,2,1,0,0,7,0,0,11,23,0,0,19
360529,3,1,0,10,0,12,0,0,5,0,28,0
360530,1,1,0,0,0,0,0,0,0,0,0,0
360530,2,1,0,0,0,16,0,0,18,0,28,0
360531,1,1,0,0,0,18,0,10,12,0,12,0
360532,1,1,0,19,0,0,0,0,0,0,0,0
360532,2,1,22,22,22,22,22,22,22,22,22,22
360533,1,1,21,21,21,21,21,21,21,21,21,21
360534,0,1,0,0,0,0,0,0,0,0,0,0
360534,1,1,0,0,0,0,0,0,0,0,0,0
360535,1,1,9,0,0,0,0,0,0,0,0,0
360536,1,1,0,0,0,0,14,0,0,0,0,0
360536,2,1,20,20,20,20,20,20,20,20,20,20
360537,0,1,0,0,10,26,26,0,0,10,0,0
360537,1,1,10,16,0,0,0,0,0,17,0,0
360538,0,1,16,16,16,16,16,16,16,16,16,16
360538,1,1,0,0,0,0,0,0,0,7,0,0
360538,2,1,29,39,0,0,0,11,6,0,29,0
360539,0,1,6,0,0,0,22,22,0,0,27,33
360539,1,1,0,0,0,10,0,0,44,0,27,21
360540,0,1,12,12,12,12,12,12,12,12,12,12
360540,1,1,0,0,0,0,0,0,0,0,0,0
360541,1,1,0,0,0,0,0,0,0,0,0,0
360541,2,1,0,0,0,0,0,0,0,0,0,0
360542,0,1,0,12,42,21,0,18,0,52,18,19
360542,2,1,0,0,0,0,0,0,0,0,0,0
360543,1,1,0,0,0,0,0,0,0,0,0,0
360545,1,1,20,20,20,20,20,20,20,20,20,20
360546,1,1,0,0,0,20,0,17,0,0,0,12
360546,2,1,0,0,0,15,0,0,0,0,0,0
360547,1,1,21,21,21,21,21,21,21,21,21,21
360548,1,1,0,0,0,21,13,0,0,7,0,12
360548,2,1,30,0,32,16,0,0,0,0,0,0
360548,3,1,0,0,11,0,0,0,29,0,0,11
360549,1,1,0,0,0,0,0,0,0,0,0,0
360549,2,1,0,0,0,0,0,0,0,0,0,0
360550,0,1,26,26,26,26,26,26,26,26,26,26
360550,1,1,0,15,13,0,0,0,0,12,0,8
360551,1,1,0,0,0,0,0,0,0,0,0,0
360552,1,1,0,0,0,0,0,0,0,0,0,0
360552,2,1,0,0,24,0,0,0,20,0,0,0
360553,0,1,16,16,16,16,16,16,16,16,16,16
360553,1,1,21,17,10,0,19,0,8,4,13,4
360555,0,1,0,19,0,24,9,0,26,0,0,0
360555,1,1,0,0,0,0,0,0,10,0,0,20
360556,1,1,0,15,0,0,16,0,0,5,10,0
360557,1,1,0,0,0,0,0,0,0,0,0,0
360558,1,1,21,21,21,21,21,21,21,21,21,21
360559,1,1,0,4,0,3,0,9,0,22,16,22
360559,2,1,8,8,8,8,8,8,8,8,8,8
360560,0,1,23,23,23,23,23,23,23,23,23,23
360560,1,1,11,21,4,0,11,8,5,15,11,0
360560,2,1,14,0,12,0,0,3,0,0,0,0
360561,0,1,0,0,0,0,0,0,0,0,0,0
360561,1,1,0,0,0,0,0,0,0,0,0,0
360561,2,1,0,0,0,0,0,0,0,0,0,0
360562,1,1,0,0,0,15,23,0,0,0,0,0
360562,2,1,0,12,5,0,0,0,9,0,0,0
360563,1,1,0,0,0,0,0,0,0,0,0,0
360564,1,1,0,0,0,0,0,0,0,0,0,0
360564,2,1,0,0,15,6,13,8,0,16,0,15
360565,0,1,42,15,19,0,11,0,0,0,0,0
360565,1,1,0,0,16,12,11,14,17,11,13,0
360566,0,1,0,0,0,0,0,0,0,0,0,0
360566,1,1,0,0,0,0,0,0,0,0,4,15
360567,1,1,0,0,0,0,0,0,0,0,0,0
360567,2,1,0,0,0,31,0,0,25,3,0,0
360568,0,1,0,0,0,0,0,0,0,0,0,0
360568,1,1,17,13,20,0,10,23,25,17,14,6
360569,0,1,0,0,0,0,0,0,0,0,0,0
360569,1,1,0,0,0,0,0,0,0,0,0,0
360570,0,1,0,0,0,10,0,0,0,0,0,0
360570,1,1,0,0,0,0,0,0,0,0,0,0
360571,0,1,19,19,19,19,19,19,19,19,19,19
360571,1,1,0,0,0,17,8,21,0,2,10,8
360572,0,1,29,29,29,29,29,29,29,29,29,29
360572,1,1,0,0,14,21,0,0,0,0,10,0
360573,0,1,0,0,0,0,0,0,0,0,0,0
360573,1,1,0,0,0,0,0,0,0,0,0,0
360574,1,1,0,0,0,0,0,0,0,0,0,0
360574,2,1,0,0,0,0,0,0,0,0,0,0
360575,1,1,0,0,0,10,0,0,0,0,9,0
360576,1,1,0,0,0,0,0,0,0,0,0,0
360576,2,1,0,0,0,0,0,0,0,0,0,0
360577,0,1,17,17,17,17,17,17,17,17,17,17
360577,1,1,20,0,0,0,23,0,0,0,17,14
360578,1,1,0,0,17,9,0,0,3,32,0,0
360579,1,1,0,0,0,0,0,0,0,0,0,0
360579,2,1,0,17,0,0,0,0,0,0,0,0
360580,0,1,13,13,13,13,13,13,13,13,13,13
360580,1,1,0,0,0,0,0,0,0,0,0,0
360581,1,1,8,8,8,8,8,8,8,8,8,8
360582,1,1,0,0,0,0,0,0,0,0,0,0
360583,1,1,0,0,0,18,0,0,18,3,0,0
360583,2,1,0,0,0,0,0,0,0,0,0,0
360584,0,1,0,0,0,0,0,0,0,0,0,0
360584,1,1,0,0,0,2,0,0,0,0,0,0
360585,1,1,0,0,0,0,27,0,0,16,9,0
360585,2,1,0,0,0,0,0,0,0,0,0,0
360586,1,1,14,0,0,0,0,7,18,0,0,0
360586,2,1,18,0,0,7,7,0,20,0,0,12
360586,3,1,0,0,0,0,0,0,0,0,0,0
360587,1,1,0,0,0,0,0,8,0,0,0,17
360587,2,1,23,23,23,23,23,23,23,23,23,23
360588,1,1,0,18,0,0,0,0,12,15,0,5
360588,2,1,0,0,0,0,0,0,0,0,0,0
360589,1,1,0,0,0,0,0,0,0,0,0,0
360589,2,1,0,0,0,0,0,0,0,0,0,0
360590,1,1,0,0,0,0,0,0,0,0,0,30
360590,2,1,0,0,0,0,0,0,23,0,0,0
360591,1,1,20,8,0,0,0,23,0,0,0,0
360592,1,1,0,0,0,0,0,0,0,0,0,20
360593,0,1,0,0,9,10,0,22,0,0,0,12
360593,1,1,0,0,0,9,7,0,0,0,0,0
360594,1,1,0,0,0,0,0,0,0,0,0,0
360595,1,1,0,0,0,0,0,0,0,0,0,0
360596,1,1,15,0,0,0,14,0,0,0,0,0
360596,2,1,0,0,7,0,0,0,0,0,22,0
360597,1,1,0,0,0,0,0,0,0,0,0,0
360597,2,1,0,12,0,13,0,12,0,0,0,0
360598,1,1,0,0,0,0,0,0,0,0,0,0
360599,1,1,17,0,0,0,11,0,0,0,0,0
360599,2,1,27,0,0,19,13,0,44,7,0,0
360599,3,1,0,11,0,0,0,0,0,0,0,0
360600,0,1,9,0,0,0,0,0,0,0,0,0
360600,1,1,0,0,0,19,12,0,0,0,0,0
360601,1,1,0,0,0,0,0,0,0,0,26,0
360602,0,1,17,17,17,17,17,17,17,17,17,17
360602,1,1,0,0,14,0,11,0,0,0,0,12
360603,0,1,0,0,0,0,0,0,0,0,0,0
360603,1,1,0,0,8,0,0,0,0,0,0,0
360604,1,1,0,0,0,0,0,0,0,18,0,0
360605,1,1,15,15,15,15,15,15,15,15,15,15
360606,1,1,30,30,30,30,30,30,30,30,30,30
360607,0,1,0,0,0,0,0,0,0,0,0,0
360607,1,1,0,20,0,0,0,0,0,0,0,0
360608,1,1,10,10,10,10,10,10,10,10,10,10
360609,0,1,0,0,28,11,0,0,21,0,0,15
360609,1,1,0,0,22,16,0,0,0,0,13,0
360609,2,1,0,0,0,0,0,0,0,31,0,0
360610,1,1,12,12,12,12,12,12,12,12,12,12
360611,1,1,0,0,0,0,0,0,0,0,0,0
360611,2,1,0,0,0,0,0,0,0,0,0,0
360612,1,1,22,22,22,22,22,22,22,22,22,22
360613,1,1,0,0,0,0,0,0,0,0,0,0
360614,1,1,0,0,0,0,0,0,0,0,0,0
360614,2,1,22,0,0,0,20,9,54,0,11,0
360615,1,1,0,0,0,0,0,0,0,0,0,0
360616,1,1,24,19,0,0,13,0,12,18,0,0
360616,2,1,0,19,0,16,2,0,0,12,10,11
360616,3,1,0,0,0,0,0,0,0,0,0,0
360616,4,1,17,0,18,0,23,0,0,0,0,0
360616,5,1,0,0,20,0,0,10,0,9,0,0
360617,0,1,1,1,1,1,1,1,1,1,1,1
360617,1,1,0,0,0,0,0,0,0,0,0,0
360618,1,1,0,0,0,0,0,0,0,0,0,0
360619,0,1,0,0,0,0,24,0,0,0,0,0
360619,1,1,0,0,0,0,0,0,5,0,0,0
360620,1,1,6,21,17,30,15,11,19,8,16,13
360620,2,1,0,0,0,0,11,0,0,0,0,14
360621,0,1,0,0,0,0,0,0,0,0,0,0
360621,1,1,0,0,0,9,0,0,0,0,20,0
360622,1,1,7,5,0,0,0,0,0,0,0,0
360622,2,1,0,0,0,0,0,0,0,0,0,0
360623,1,1,0,0,0,0,0,0,0,0,0,0
360623,2,1,0,0,0,0,0,0,0,0,0,0
360624,1,1,0,0,0,0,0,0,0,0,0,0
360625,1,1,9,0,0,0,0,0,0,0,0,0
360625,2,1,0,0,0,0,0,0,0,0,0,0
360626,1,1,26,0,0,15,11,19,0,0,0,0
360626,2,1,11,11,11,11,11,11,11,11,11,11
360627,1,1,0,0,0,0,0,0,0,0,0,0
360628,1,1,0,0,0,0,0,0,0,0,0,0
360628,2,1,0,0,0,0,0,0,0,0,0,0
360628,3,1,0,0,0,0,0,0,0,0,0,0
360629,0,1,0,0,0,0,0,0,0,0,0,0
360629,1,1,22,7,0,0,0,0,14,22,9,5
360630,1,1,0,0,0,0,0,0,0,0,0,4
360630,2,1,0,0,0,0,0,0,0,0,0,0
360631,1,1,0,0,0,0,0,0,0,0,0,0
360631,2,1,0,0,0,0,0,0,0,0,0,0
360632,0,1,0,0,0,0,0,0,0,0,0,0
360632,1,1,16,0,3,3,16,0,18,12,14,0
360633,1,1,0,0,0,0,0,0,0,0,0,0
360633,2,1,0,0,0,0,0,0,0,0,0,0
360634,1,1,0,0,0,0,0,0,0,0,0,0
360634,2,1,0,0,0,23,0,0,0,0,9,0
360635,0,1,0,0,0,0,0,0,16,0,0,0
360635,1,1,0,0,3,0,0,0,0,0,0,0
360636,0,1,0,0,0,0,0,0,0,0,0,0
360636,1,1,0,0,0,0,0,0,0,10,0,0
360637,1,1,0,21,0,0,0,9,4,22,0,12
360637,2,1,0,0,0,23,0,0,0,0,0,0
360637,3,1,0,0,3,0,0,0,0,15,0,16
360638,1,1,0,0,0,0,0,3,0,0,0,4
360638,2,1,0,0,0,0,0,0,0,0,0,0
360639,1,1,0,0,0,0,0,0,0,0,0,0
360640,1,1,8,8,8,8,8,8,8,8,8,8
360641,0,1,0,0,36,6,0,0,0,0,0,18
360641,1,1,18,24,6,16,27,6,22,13,5,12
360642,1,1,0,0,0,0,0,0,0,0,0,0
360642,2,1,0,0,0,0,0,10,0,0,10,15
360642,3,1,0,0,0,16,0,0,0,0,0,0
360643,1,1,21,21,21,21,21,21,21,21,21,21
360644,1,1,0,0,0,0,0,0,0,0,0,0
360644,2,1,0,8,0,30,0,16,4,4,0,0
360645,1,1,1,1,1,1,1,1,1,1,1,1
360646,0,1,0,0,0,0,0,0,0,0,0,0
360646,1,1,0,0,18,0,0,21,0,0,14,24
360647,1,1,15,15,15,15,15,15,15,15,15,15
360648,0,1,0,0,0,22,0,0,0,0,0,0
360648,1,1,0,0,0,0,0,0,0,0,0,0
360648,2,1,0,0,0,0,0,0,0,0,0,0
360649,1,1,17,17,17,17,17,17,17,17,17,17
360649,2,1,0,0,0,0,18,0,0,0,0,0
360650,0,1,30,30,30,30,30,30,30,30,30,30
360650,1,1,5,0,7,0,0,0,23,0,0,0
360651,1,1,11,11,11,11,11,11,11,11,11,11
360653,1,1,0,0,0,0,0,0,0,0,0,0
360653,2,1,0,0,0,0,0,0,0,0,0,0
360654,1,1,0,0,0,0,0,0,0,0,0,0
360655,1,1,14,14,14,14,14,14,14,14,14,14
360656,1,1,0,0,0,0,0,0,0,0,0,0
360656,2,1,0,5,0,0,0,0,0,0,0,0
360657,1,1,0,0,0,0,0,0,0,0,0,0
360657,2,1,0,0,0,0,0,0,0,4,0,0
360657,3,1,0,0,0,0,0,0,0,0,0,0
360658,1,1,0,1,0,26,17,0,0,14,9,19
360658,2,1,0,0,0,0,0,0,0,0,0,0
360659,0,1,16,16,16,16,16,16,16,16,16,16
360659,1,1,0,22,0,9,18,0,0,0,7,0
360660,1,1,8,0,0,17,6,0,28,0,0,12
360660,2,1,0,6,0,8,0,15,0,7,4,0
360661,0,1,0,0,0,0,0,0,0,0,0,0
360661,1,1,0,20,0,0,0,0,18,0,4,0
360662,0,1,0,0,0,0,0,0,0,0,0,0
360662,1,1,0,0,0,0,0,0,0,0,0,0
360663,0,1,0,0,0,0,0,0,0,14,0,30
360663,1,1,0,25,0,0,0,0,0,0,0,0
360664,1,1,0,0,0,0,0,0,0,0,0,0
360665,1,1,0,0,0,0,0,0,0,0,0,0
360665,2,1,0,0,0,0,0,0,0,0,0,0
360666,1,1,0,0,0,0,0,0,0,0,0,0
360666,2,1,0,0,0,0,0,0,0,0,0,0
360668,1,1,0,0,0,0,0,0,0,0,0,0
360670,1,1,0,0,0,0,0,0,0,0,0,0
360671,1,1,21,21,21,21,21,21,21,21,21,21
360671,2,1,0,0,0,0,0,0,0,0,0,0
360672,1,1,0,0,0,0,0,0,0,0,0,0
360673,1,1,0,0,0,0,0,0,0,0,0,0
360673,2,1,0,0,0,0,35,0,0,0,0,0
360674,1,1,0,0,0,0,0,0,0,0,0,0
360674,2,1,0,0,0,0,0,0,0,0,0,0
360675,1,1,0,0,0,0,0,0,12,0,0,12
360675,2,1,0,0,8,0,0,0,0,0,0,0
360676,1,1,0,0,0,0,0,0,0,0,0,0
360676,2,1,0,0,0,0,0,0,0,0,0,0
360677,0,1,0,0,0,25,0,0,0,0,0,0
360677,1,1,0,0,0,0,0,0,0,0,0,0
360678,1,1,20,20,20,20,20,20,20,20,20,20
360678,2,1,9,0,20,0,0,0,0,0,0,0
360679,0,1,0,0,0,0,0,0,0,0,0,0
360679,1,1,0,7,0,0,10,0,9,0,0,0
360680,0,1,7,7,7,7,7,7,7,7,7,7
360680,1,1,0,0,0,0,0,0,0,0,0,0
360681,0,1,0,0,0,0,0,0,0,0,0,0
360681,1,1,0,7,0,0,0,0,0,0,0,0
360682,1,1,0,0,0,0,0,0,0,0,0,0
360682,2,1,0,7,0,0,7,0,0,0,0,0
360682,3,1,0,2,0,22,0,12,0,0,0,0
360682,4,1,0,0,9,0,0,0,15,0,0,5
360683,1,1,12,5,35,32,23,13,15,23,16,25
360684,0,1,13,0,0,0,27,0,0,35,0,0
360684,1,1,0,26,0,23,0,19,3,0,0,0
360684,3,1,15,0,2,0,14,0,0,0,0,0
360684,4,1,0,0,9,9,0,0,0,13,0,0
360685,1,1,27,27,27,27,27,27,27,27,27,27
360686,1,1,18,0,20,0,0,0,0,0,0,0
360686,2,1,16,16,16,16,16,16,16,16,16,16
360687,1,1,22,5,0,9,0,0,0,0,0,9
360688,1,1,25,25,25,25,25,25,25,25,25,25
360689,1,1,0,0,0,0,0,0,0,0,0,0
360690,1,1,0,25,11,6,7,0,0,0,0,0
360690,2,1,5,5,5,5,5,5,5,5,5,5
360691,0,1,0,0,0,0,0,0,0,0,0,0
360691,1,1,0,0,0,0,0,0,0,0,0,0
360692,0,1,0,0,0,0,0,0,0,0,0,0
360692,1,1,0,5,7,0,0,24,0,24,0,0
360693,1,1,25,25,25,25,25,25,25,25,25,25
360693,3,1,0,0,0,0,0,0,0,0,0,0
360694,0,1,0,0,0,0,0,0,0,0,0,0
360694,1,1,0,0,0,0,0,0,19,0,0,0
360695,0,1,0,0,0,0,0,0,0,0,0,0
360695,1,1,0,0,0,0,0,0,0,0,0,0
360696,1,1,25,0,0,0,0,0,0,0,0,0
360697,1,1,7,7,7,7,7,7,7,7,7,7
360697,2,1,0,0,0,17,0,0,0,0,0,0
360698,1,1,0,0,0,0,0,0,0,0,0,0
360698,2,1,0,0,0,28,0,0,0,15,0,0
360699,1,1,8,8,8,8,8,8,8,8,8,8
360700,0,1,0,0,28,34,30,22,21,5,45,0
360700,1,1,0,0,0,5,0,12,0,6,0,0
360701,1,1,0,0,0,0,0,0,0,0,0,0
360702,1,1,0,0,12,21,0,12,0,0,0,4
360703,0,1,6,0,0,0,0,15,15,0,4,22
360703,1,1,0,0,0,0,0,0,0,0,0,0
360703,2,1,16,0,0,18,15,0,0,6,0,1
360704,1,1,0,0,0,0,0,0,0,0,0,0
360705,1,1,0,19,0,12,0,29,0,0,0,0
360706,1,1,0,0,0,0,0,0,0,0,0,0
360707,0,1,0,0,0,0,0,0,0,0,0,0
360707,1,1,0,0,22,0,0,0,0,9,0,0
360708,0,1,0,0,0,0,19,0,0,0,0,0
360708,1,1,15,11,14,16,6,8,26,0,0,10
360709,1,1,0,9,0,22,0,14,0,0,14,0
360709,2,1,17,17,17,17,17,17,17,17,17,17
360710,1,1,0,0,0,0,0,0,0,0,0,0
360710,2,1,0,0,0,0,0,0,14,0,0,0
360711,1,1,0,0,15,0,0,24,0,19,0,0
360712,0,1,0,0,0,0,0,0,0,0,0,0
360712,0,2,0,0,0,0,0,0,11,0,0,0
360712,0,3,0,0,12,6,0,0,0,0,0,0
360712,0,4,0,0,0,0,0,0,0,0,0,0
360712,0,5,0,0,0,0,34,0,0,0,0,0
360712,1,1,26,18,33,9,23,8,10,20,0,0
360713,1,1,6,6,6,6,6,6,6,6,6,6
360714,0,1,0,0,0,0,0,0,18,0,0,0
360714,1,1,9,0,0,0,0,0,0,0,0,0
360715,1,1,30,30,30,30,30,30,30,30,30,30
360716,1,1,0,0,0,0,0,0,0,0,0,0
360717,1,1,0,0,0,26,0,0,0,0,0,14
360717,2,1,0,0,0,0,0,0,0,0,0,0
360718,0,1,0,0,0,0,0,0,0,0,0,0
360718,1,1,8,16,13,7,0,4,13,27,0,0
360719,1,1,41,11,39,12,15,39,12,16,18,18
360720,0,1,0,0,0,0,0,0,0,0,0,0
360720,1,1,0,0,0,0,0,0,0,0,0,0
360721,0,1,26,21,32,21,28,13,50,18,25,13
360721,1,1,15,0,0,8,19,0,0,7,0,0
360722,1,1,0,0,0,0,0,0,0,0,0,0
360723,1,1,12,0,0,5,0,0,0,19,0,0
360724,1,1,0,0,0,0,0,0,0,0,0,0
360724,2,1,16,17,15,7,25,29,5,18,22,14
360725,0,1,0,0,0,0,0,0,0,0,0,0
360725,1,1,14,0,0,0,0,0,0,0,0,0
360726,1,1,0,0,0,0,0,0,0,0,0,0
360727,0,1,1,1,1,1,1,1,1,1,1,1
360727,1,1,0,0,0,0,0,0,0,0,0,0
360728,1,1,12,0,0,0,5,25,0,0,0,0
360729,1,1,0,19,0,6,0,0,0,0,0,0
360729,2,1,0,0,0,19,10,0,0,0,0,8
360730,1,1,0,0,0,0,0,0,0,0,0,0
360730,2,1,0,0,0,0,0,0,0,0,0,0
360731,1,1,26,26,26,26,26,26,26,26,26,26
360732,0,1,9,9,9,9,9,9,9,9,9,9
360732,1,1,0,0,0,0,0,0,0,0,0,23
360733,0,1,0,0,0,0,0,0,0,0,0,0
360733,1,1,0,0,20,0,0,0,0,0,0,0
360734,1,1,29,29,29,29,29,29,29,29,29,29
360735,1,1,12,12,12,12,12,12,12,12,12,12
360736,0,1,16,0,0,0,0,0,15,0,11,0
360736,1,1,0,14,18,0,17,20,0,33,0,0
360737,1,1,0,0,0,0,0,14,16,0,0,0
360738,1,1,16,14,0,0,0,5,0,0,23,0
360739,1,1,0,0,0,0,0,0,0,0,0,0
360740,1,1,0,0,13,0,0,0,0,0,0,0
360740,2,1,0,0,0,9,0,7,0,0,11,0
360741,0,1,0,16,0,0,0,0,0,0,0,27
360741,1,1,0,0,0,0,0,0,0,0,0,0
360742,1,1,0,8,0,0,0,0,0,0,0,0
360742,2,1,0,5,0,0,0,0,0,0,0,6
360744,0,1,33,0,30,0,0,0,0,33,29,12
360744,0,2,8,19,0,0,0,0,0,0,24,0
360744,0,3,12,0,22,0,27,19,56,0,9,0
360744,0,4,19,20,0,0,0,0,0,0,7,0
360744,0,5,34,8,30,0,0,0,0,21,17,0
360744,0,6,0,0,0,12,0,0,0,0,0,0
360744,0,7,0,7,10,0,5,48,0,0,20,0
360744,1,1,0,0,0,0,0,0,0,10,3,6
360745,1,1,0,10,0,12,0,0,0,20,0,12
360745,2,1,0,0,0,0,0,0,0,0,0,0
360746,0,1,0,0,0,0,8,5,0,0,0,0
360746,1,1,0,4,7,0,15,0,19,0,0,0
360747,1,1,0,0,0,0,0,0,0,0,0,0
360747,2,1,0,0,0,0,0,0,0,0,0,0
360747,3,1,0,0,0,0,0,17,0,0,0,0
360747,4,1,0,0,0,0,0,0,0,0,0,0
360747,5,1,0,0,0,0,0,0,0,0,0,0
360747,6,1,0,0,0,0,0,0,0,0,0,0
360748,1,1,23,23,23,23,23,23,23,23,23,23
360749,0,1,18,18,18,18,18,18,18,18,18,18