ST_CASE,VEH_NO,PER_NO,P1,P2,P3,P4,P5,P6,P7,P8,P9,P10
360749,1,1,0,0,0,0,12,25,22,0,0,0
360750,1,1,13,13,13,13,13,13,13,13,13,13
360751,1,1,0,0,0,0,0,0,0,0,0,0
360752,0,1,0,19,21,4,0,0,0,14,14,0
360752,1,1,0,0,17,0,0,0,9,14,0,0
360753,0,1,0,0,0,0,0,0,0,0,0,0
360753,1,1,0,0,0,0,0,0,0,0,0,0
360754,1,1,8,26,16,25,0,18,18,9,24,18
360755,0,1,0,0,0,0,0,0,0,10,0,0
360755,1,1,0,0,16,12,0,0,10,3,0,16
360756,0,1,20,26,0,0,23,0,0,0,22,0
360756,0,2,0,0,0,0,0,0,0,0,0,0
360756,1,1,0,14,0,0,0,0,0,0,0,0
360757,1,1,0,0,0,0,0,0,15,0,0,10
360757,2,1,0,0,7,0,0,0,0,0,0,0
360758,1,1,0,0,0,0,0,0,0,0,0,0
360759,0,1,11,0,0,0,0,0,0,0,0,28
360759,1,1,3,19,0,0,10,10,0,23,0,3
360760,0,1,0,0,0,0,0,0,0,0,0,0
360760,1,1,0,0,0,0,0,0,0,0,0,0
360761,1,1,0,0,0,0,0,0,0,0,0,0
360761,2,1,0,0,0,0,0,0,0,0,0,0
360761,3,1,0,0,0,0,0,0,0,0,0,0
360761,4,1,0,0,0,0,0,0,0,0,0,0
360762,1,1,0,0,0,0,0,0,0,0,0,0
360763,0,1,0,0,0,0,0,0,0,0,0,0
360763,1,1,0,0,0,0,0,0,0,0,0,0
360764,0,1,7,7,7,7,7,7,7,7,7,7
360764,1,1,4,11,10,21,20,10,20,12,12,10
360765,1,1,0,0,0,0,0,0,0,0,0,0
360765,2,1,0,11,0,0,0,0,0,0,0,0
360765,3,1,0,0,8,0,0,15,0,0,0,5
360766,1,1,0,0,0,0,0,0,0,0,0,0
360767,1,1,0,0,0,0,0,0,0,0,0,0
360767,2,1,0,0,0,0,0,0,0,0,0,0
360767,3,1,0,0,0,0,0,0,0,0,0,0
360768,0,1,0,0,14,0,6,20,28,12,0,41
360768,1,1,0,0,0,0,0,7,0,0,10,0
360769,0,1,16,16,16,16,16,16,16,16,16,16
360769,1,1,0,0,17,17,7,0,0,0,0,0
360770,0,1,18,0,0,0,0,0,0,0,0,0
360770,1,1,0,0,0,0,0,13,0,0,0,0
360771,0,1,0,0,0,0,0,0,0,0,0,0
360771,1,1,0,0,0,0,0,0,0,0,0,0
360772,1,1,0,0,0,22,20,11,0,0,18,12
360773,1,1,20,20,20,20,20,20,20,20,20,20
360774,0,1,18,0,0,0,0,0,18,0,32,0
360774,1,1,0,0,0,0,0,0,0,0,0,0
360775,1,1,0,0,0,35,0,10,0,0,0,0
360775,2,1,0,0,0,0,10,0,0,0,22,0
360776,1,1,0,0,0,7,0,0,0,0,4,12
360776,2,1,15,15,15,15,15,15,15,15,15,15
360777,0,1,0,0,0,0,0,0,0,0,0,0
360777,0,2,0,26,0,0,0,29,0,0,0,0
360777,1,1,13,14,9,6,20,18,8,0,6,19
360779,0,1,0,0,0,0,0,0,0,0,0,0
360779,1,1,0,0,0,13,0,0,0,30,0,0
360780,1,1,0,0,0,12,10,12,0,0,0,0
360781,0,1,0,0,0,0,0,0,0,0,0,0
360781,1,1,0,0,0,3,0,27,0,28,5,0
360782,1,1,0,0,0,0,0,0,0,0,0,0
360783,0,1,0,0,0,0,0,0,0,20,0,0
360783,1,1,14,11,16,0,0,0,0,0,0,0
360784,1,1,0,0,0,0,0,0,0,0,0,0
360785,1,1,0,0,0,14,0,0,0,0,0,0
360786,1,1,11,22,0,0,11,0,23,32,0,9
360787,0,1,0,0,0,35,0,0,0,0,0,0
360787,1,1,0,0,0,0,0,0,0,0,0,0
360788,1,1,0,0,0,0,0,0,0,0,0,0
360788,2,1,10,0,13,0,0,0,0,0,0,10
360789,0,1,0,15,0,0,0,0,23,0,0,0
360789,1,1,0,0,13,0,0,0,0,0,11,0
360790,0,1,19,19,19,19,19,19,19,19,19,19
360790,1,1,8,0,16,0,0,0,15,0,16,0
360791,1,1,25,25,25,25,25,25,25,25,25,25
360792,1,1,14,0,0,0,0,0,27,13,17,0
360792,2,1,0,0,0,11,14,0,0,20,0,24
360793,1,1,0,0,0,0,0,0,0,0,0,0
360793,2,1,0,0,0,0,0,0,0,0,0,0
360794,1,1,0,0,0,0,0,0,0,0,0,0
360794,2,1,0,0,0,0,0,0,0,0,0,12
360795,1,1,0,0,0,7,0,14,0,17,0,0
360795,2,1,0,0,0,0,0,0,20,0,0,0
360796,1,1,0,0,17,0,8,0,16,19,0,0
360797,1,1,0,0,0,0,0,0,0,0,0,0
360797,2,1,0,0,0,17,17,0,0,0,0,0
360798,0,1,0,0,0,0,19,0,0,0,0,20
360798,1,1,0,16,0,0,0,0,0,20,0,16
360799,0,1,21,21,21,21,21,21,21,21,21,21
360799,1,1,0,0,0,14,26,15,0,0,17,0
360800,0,1,0,0,5,11,0,0,14,33,13,0
360800,1,1,0,0,0,0,0,0,0,0,0,7
360801,0,1,0,0,21,0,0,0,0,0,0,13
360801,1,1,0,0,0,0,0,0,0,0,0,0
360802,0,1,16,0,0,0,11,0,0,0,0,0
360802,1,1,0,0,0,0,0,0,0,0,0,0
360803,0,1,0,0,0,0,0,0,0,0,0,0
360803,1,1,28,18,0,10,0,0,0,0,2,17
360804,0,1,0,0,0,0,0,0,0,0,0,0
360804,1,1,0,0,0,0,0,0,0,0,0,0
360805,1,1,0,11,0,0,0,0,0,0,0,0
360805,2,1,18,0,29,0,0,0,0,0,0,0
360805,3,1,0,0,8,24,0,11,14,0,0,16
360806,1,1,16,16,16,16,16,16,16,16,16,16
360807,1,1,14,14,14,14,14,14,14,14,14,14
360808,1,1,0,0,0,0,0,0,0,0,0,0
360808,2,1,0,2,0,8,15,6,0,0,0,0
360809,1,1,0,5,0,0,0,0,0,0,0,0
360810,1,1,1,1,1,1,1,1,1,1,1,1
360811,1,1,0,0,0,0,0,0,0,0,0,0
360812,1,1,12,8,23,13,21,0,16,19,26,13
360813,0,1,0,0,0,0,0,0,0,0,0,0
360813,1,1,0,0,19,8,0,0,8,20,0,0
360814,0,1,0,0,0,0,0,0,0,0,0,0
360814,1,1,0,0,0,0,0,0,0,0,0,0
360814,2,1,0,0,0,34,0,14,0,0,0,0
360815,0,1,0,0,13,0,0,0,16,0,0,15
360815,1,1,0,0,0,0,11,0,22,0,0,0
360816,1,1,0,0,0,0,0,0,0,0,0,0
360816,2,1,0,0,0,0,0,0,0,0,0,0
360817,0,1,0,0,0,0,0,0,39,0,0,0
360817,1,1,0,0,0,0,0,0,0,9,0,0
360818,1,1,0,0,0,0,0,0,0,0,0,0
360818,2,1,0,0,0,11,0,0,12,0,0,0
360819,1,1,14,0,0,0,9,0,0,9,0,0
360819,2,1,0,0,0,4,0,2,11,0,0,0
360820,0,1,34,34,34,34,34,34,34,34,34,34
360820,1,1,11,0,0,4,0,0,0,0,0,8
360821,1,1,0,0,0,23,0,0,0,8,22,19
360821,2,1,0,0,0,0,0,0,0,0,0,0
360822,0,1,24,24,24,24,24,24,24,24,24,24
360822,1,1,0,16,0,0,0,20,5,7,0,24
360823,0,1,0,0,0,0,0,25,0,4,0,0
360823,1,1,0,0,0,0,0,0,0,0,0,0
360824,1,1,0,0,0,0,0,0,0,0,0,0
360824,2,1,0,0,0,0,0,0,0,0,0,0
360824,3,1,0,0,0,0,0,0,0,13,0,0
360824,4,1,0,0,0,0,0,0,21,0,0,0
360825,0,1,23,0,0,0,24,0,9,6,0,0
360825,1,1,9,0,8,0,0,16,0,0,0,15
360826,1,1,0,0,0,0,31,6,0,0,0,0
360826,2,1,0,0,13,0,0,0,0,0,0,0
360827,1,1,17,23,10,3,22,27,21,11,28,25
360827,2,1,7,0,0,0,0,0,0,0,0,0
360828,1,1,0,0,0,0,0,0,0,0,0,0
360829,1,1,31,19,40,18,9,16,14,15,12,19
360830,0,1,0,0,0,0,0,14,0,0,0,0
360830,1,1,0,0,0,0,0,0,0,0,0,0
360831,0,1,0,0,0,0,0,0,0,0,0,0
360831,1,1,0,0,0,0,0,0,0,0,0,0
360831,2,1,12,0,0,0,0,0,0,0,0,0
360832,1,1,0,0,0,0,0,0,0,0,0,0
360832,2,1,0,0,0,0,0,0,0,0,0,0
360833,1,1,0,0,0,0,0,0,0,0,0,0
360834,1,1,0,0,0,0,0,0,0,0,0,0
360835,0,1,28,20,0,0,0,0,0,14,0,21
360835,1,1,0,0,0,0,0,0,7,0,0,0
360836,0,1,0,0,0,0,0,0,0,0,0,0
360836,1,1,0,0,0,0,0,11,0,0,0,0
360837,0,1,0,0,0,0,0,13,0,0,0,11
360837,1,1,0,0,0,0,0,0,0,0,0,0
360838,0,1,0,0,0,0,0,0,0,0,0,0
360838,1,1,0,0,0,0,0,0,28,0,0,0
360839,1,1,0,0,0,0,0,0,0,0,0,0
360839,2,1,0,0,0,0,0,0,0,0,0,0
360840,1,1,0,0,0,0,0,0,0,0,0,0
360840,2,1,0,0,0,0,0,0,0,0,0,0
360841,1,1,0,0,0,0,0,0,0,0,0,0
360842,1,1,0,0,0,0,0,0,0,0,0,0
360842,2,1,0,0,0,0,0,0,0,0,0,0
360842,3,1,0,0,0,0,0,0,0,0,0,0
360843,0,1,17,0,0,0,0,0,0,0,0,0
360843,1,1,0,0,0,0,0,0,0,0,0,0
360844,0,1,0,0,20,0,0,0,26,0,22,12
360844,1,1,0,0,0,0,0,0,0,0,0,0
360845,0,1,0,0,0,0,0,28,0,0,0,0
360845,1,1,0,0,15,0,0,0,0,0,0,0
360846,1,1,0,29,0,0,0,0,18,0,0,0
360847,1,1,0,0,0,0,0,0,0,0,0,0
360847,2,1,0,0,0,0,0,0,0,0,0,0
360848,1,1,0,0,0,0,0,0,0,0,0,0
360848,2,1,0,0,0,0,0,0,0,0,0,0
360849,0,1,0,0,0,0,0,0,28,0,0,0
360849,0,2,16,0,0,0,0,20,0,0,0,0
360849,1,1,0,0,0,0,0,0,0,0,0,0
360850,1,1,0,0,0,0,0,0,0,0,0,0
360850,2,1,0,0,0,0,0,0,12,0,0,0
360851,0,1,8,26,0,0,0,0,31,0,0,0
360851,1,1,15,0,17,25,0,0,0,0,0,0
360852,1,1,0,0,0,0,0,0,0,0,0,0
360852,2,1,0,0,0,0,0,0,5,0,0,0
360853,1,1,0,0,0,0,0,0,0,0,0,0
360853,2,1,0,0,0,0,0,0,0,0,0,0
360854,1,1,0,0,0,0,0,0,0,0,0,0
360855,1,1,0,0,0,0,19,0,0,35,0,0
360855,2,1,0,0,0,0,0,0,0,0,0,0
360856,1,1,0,0,0,0,0,0,0,0,0,0
360856,2,1,0,0,0,0,0,0,0,0,0,0
360856,3,1,0,0,0,0,0,0,0,0,14,0
360856,4,1,0,0,0,0,0,0,0,0,0,0
360856,5,1,0,0,0,0,0,0,0,0,0,0
360857,0,1,0,0,0,0,0,0,0,0,0,0
360857,1,1,0,8,0,0,0,12,0,0,0,0
360858,0,1,0,0,0,0,0,0,0,0,0,0
360858,1,1,0,16,0,2,18,15,10,0,9,7
360859,1,1,0,0,0,0,0,0,0,0,0,0
360859,2,1,0,0,0,20,19,11,0,13,0,0
360859,3,1,0,0,13,0,0,0,0,0,0,0
360860,0,1,0,0,0,0,0,0,0,0,0,0
360860,0,2,0,0,0,0,0,0,0,0,0,0
360860,1,1,0,0,0,0,0,0,0,0,0,0
360861,1,1,9,2,9,22,5,23,13,20,19,18
360862,1,1,0,0,0,0,0,0,0,11,15,0
360862,2,1,0,0,0,0,0,0,0,0,0,0
360863,0,1,10,10,10,10,10,10,10,10,10,10
360863,1,1,0,15,0,0,0,0,0,18,0,16
360864,0,1,0,0,0,0,0,0,0,0,0,0
360864,2,1,0,0,0,0,0,25,9,0,0,0
360865,1,1,13,0,0,0,18,0,0,0,0,8
360865,2,1,0,0,0,0,8,0,0,0,20,13
360866,0,1,0,0,0,0,0,0,0,0,0,0
360866,1,1,9,0,0,21,0,0,0,0,8,0
360867,1,1,0,0,0,0,0,0,0,0,0,12
360867,2,1,0,0,0,0,0,0,0,0,0,0
360868,0,1,0,0,0,0,0,0,0,0,0,0
360868,1,1,0,0,0,0,0,0,15,15,0,0
360869,0,1,5,12,0,29,0,8,0,0,15,10
360869,1,1,0,0,0,0,0,0,0,0,0,0
360870,1,1,20,20,20,20,20,20,20,20,20,20
360872,1,1,0,0,0,0,0,19,0,0,6,0
360872,2,1,0,0,0,0,0,0,0,0,0,0
360873,0,1,22,22,22,22,22,22,22,22,22,22
360873,1,1,13,0,0,0,22,17,16,9,0,0
360874,0,1,32,32,32,32,32,32,32,32,32,32
360874,1,1,16,10,12,0,5,5,11,9,20,13
360875,0,1,0,0,0,0,0,0,0,0,0,0
360875,1,1,0,0,0,0,12,10,0,0,0,0
360876,1,1,5,5,5,5,5,5,5,5,5,5
360876,2,1,8,0,0,15,21,13,0,0,0,25
360877,1,1,10,13,0,21,6,17,9,3,12,7
360877,2,1,0,0,0,24,0,15,0,0,0,7
360878,0,1,0,0,0,0,0,0,0,0,0,0
360878,1,1,0,0,0,0,0,0,0,0,0,0
360878,2,1,0,0,0,0,0,0,0,0,0,0
360879,0,1,31,31,31,31,31,31,31,31,31,31
360879,1,1,0,0,0,0,0,5,0,0,0,0
360879,2,1,0,0,8,0,0,0,0,0,0,0
360880,1,1,0,0,0,0,0,0,0,0,0,0
360880,2,1,0,0,0,0,0,0,0,0,0,0
360881,1,1,0,0,0,0,0,0,0,0,0,0
360881,2,1,0,0,0,0,0,0,0,0,0,0
360882,1,1,12,12,12,12,12,12,12,12,12,12
360882,2,1,0,8,19,0,0,8,16,24,19,19
360883,0,1,0,18,6,13,31,19,36,10,6,11
360883,1,1,7,0,0,0,0,14,13,0,0,0
360884,0,1,0,0,0,0,0,0,0,0,0,0
360885,1,1,0,0,5,0,0,0,0,0,0,0
360885,2,1,0,0,0,0,0,5,0,0,0,0
360886,1,1,20,20,20,20,20,20,20,20,20,20
360886,2,1,0,0,0,0,0,0,0,0,0,27
360887,1,1,12,0,0,0,0,0,26,0,34,0
360888,1,1,0,19,21,11,0,0,0,15,37,0
360888,2,1,11,3,0,0,0,0,0,11,18,0
360888,3,1,13,0,17,0,0,0,18,0,0,12
360889,0,1,0,0,0,0,0,0,0,0,0,0
360889,1,1,22,30,13,34,0,18,24,30,0,23
360890,1,1,0,0,0,0,0,0,0,0,0,0
360891,1,1,8,8,8,8,8,8,8,8,8,8
360892,1,1,0,0,0,0,0,0,0,0,0,0
360893,0,1,15,15,15,15,15,15,15,15,15,15
360893,1,1,0,0,12,7,20,0,11,11,16,13
360894,1,1,0,0,0,0,0,0,0,0,0,0
360894,2,1,0,15,23,0,12,0,0,0,0,0
360895,0,1,28,32,44,11,0,17,9,18,30,38
360895,1,1,0,0,0,0,0,16,0,18,16,16
360896,1,1,0,0,0,0,0,0,0,0,0,0
360896,2,1,16,0,17,0,0,0,0,28,0,0
360897,0,1,0,0,6,0,0,0,0,0,0,30
360897,1,1,0,0,0,0,0,0,0,0,0,0
360898,1,1,0,0,0,0,0,0,0,0,0,0
360898,2,1,0,0,0,0,0,0,0,0,0,0
360899,1,1,0,24,0,24,0,0,0,0,9,13
360900,0,1,25,25,25,25,25,25,25,25,25,25
360900,1,1,0,0,0,0,0,11,9,0,0,0
360901,1,1,0,0,0,0,0,0,0,0,0,0
360901,2,1,0,0,0,0,0,0,0,0,0,0
360902,1,1,30,17,5,12,20,16,32,0,10,19
360903,1,1,0,11,0,24,0,20,18,0,20,13
360904,1,1,0,0,0,0,0,0,0,0,0,0
360904,2,1,0,24,0,12,12,0,0,0,11,0
360905,1,1,0,34,19,0,0,20,0,0,17,25
360906,1,1,0,0,0,20,0,8,28,0,0,13
360906,2,1,0,10,0,0,8,17,12,0,0,0
360907,1,1,0,0,0,0,0,0,0,0,0,0
360907,2,1,0,0,0,0,0,0,0,0,0,0
360908,1,1,0,0,0,0,0,0,0,0,0,0
360908,2,1,0,0,0,0,0,0,0,0,0,0
360909,1,1,0,0,0,27,0,0,0,0,13,0
360910,2,1,0,0,0,0,0,0,0,0,0,0
370001,1,1,0,0,0,0,0,0,0,0,0,0
370001,2,1,0,0,0,0,0,0,0,0,0,0
370001,3,1,0,0,0,0,0,0,0,0,8,0
370002,1,1,30,30,30,30,30,30,30,30,30,30
370002,2,1,0,0,0,0,0,0,0,0,0,0
370003,0,1,26,26,26,26,26,26,26,26,26,26
370003,1,1,22,0,0,0,21,0,0,0,0,0
370004,1,1,0,0,0,0,0,0,0,0,0,0
370005,1,1,0,0,0,0,0,0,0,0,0,0
370005,2,1,0,0,0,0,0,0,0,0,0,0
370006,1,1,0,0,0,0,0,0,0,0,0,0
370006,2,1,0,0,0,0,0,0,0,0,0,0
370007,1,1,0,0,0,0,0,0,0,0,0,0
370007,2,1,0,0,0,0,0,0,0,0,0,0
370008,1,1,0,0,0,0,0,0,0,0,0,0
370008,2,1,0,0,0,0,0,0,0,0,0,0
370009,1,1,0,0,0,0,0,0,0,0,8,0
370009,2,1,0,0,0,0,0,0,12,0,0,0
370010,1,1,0,0,0,0,0,0,0,0,0,0
370010,2,1,0,0,0,0,0,0,0,0,0,0
370011,1,1,0,0,0,0,0,0,0,0,0,0
370011,2,1,0,0,0,0,0,0,0,0,0,0
370011,3,1,0,0,0,8,0,0,5,0,0,0
370012,1,1,0,0,0,0,0,0,0,0,0,0
370013,0,1,0,14,15,0,0,0,0,0,0,0
370013,1,1,0,0,28,0,0,0,0,0,0,0
370014,1,1,0,6,0,0,0,0,0,0,0,0
370015,0,1,0,0,0,0,0,0,0,0,0,0
370015,1,1,0,0,0,0,0,0,0,0,0,0
370016,1,1,0,0,0,0,7,0,0,0,0,0
370016,2,1,0,0,0,0,0,0,0,0,0,0
370017,1,1,17,17,17,17,17,17,17,17,17,17
370018,1,1,0,0,0,0,0,0,0,0,0,0
370019,1,1,0,0,0,0,0,0,0,0,0,0
370019,2,1,0,0,0,0,0,0,0,0,0,0
370020,1,1,0,0,0,0,19,0,0,0,0,0
370020,2,1,0,0,0,0,0,0,0,0,0,0
370021,1,1,0,0,0,0,0,0,0,0,0,0
370022,1,1,0,0,0,0,0,0,0,0,0,0
370023,1,1,0,0,0,0,0,0,0,0,0,0
370023,2,1,0,0,0,0,0,0,0,0,0,0
370024,0,1,3,3,3,3,3,3,3,3,3,3
370024,1,1,30,30,30,30,30,30,30,30,30,30
370025,0,1,0,0,0,0,0,0,0,0,0,0
370025,1,1,0,0,0,0,0,0,0,0,0,0
370026,1,1,0,0,0,0,0,0,0,0,0,0
370027,1,1,0,0,0,0,0,0,0,0,0,0
370027,2,1,0,0,0,0,0,0,0,0,0,0
370028,1,1,0,0,0,0,0,0,0,0,0,0
370029,1,1,8,8,8,8,8,8,8,8,8,8
370030,1,1,0,0,0,0,0,0,0,0,0,0
370031,0,1,0,0,0,0,0,0,0,0,0,0
370031,1,1,0,0,0,0,0,0,0,0,0,0
370032,1,1,19,19,19,19,19,19,19,19,19,19
370033,1,1,11,11,11,11,11,11,11,11,11,11
370034,1,1,0,0,0,0,0,0,0,0,0,0
370034,2,1,0,0,0,0,0,0,0,0,0,0
370035,0,1,0,0,0,0,0,0,0,0,0,0
370035,1,1,0,0,0,0,0,0,0,11,0,0
370036,0,1,0,18,29,29,19,13,11,35,12,22
370036,1,1,0,0,0,0,0,0,0,0,0,0
370037,1,1,0,0,0,0,0,0,0,0,0,0
370038,1,1,0,0,0,0,0,0,0,0,0,0
370038,2,1,0,0,0,0,0,0,0,0,0,0
370039,1,1,0,0,0,0,0,0,0,0,0,0
370040,1,1,0,0,0,0,0,0,0,0,0,0
370040,2,1,0,0,0,0,0,0,0,0,0,0
370041,1,1,0,0,0,0,0,0,0,0,0,0
370042,1,1,0,0,0,0,0,0,0,0,0,0
370043,1,1,0,0,0,0,0,0,0,0,0,0
370044,1,1,0,0,0,0,0,0,0,0,0,0
370044,2,1,0,0,0,0,0,0,0,0,0,0
370045,0,1,0,0,0,0,0,0,0,0,0,0
370045,1,1,0,0,0,0,0,0,0,0,0,0
370046,1,1,0,0,0,0,0,0,0,0,0,0
370046,2,1,0,5,0,0,0,8,0,0,0,0
370047,1,1,0,0,0,0,0,0,0,0,0,0
370047,2,1,0,0,0,0,0,0,0,0,0,0
370048,1,1,7,7,7,7,7,7,7,7,7,7
370049,1,1,0,0,0,0,0,0,0,0,0,0
370050,1,1,18,18,18,18,18,18,18,18,18,18
370051,1,1,0,0,0,0,0,0,0,0,0,0
370052,1,1,24,24,24,24,24,24,24,24,24,24
370053,1,1,0,0,0,0,0,0,0,0,0,0
370053,2,1,0,0,0,0,0,0,0,0,0,0
370053,3,1,0,0,0,0,0,0,0,0,0,0
370054,1,1,0,0,0,0,0,0,0,0,0,0
370054,2,1,0,0,0,0,0,0,0,0,0,0
370054,3,1,0,0,0,0,0,37,0,0,0,0
370055,1,1,0,0,0,0,0,0,0,0,0,0
370055,2,1,0,32,0,0,0,13,0,0,0,0
370056,1,1,0,0,0,0,0,0,0,0,0,0
370057,0,1,27,27,27,27,27,27,27,27,27,27
370057,1,1,6,0,0,0,0,0,0,0,0,11
370058,1,1,0,0,0,0,0,0,0,0,0,0
370058,2,1,0,0,0,0,0,0,0,0,0,0
370059,1,1,0,0,11,0,0,0,0,0,0,0
370059,2,1,0,0,0,0,0,0,0,0,0,0
370060,1,1,0,0,0,0,0,0,0,0,0,0
370061,1,1,0,0,0,0,0,0,0,0,0,0
370062,1,1,5,5,5,5,5,5,5,5,5,5
370062,2,1,0,0,0,0,0,0,0,0,0,0
370063,1,1,0,0,0,0,0,0,0,0,0,0
370063,2,1,0,0,0,0,0,0,0,0,0,0
370063,3,1,0,0,0,0,0,0,0,0,0,0
370064,1,1,0,0,0,0,0,0,0,0,0,0
370064,2,1,0,0,0,0,0,0,0,0,0,0
370065,1,1,28,28,28,28,28,28,28,28,28,28
370065,2,1,0,0,0,0,0,0,0,0,0,0
370066,1,1,17,17,17,17,17,17,17,17,17,17
370067,1,1,6,6,6,6,6,6,6,6,6,6
370068,1,1,28,28,28,28,28,28,28,28,28,28
370068,2,1,5,5,5,5,5,5,5,5,5,5
370069,1,1,15,15,15,15,15,15,15,15,15,15
370070,0,1,0,0,0,0,0,0,0,0,0,0
370070,1,1,0,0,0,0,0,0,0,0,0,0
370071,0,1,23,23,23,23,23,23,23,23,23,23
370071,1,1,0,0,0,0,0,0,0,8,0,0
370072,0,1,0,0,0,0,0,0,0,0,0,0
370072,1,1,11,0,0,0,0,0,0,0,0,0
370073,1,1,21,21,21,21,21,21,21,21,21,21
370073,2,1,0,0,0,0,0,0,0,0,0,0
370074,1,1,0,0,0,0,0,0,28,0,0,0
370075,1,1,0,0,0,0,0,0,0,0,0,0
370076,1,1,26,26,26,26,26,26,26,26,26,26
370077,0,1,0,0,0,0,0,0,0,0,0,0
370077,1,1,0,0,0,0,0,0,0,0,0,0
370078,1,1,0,0,0,0,0,0,0,0,0,0
370078,2,1,0,0,0,0,0,0,0,0,0,0
370079,1,1,10,10,10,10,10,10,10,10,10,10
370080,0,1,6,6,6,6,6,6,6,6,6,6
370080,1,1,0,0,16,0,0,0,0,0,0,0
370081,1,1,0,0,0,0,0,0,0,0,0,0
370082,1,1,0,0,0,0,0,0,0,0,0,0
370083,0,1,7,19,28,15,12,19,0,0,0,0
370083,1,1,0,0,0,0,0,0,0,0,0,0
370084,1,1,27,0,0,0,24,0,0,0,0,0
370085,1,1,26,26,26,26,26,26,26,26,26,26
370086,1,1,0,0,0,0,0,0,0,0,0,0
370087,0,1,17,17,17,17,17,17,17,17,17,17
370088,1,1,0,0,0,0,0,0,0,0,0,0
370089,1,1,0,0,0,0,0,0,0,0,0,0
370089,2,1,0,0,0,0,0,0,0,0,0,0
370090,1,1,0,0,0,0,0,0,0,0,0,0
370090,2,1,0,0,0,0,0,0,0,0,0,0
370090,3,1,0,0,0,0,0,0,0,0,0,0
370091,0,1,10,29,12,13,8,14,12,38,20,48
370091,1,1,0,0,0,0,0,0,0,0,0,0
370092,1,1,0,0,0,0,0,0,0,0,0,0
370092,2,1,0,0,0,0,0,0,0,0,0,0
370093,1,1,0,0,0,0,0,0,0,0,0,0
370094,1,1,0,0,0,0,0,0,0,0,0,0
370094,2,1,0,0,0,0,0,0,0,0,0,0
370094,3,1,0,19,11,22,1,0,10,0,0,0
370095,1,1,0,0,0,0,0,0,0,0,0,0
370095,2,1,0,0,0,0,0,0,0,0,0,0
370096,1,1,25,25,25,25,25,25,25,25,25,25
370097,1,1,16,16,16,16,16,16,16,16,16,16
370098,1,1,0,0,0,0,0,0,0,0,0,0
370098,2,1,0,0,0,0,0,0,0,0,0,0
370099,0,1,19,10,4,10,26,0,20,6,22,22
370099,2,1,0,0,0,0,0,27,0,0,0,0
370100,1,1,0,0,0,0,0,0,15,0,0,0
370100,2,1,0,0,0,0,0,0,0,0,0,0
370101,1,1,20,20,20,20,20,20,20,20,20,20
370101,2,1,0,0,0,0,0,0,0,0,0,0
370102,1,1,11,11,11,11,11,11,11,11,11,11
370102,2,1,0,0,0,0,0,0,0,0,0,0
370103,0,1,0,0,0,0,0,0,0,0,0,0
370103,1,1,0,0,0,0,0,0,0,0,0,0
370104,1,1,0,0,0,0,0,0,0,0,0,0
370104,2,1,0,0,0,0,0,0,0,0,0,0
370105,0,1,20,20,20,20,20,20,20,20,20,20
370105,1,1,0,0,0,0,0,0,0,3,0,0
370106,1,1,23,23,23,23,23,23,23,23,23,23
370107,1,1,13,0,0,0,0,0,0,24,0,0
370108,1,1,0,0,0,0,0,0,0,0,0,0
370108,2,1,0,0,0,0,0,0,0,0,0,0
370109,1,1,0,0,0,0,0,0,0,0,0,0
370109,2,1,0,0,19,0,0,0,0,0,0,11
370109,3,1,0,0,12,0,0,0,0,0,0,0
370109,4,1,0,0,0,0,0,0,0,0,0,0
370110,1,1,0,0,0,0,0,0,0,0,0,0
370110,2,1,0,0,0,0,0,0,0,0,0,0
370111,1,1,0,0,0,0,0,0,0,0,0,0
370112,1,1,15,15,15,15,15,15,15,15,15,15
370113,1,1,0,0,0,0,0,6,0,0,0,0
370113,2,1,0,0,0,0,13,0,0,0,0,0
370115,0,1,0,0,0,0,0,0,0,0,0,0
370115,0,2,0,0,0,0,0,0,34,0,0,0
370115,2,1,0,0,0,17,0,9,0,0,19,0
370115,3,1,0,22,0,0,0,0,0,0,0,0
370116,0,1,0,0,0,0,0,37,0,0,0,0
370116,1,1,14,0,0,0,0,9,14,0,0,0
370117,1,1,19,19,19,19,19,19,19,19,19,19
370118,1,1,5,5,5,5,5,5,5,5,5,5
370118,2,1,0,0,0,14,0,0,0,0,0,0
370118,3,1,0,0,0,0,0,0,0,13,0,0
370118,4,1,0,0,0,0,0,0,0,0,0,0
370119,1,1,0,0,0,0,0,0,0,0,0,0
370119,2,1,0,0,0,0,15,0,0,0,0,0
370120,1,1,0,0,0,0,0,0,16,0,0,0
370120,2,1,0,0,0,0,0,0,18,0,0,0
370121,1,1,16,16,16,16,16,16,16,16,16,16
370122,1,1,0,0,0,0,0,0,0,0,0,0
370122,2,1,0,0,0,0,0,0,0,0,0,0
370123,0,1,0,0,0,0,0,0,0,0,0,0
370123,1,1,0,0,0,0,0,0,0,0,0,0
370124,1,1,0,0,0,0,0,0,0,0,0,0
370124,2,1,0,0,0,0,0,0,0,0,0,0
370125,1,1,0,0,0,0,0,0,0,0,0,0
370125,2,1,0,0,0,0,0,0,0,0,0,0