ST_CASE,VEH_NO,PER_NO,P1,P2,P3,P4,P5,P6,P7,P8,P9,P10
390496,1,1,0,0,0,0,0,0,0,0,0,0
390496,2,1,0,0,0,0,0,0,0,0,0,0
390497,1,1,0,0,0,0,0,0,0,0,0,0
390497,2,1,0,0,0,0,0,0,11,0,0,0
390497,3,1,0,0,0,0,0,0,0,0,0,0
390498,2,1,0,0,0,0,0,0,0,0,0,0
390499,1,1,0,0,11,0,0,0,0,0,0,0
390499,2,1,0,0,0,0,0,0,0,0,0,0
390500,0,1,9,9,9,9,9,9,9,9,9,9
390500,1,1,0,0,0,0,0,0,0,0,0,0
390501,1,1,0,0,0,0,0,0,0,0,0,0
390501,2,1,0,0,0,0,0,0,0,0,0,0
390502,1,1,13,13,13,13,13,13,13,13,13,13
390502,2,1,0,0,0,0,0,0,0,0,0,0
390503,1,1,23,23,23,23,23,23,23,23,23,23
390504,1,1,0,0,0,0,0,0,0,0,0,0
390505,1,1,0,0,0,0,0,0,0,0,0,0
390505,2,1,0,0,0,0,0,0,0,0,0,0
390506,1,1,0,0,0,0,0,0,0,0,0,0
390506,2,1,8,8,8,8,8,8,8,8,8,8
390507,1,1,0,0,0,0,0,0,0,0,0,0
390507,2,1,0,0,0,0,0,0,0,0,0,0
390508,1,1,0,0,0,0,0,0,0,0,0,0
390508,2,1,0,0,0,0,0,0,0,0,0,0
390509,1,1,0,0,0,0,0,0,0,0,0,0
390509,2,1,7,0,0,0,0,0,0,0,0,0
390510,0,1,0,0,0,0,0,0,0,0,0,0
390510,1,1,18,18,18,18,18,18,18,18,18,18
390511,0,1,12,12,12,12,12,12,12,12,12,12
390511,1,1,9,0,6,0,0,0,0,0,0,0
390511,2,1,0,19,0,0,0,0,0,0,0,0
390512,1,1,0,0,0,0,0,0,0,0,0,0
390512,2,1,0,0,0,0,0,0,0,0,0,0
390513,1,1,0,0,0,0,19,0,4,0,0,0
390513,2,1,5,5,5,5,5,5,5,5,5,5
390513,3,1,0,0,20,0,0,0,0,0,0,0
390514,0,1,0,0,0,0,0,0,0,0,0,0
390514,2,1,0,0,0,0,0,0,0,0,0,0
390515,1,1,0,0,16,19,0,0,0,0,0,0
390516,1,1,17,0,0,0,0,0,13,17,10,0
390517,1,1,0,0,0,0,0,0,0,0,0,0
390518,0,1,0,0,0,0,0,0,0,0,0,0
390518,1,1,17,0,18,0,0,0,0,0,0,0
390519,1,1,0,0,0,0,0,0,0,0,0,0
390519,2,1,0,0,0,0,0,0,0,0,0,0
390520,1,1,17,17,17,17,17,17,17,17,17,17
390521,0,1,0,0,0,0,0,0,0,0,0,0
390521,1,1,0,0,0,30,0,0,0,0,6,0
390522,0,1,0,0,0,0,0,0,0,0,0,0
390522,1,1,0,0,0,0,0,0,0,0,15,0
390523,1,1,0,0,0,0,0,0,0,0,0,0
390524,1,1,0,0,0,12,13,0,0,9,0,0
390525,1,1,16,16,16,16,16,16,16,16,16,16
390526,1,1,0,0,0,0,0,0,0,0,0,0
390527,1,1,13,13,13,13,13,13,13,13,13,13
390527,2,1,0,0,0,0,0,0,0,0,0,0
390528,1,1,0,5,0,0,0,0,0,0,8,36
390528,2,1,0,30,0,0,0,0,0,0,0,0
390529,1,1,13,13,13,13,13,13,13,13,13,13
390530,1,1,16,16,16,16,16,16,16,16,16,16
390531,1,1,0,0,0,0,0,0,0,0,0,0
390531,2,1,0,0,0,0,0,0,0,0,0,0
390532,1,1,0,0,0,0,0,0,0,0,0,0
390532,2,1,0,0,0,0,20,3,0,0,0,0
390532,3,1,0,0,0,0,0,0,0,0,0,0
390533,1,1,10,10,10,10,10,10,10,10,10,10
390534,1,1,0,0,0,0,0,0,0,0,0,0
390534,2,1,0,0,0,0,0,0,0,0,0,0
390535,0,1,0,0,0,0,0,0,0,0,0,0
390535,1,1,0,0,0,0,0,0,0,0,0,0
390536,1,1,12,11,4,20,25,22,10,17,7,13
390537,1,1,0,0,0,0,0,0,0,0,0,0
390537,2,1,0,0,0,0,0,0,0,0,0,0
390538,1,1,0,5,0,0,0,0,0,0,0,0
390538,2,1,0,0,0,0,0,0,0,0,0,0
390539,0,1,0,0,0,0,0,0,0,0,0,0
390539,1,1,0,0,0,0,0,0,0,0,0,0
390540,0,1,0,0,0,0,0,0,0,0,0,0
390541,1,1,0,0,0,0,0,0,0,0,0,0
390541,2,1,0,0,0,0,0,0,0,0,0,0
390542,1,1,0,0,0,0,0,0,0,0,0,0
390542,2,1,0,0,0,0,0,0,0,0,0,0
390543,1,1,11,11,11,11,11,11,11,11,11,11
390544,1,1,0,0,0,0,0,0,0,0,0,0
390544,2,1,0,0,0,0,0,0,0,0,0,0
390544,3,1,0,0,0,0,0,0,0,0,0,0
390545,1,1,0,0,0,0,0,0,0,0,0,0
390546,1,1,0,0,0,0,0,0,0,0,0,0
390546,2,1,0,0,0,0,0,0,0,0,0,0
390547,1,1,12,12,12,12,12,12,12,12,12,12
390548,1,1,0,0,0,0,0,0,0,0,0,0
390548,2,1,0,0,0,0,0,0,0,0,0,0
390549,0,1,0,0,0,0,0,0,0,0,0,0
390549,1,1,0,0,0,0,0,0,0,0,0,0
390550,0,1,0,0,0,0,0,0,0,0,0,0
390550,1,1,0,0,0,0,0,0,0,0,0,0
390551,1,1,0,0,0,0,0,0,0,0,0,0
390551,2,1,0,0,0,0,0,0,0,0,0,0
390552,1,1,0,0,0,0,0,0,0,0,0,0
390553,1,1,0,0,0,0,0,0,0,0,0,0
390553,2,1,0,0,0,0,0,0,0,0,0,0
390554,1,1,0,0,0,0,0,0,0,0,0,0
390555,1,1,0,0,0,0,0,0,4,0,0,0
390555,2,1,0,0,0,0,0,0,0,0,0,0
390556,1,1,0,0,0,0,0,0,0,0,0,0
390556,2,1,9,9,9,9,9,9,9,9,9,9
390557,1,1,0,0,0,0,0,0,0,0,0,0
390558,1,1,0,0,0,0,0,0,0,0,0,0
390558,2,1,0,0,0,0,0,0,0,0,0,0
390559,1,1,0,0,0,0,0,0,0,0,0,0
390560,1,1,20,20,20,20,20,20,20,20,20,20
390561,1,1,0,0,0,0,0,0,12,0,0,0
390561,2,1,0,0,0,0,0,0,0,0,0,0
390561,3,1,0,0,0,0,0,0,0,0,0,0
390561,4,1,0,0,0,0,0,0,0,0,0,0
390562,1,1,14,8,16,11,12,7,31,14,17,9
390563,1,1,0,0,0,0,0,0,0,0,0,0
390563,2,1,0,0,0,0,0,0,0,0,0,0
390564,1,1,12,12,12,12,12,12,12,12,12,12
390565,0,1,0,0,0,0,0,0,0,0,0,0
390565,1,1,0,0,0,0,0,0,0,0,7,0
390566,1,1,0,0,0,0,0,0,0,0,0,0
390567,0,1,35,35,35,35,35,35,35,35,35,35
390567,1,1,0,0,0,0,0,0,0,0,0,0
390568,1,1,0,0,0,0,0,0,0,0,0,0
390568,2,1,0,0,0,0,0,0,0,0,0,0
390569,1,1,0,0,0,0,11,0,0,0,0,0
390569,2,1,0,0,0,0,0,0,0,0,0,0
390570,0,1,14,14,14,14,14,14,14,14,14,14
390570,1,1,0,0,0,0,0,0,0,0,0,0
390571,1,1,0,0,0,0,0,0,0,0,0,0
390571,2,1,0,0,0,0,0,0,0,0,0,0
390572,0,1,35,0,0,0,0,0,0,0,0,0
390572,2,1,0,0,0,0,0,0,0,0,0,0
390573,1,1,0,0,0,0,0,0,0,0,0,0
390574,1,1,0,0,0,0,0,0,0,0,0,0
390574,2,1,0,0,0,0,0,0,0,0,0,0
390575,1,1,0,0,0,0,0,0,0,0,0,0
390575,2,1,22,22,22,22,22,22,22,22,22,22
390576,1,1,0,0,0,0,0,32,0,0,0,14
390576,2,1,0,0,0,0,0,0,0,0,0,0
390577,1,1,0,0,0,0,0,0,0,0,0,0
390577,2,1,0,0,0,0,0,0,0,0,0,0
390578,0,1,0,0,0,0,0,0,0,0,0,0
390578,1,1,0,0,0,0,0,0,0,0,0,0
390580,1,1,0,0,0,0,0,0,0,0,0,0
390581,1,1,0,0,0,0,0,0,0,0,0,3
390581,2,1,0,0,0,0,0,0,0,0,0,0
390582,1,1,0,0,0,0,0,0,0,0,0,0
390582,2,1,0,0,0,0,0,0,0,0,0,0
390583,1,1,0,0,0,0,0,0,0,0,0,0
390583,2,1,0,0,0,0,0,0,0,0,0,0
390584,0,1,0,0,0,0,0,0,0,0,0,0
390584,1,1,0,0,0,0,0,0,0,0,0,0
390585,1,1,0,0,0,0,0,0,0,0,0,0
390585,2,1,0,0,0,0,0,0,0,0,0,0
390586,1,1,0,0,0,0,0,0,0,0,0,0
390587,1,1,0,0,0,0,0,0,0,0,0,0
390587,2,1,0,0,0,0,0,0,0,0,0,0
390587,3,1,0,0,0,0,8,0,21,0,0,0
390587,4,1,0,0,0,0,0,0,0,0,25,0
390587,5,1,0,0,0,0,0,0,0,0,0,0
390587,6,1,0,0,0,0,0,0,0,0,0,0
390589,1,1,0,0,17,10,0,17,0,0,11,0
390590,1,1,0,0,0,0,0,0,0,0,0,0
390590,2,1,0,0,0,0,0,0,0,0,0,0
390590,3,1,0,0,0,0,0,0,0,0,0,0
390590,4,1,0,0,0,0,0,0,0,0,0,0
390590,5,1,0,0,0,0,0,0,0,0,0,0
390590,6,1,0,0,0,0,0,0,0,0,0,0
390590,7,1,0,0,0,0,0,0,0,0,0,0
390590,8,1,0,0,0,0,0,0,0,0,0,0
390591,1,1,0,0,0,0,0,0,0,0,0,0
390592,0,1,13,0,0,0,0,0,0,0,0,10
390592,1,1,0,0,15,0,0,0,0,0,0,0
390593,1,1,0,0,0,0,0,0,0,0,0,0
390593,2,1,0,0,0,0,0,0,0,0,0,0
390594,1,1,0,0,16,0,0,0,0,0,0,0
390594,2,1,0,0,0,0,0,0,0,0,0,0
390595,1,1,16,16,16,16,16,16,16,16,16,16
390596,1,1,0,0,0,0,0,0,0,0,0,0
390596,2,1,0,0,0,0,0,0,0,0,0,0
390597,0,1,0,0,0,0,0,0,0,0,0,0
390597,1,1,0,0,0,0,0,0,0,0,0,0
390598,1,1,13,13,13,13,13,13,13,13,13,13
390599,1,1,0,0,0,0,0,0,0,0,0,0
390600,1,1,0,0,0,0,0,0,0,0,0,0
390600,2,1,0,0,0,0,0,0,0,0,0,0
390601,1,1,5,5,5,5,5,5,5,5,5,5
390602,0,1,0,0,0,0,0,0,0,0,0,0
390602,1,1,0,0,0,0,0,0,0,0,0,0
390603,0,1,0,0,0,0,0,0,0,0,0,0
390603,1,1,0,0,0,0,0,0,0,0,0,0
390604,1,1,0,0,0,0,0,0,0,0,0,0
390604,2,1,0,0,0,0,0,0,0,0,0,0
390605,1,1,0,0,0,0,0,0,0,0,0,0
390605,2,1,0,0,0,0,0,0,0,0,0,0
390606,1,1,0,0,0,0,0,0,0,0,0,0
390606,2,1,0,0,18,0,0,0,0,0,0,0
390606,3,1,5,0,0,0,0,0,0,0,0,0
390607,1,1,17,17,17,17,17,17,17,17,17,17
390608,1,1,0,19,0,0,0,0,0,0,0,0
390608,2,1,0,0,0,0,0,0,0,0,0,0
390609,1,1,14,14,14,14,14,14,14,14,14,14
390610,1,1,15,15,15,15,15,15,15,15,15,15
390611,1,1,0,0,0,0,0,0,0,0,0,0
390611,2,1,7,7,7,7,7,7,7,7,7,7
390612,1,1,0,0,0,0,0,0,0,0,0,0
390613,1,1,0,0,0,0,0,0,0,0,0,0
390613,2,1,0,0,0,0,0,0,6,0,0,0
390613,3,1,0,0,0,0,0,0,0,0,0,0
390613,4,1,0,0,0,0,0,0,0,0,0,0
390613,5,1,0,0,0,0,0,0,0,0,0,0
390614,1,1,0,0,0,0,0,0,0,0,0,0
390615,1,1,0,0,0,0,0,0,0,0,0,0
390615,2,1,0,0,11,0,0,8,0,12,0,0
390616,1,1,0,0,0,0,0,0,0,0,0,0
390616,2,1,0,0,0,0,0,0,0,0,0,0
390617,1,1,27,27,27,27,27,27,27,27,27,27
390618,1,1,0,0,0,0,0,0,0,0,0,0
390619,1,1,0,0,0,0,0,0,0,0,0,0
390619,2,1,0,0,0,0,0,0,0,0,0,0
390620,1,1,0,0,0,0,0,0,0,0,0,0
390620,2,1,0,0,0,0,0,0,0,0,0,0
390621,1,1,0,0,0,0,0,13,0,0,0,0
390621,2,1,11,32,6,17,15,12,5,9,0,7
390622,1,1,0,0,0,0,0,0,0,0,0,0
390622,2,1,0,0,0,0,0,0,0,0,0,0
390623,1,1,0,0,0,0,0,0,0,0,0,0
390624,1,1,0,0,0,0,0,0,0,0,0,0
390625,1,1,5,5,5,5,5,5,5,5,5,5
390626,1,1,0,0,0,0,0,20,0,0,0,0
390626,2,1,0,0,0,0,0,0,0,0,0,0
390627,1,1,0,0,0,0,0,0,0,0,0,0
390627,2,1,0,0,0,0,0,0,0,0,0,0
390628,1,1,0,0,0,0,0,0,0,0,0,0
390628,2,1,0,0,0,0,0,0,0,0,0,0
390629,1,1,5,5,5,5,5,5,5,5,5,5
390629,2,1,0,0,0,0,0,0,0,0,0,0
390630,1,1,10,10,10,10,10,10,10,10,10,10
390631,1,1,0,0,11,0,0,0,0,0,0,0
390631,2,1,0,0,0,0,0,0,0,0,0,0
390632,1,1,18,18,18,18,18,18,18,18,18,18
390633,1,1,0,0,0,0,0,0,0,0,0,0
390633,2,1,0,0,0,0,0,0,0,0,0,0
390634,1,1,0,0,0,0,0,0,0,0,0,0
390634,2,1,0,0,0,0,0,0,0,0,0,0
390635,1,1,0,0,0,0,0,0,0,0,0,0
390636,0,1,0,25,0,0,0,0,0,0,0,0
390636,1,1,0,0,0,27,16,16,0,0,0,0
390637,1,1,0,0,0,0,0,0,0,0,0,0
390637,2,1,0,0,0,0,0,0,0,0,0,0
390638,1,1,0,0,0,0,0,0,0,0,0,0
390639,1,1,0,0,0,0,0,0,0,0,0,0
390640,1,1,0,0,0,0,0,0,0,0,0,0
390640,2,1,0,0,0,0,0,0,0,0,0,0
390641,0,1,0,0,0,0,0,0,0,0,0,0
390641,1,1,0,0,0,0,31,0,0,0,0,0
390642,1,1,31,31,31,31,31,31,31,31,31,31
390642,2,1,0,0,0,0,0,0,0,0,0,0
390643,1,1,0,0,0,0,0,0,0,0,16,0
390643,2,1,0,0,0,0,0,0,0,0,0,0
390644,1,1,26,26,26,26,26,26,26,26,26,26
390645,1,1,14,14,14,14,14,14,14,14,14,14
390646,1,1,0,0,0,0,0,0,0,0,0,0
390646,2,1,0,0,0,0,0,0,0,0,0,0
390647,1,1,9,9,9,9,9,9,9,9,9,9
390647,2,1,0,0,5,0,0,0,8,0,0,0
390648,1,1,0,0,0,0,0,0,0,0,0,0
390648,2,1,0,0,0,0,0,0,0,0,0,0
390648,3,1,0,0,0,0,0,0,0,0,0,0
390649,1,1,0,0,0,0,0,0,4,0,0,0
390649,2,1,0,0,0,0,0,0,0,0,0,0
390650,1,1,0,0,0,0,0,0,0,0,0,0
390650,2,1,0,0,0,0,0,0,0,0,0,0
390651,1,1,16,16,16,16,16,16,16,16,16,16
390652,1,1,21,16,27,13,12,7,16,16,22,13
390653,1,1,0,0,0,0,0,0,0,0,0,0
390653,2,1,0,0,0,0,0,0,0,0,0,0
390654,1,1,23,23,23,23,23,23,23,23,23,23
390655,1,1,0,0,0,0,0,0,0,0,0,0
390656,1,1,0,0,0,0,0,0,0,0,0,0
390656,2,1,0,0,0,0,0,0,0,0,0,0
390656,3,1,0,0,0,0,0,0,0,9,0,0
390657,1,1,0,0,0,0,0,0,0,0,0,0
390658,1,1,0,0,0,0,0,0,0,0,0,0
390659,1,1,0,0,0,0,0,0,0,0,0,0
390659,2,1,4,4,4,4,4,4,4,4,4,4
390659,3,1,0,0,0,0,0,0,0,0,0,0
390660,1,1,0,0,0,0,0,0,0,0,0,0
390660,2,1,0,0,0,0,0,0,0,0,0,0
390661,1,1,0,0,0,0,0,0,0,0,0,0
390661,2,1,19,0,0,0,0,0,0,0,0,0
390662,1,1,24,24,24,24,24,24,24,24,24,24
390663,1,1,0,0,0,0,0,0,0,0,0,0
390663,2,1,0,0,0,0,0,0,0,0,0,0
390663,3,1,0,0,0,0,0,0,0,0,0,0
390664,1,1,0,0,0,0,0,0,9,0,0,0
390664,2,1,0,0,0,0,0,0,0,0,0,0
390665,1,1,0,0,0,0,0,0,0,0,0,0
390665,2,1,0,0,0,0,0,0,0,20,0,0
390666,0,1,0,0,0,0,0,23,0,0,0,0
390666,1,1,0,7,0,0,0,4,10,0,9,0
390667,1,1,15,15,15,15,15,15,15,15,15,15
390668,1,1,0,0,0,0,0,0,0,0,0,0
390668,2,1,0,0,0,0,0,10,10,0,0,0
390669,1,1,17,17,17,17,17,17,17,17,17,17
390670,1,1,14,14,14,14,14,14,14,14,14,14
390671,0,1,0,0,0,0,0,0,0,0,0,0
390671,1,1,0,0,0,0,0,0,0,0,0,0
390672,1,1,20,20,20,20,20,20,20,20,20,20
390672,2,1,0,0,0,0,0,0,0,0,0,0
390673,1,1,0,0,0,0,0,0,0,0,0,0
390673,2,1,0,0,0,0,0,0,0,8,0,0
390674,1,1,0,0,0,0,0,0,0,0,0,0
390675,1,1,0,0,0,0,0,0,0,0,0,0
390675,2,1,0,0,0,0,0,0,0,0,0,0
390676,1,1,0,0,0,0,13,0,0,0,0,0
390676,2,1,0,0,0,0,0,0,0,0,13,0
390677,1,1,0,0,0,0,0,0,0,0,0,0
390677,2,1,0,12,0,0,0,0,0,0,0,10
390678,1,1,0,0,0,0,0,0,0,0,0,0
390678,2,1,0,0,0,0,0,0,0,0,0,0
390679,1,1,0,0,0,0,0,0,0,0,0,0
390679,2,1,0,0,0,0,0,0,0,0,0,0
390680,1,1,8,8,8,8,8,8,8,8,8,8
390680,2,1,0,0,0,0,0,0,16,0,0,0
390681,1,1,5,19,11,31,10,24,11,18,27,7
390682,1,1,0,0,0,0,0,0,0,0,0,0
390682,2,1,0,0,0,0,0,0,0,0,0,0
390682,3,1,0,0,0,0,0,0,0,0,0,0
390682,4,1,0,0,0,0,0,0,0,0,0,0
390682,5,1,0,0,0,0,0,0,0,0,0,0
390682,6,1,0,0,0,0,0,0,0,0,0,0
390683,0,1,0,0,0,0,0,0,0,0,0,0
390683,1,1,0,0,0,0,0,0,0,0,0,0
390684,1,1,22,22,22,22,22,22,22,22,22,22
390684,2,1,9,0,0,0,0,0,0,0,0,0
390685,0,1,15,15,15,15,15,15,15,15,15,15
390685,2,1,21,21,21,21,21,21,21,21,21,21
390686,1,1,15,15,15,15,15,15,15,15,15,15
390686,2,1,0,0,0,0,0,0,0,0,0,0
390686,3,1,0,0,0,0,0,0,0,0,0,0
390687,1,1,0,0,0,0,0,0,0,0,0,0
390688,1,1,0,0,0,0,0,0,0,0,0,0
390688,2,1,0,0,0,0,0,0,0,0,0,0
390689,1,1,0,0,0,9,0,0,0,0,0,0
390689,2,1,0,0,0,0,0,12,0,0,0,0
390690,0,1,0,0,0,0,0,0,0,0,0,0
390690,1,1,11,11,10,15,5,12,27,18,22,25
390691,1,1,17,17,17,17,17,17,17,17,17,17
390692,1,1,0,0,0,0,0,12,0,0,0,0
390692,2,1,0,0,0,0,0,0,0,0,0,0
390693,1,1,5,5,5,5,5,5,5,5,5,5
390693,2,1,14,14,14,14,14,14,14,14,14,14
390694,1,1,0,0,0,0,0,0,0,0,0,0
390695,0,1,0,0,0,0,0,0,0,0,0,0
390695,1,1,0,0,0,0,0,0,0,0,0,0
390696,1,1,0,0,0,0,0,0,0,0,0,0
390696,2,1,0,0,0,0,0,10,4,15,0,0
390696,3,1,14,0,0,0,0,0,0,0,0,22
390697,1,1,0,0,0,0,0,0,0,0,0,0
390697,2,1,0,0,0,0,0,0,0,0,0,0
390698,1,1,0,0,0,0,0,0,0,0,0,0
390698,2,1,0,0,0,0,0,0,0,0,0,0
390699,1,1,0,0,0,0,0,0,0,0,0,0
390700,1,1,0,0,0,0,0,0,0,0,0,0
390700,2,1,0,0,0,0,0,0,0,0,0,0
390700,3,1,0,0,0,0,0,0,0,0,0,0
390701,1,1,0,0,0,0,0,0,0,0,0,0
390701,2,1,0,0,0,0,0,0,0,0,0,0
390702,1,1,0,0,0,0,0,0,0,0,0,0
390702,2,1,0,0,0,0,0,0,0,0,0,0
390703,1,1,0,0,0,0,11,0,0,0,0,0
390703,2,1,0,0,0,0,0,0,0,0,0,0
390704,1,1,0,0,0,0,0,0,0,0,0,0
390704,2,1,13,13,13,13,13,13,13,13,13,13
390705,0,1,17,17,17,17,17,17,17,17,17,17
390705,1,1,0,0,0,0,0,0,0,0,0,0
390706,1,1,0,0,0,0,0,0,0,0,0,0
390706,2,1,0,0,0,0,0,0,0,0,0,0
390707,0,1,0,0,0,0,0,0,0,0,0,0
390707,1,1,0,0,0,0,0,0,0,0,0,0
390708,1,1,0,0,0,0,0,0,0,0,0,0
390709,1,1,0,0,0,0,0,0,0,0,0,0
390709,2,1,0,0,0,0,0,0,0,0,0,0
390710,1,1,17,17,17,17,17,17,17,17,17,17
390710,2,1,0,0,0,0,0,0,0,0,0,0
390711,1,1,0,0,0,0,0,0,0,0,0,0
390711,2,1,0,0,0,0,0,0,0,0,0,0
390712,1,1,34,0,14,17,18,12,6,11,12,19
390713,1,1,0,0,0,0,0,0,0,0,0,0
390713,2,1,0,0,0,0,0,0,0,0,0,0
390714,0,1,0,0,0,0,0,2,0,0,0,0
390714,1,1,0,0,0,0,0,0,0,0,0,0
390715,0,1,0,0,0,0,0,0,0,0,0,0
390715,1,1,0,0,0,0,0,0,0,0,0,0
390716,1,1,14,14,14,14,14,14,14,14,14,14
390716,2,1,0,0,0,0,0,0,0,0,0,0
390717,0,1,0,0,0,0,0,19,0,0,0,24
390717,1,1,28,7,23,15,12,21,17,10,16,13
390718,1,1,0,0,0,0,0,0,0,0,0,0
390718,2,1,0,0,0,0,0,0,0,0,0,0
390719,1,1,0,0,0,0,0,0,0,0,0,0
390720,0,1,6,6,6,6,6,6,6,6,6,6
390720,1,1,0,0,0,0,0,0,0,0,0,0
390721,1,1,13,13,13,13,13,13,13,13,13,13
390722,1,1,0,0,0,0,0,0,0,0,0,0
390722,2,1,0,0,0,0,0,0,0,0,0,0
390723,1,1,0,0,0,0,0,0,0,0,0,0
390723,2,1,0,0,0,0,0,0,0,0,0,0
390724,1,1,9,9,9,9,9,9,9,9,9,9
390725,0,1,22,22,22,22,22,22,22,22,22,22
390725,1,1,0,0,0,0,0,0,0,0,0,0
390726,1,1,24,24,24,24,24,24,24,24,24,24
390727,1,1,0,0,0,0,0,0,0,0,0,0
390727,2,1,0,0,0,0,14,0,0,0,0,0
390728,1,1,22,22,22,22,22,22,22,22,22,22
390728,2,1,0,0,0,0,0,0,0,0,0,0
390728,3,1,0,0,0,0,0,0,0,0,0,0
390731,1,1,0,0,0,0,0,0,0,0,0,0
390732,1,1,0,0,0,0,0,0,0,0,0,0
390732,2,1,0,0,0,0,0,0,0,0,0,0
390732,3,1,0,0,0,0,0,0,0,0,0,0
390733,1,1,0,0,0,0,0,0,0,0,0,0
390733,2,1,0,15,0,33,0,0,0,0,0,0
390734,1,1,0,0,0,0,0,0,0,0,0,0
390734,2,1,0,0,0,0,0,0,0,0,0,0
390735,0,1,0,0,0,0,0,0,0,0,0,0
390735,1,1,0,0,0,0,0,0,0,0,0,0
390736,1,1,0,0,0,0,0,0,0,0,0,0
390736,2,1,0,0,0,0,0,0,0,0,0,0
390737,0,1,0,0,0,0,0,0,0,0,0,0
390737,1,1,0,0,0,0,0,0,0,0,0,0
390737,2,1,0,0,0,0,0,0,0,0,11,0
390738,1,1,0,0,0,0,0,0,0,0,0,0
390738,2,1,0,0,0,0,0,0,0,0,0,0
390739,1,1,0,0,0,24,0,0,0,0,0,13
390740,1,1,0,0,0,0,0,0,0,0,0,0
390740,2,1,0,0,0,0,0,0,0,0,0,0
390740,3,1,0,14,0,0,0,0,0,0,0,0
390741,1,1,0,0,0,0,0,0,0,0,0,0
390741,2,1,0,0,16,0,0,0,0,0,0,0
390742,1,1,0,0,0,0,0,0,0,0,0,0
390743,1,1,2,2,2,2,2,2,2,2,2,2
390744,0,1,22,22,22,22,22,22,22,22,22,22
390744,1,1,0,12,14,0,0,0,0,0,16,14
390745,1,1,0,0,0,0,0,0,0,0,0,0
390745,2,1,0,0,0,0,0,0,0,0,0,0
390746,1,1,0,0,0,0,0,0,0,0,0,0
390747,1,1,0,0,0,0,0,0,0,0,0,0
390747,2,1,1,1,1,1,1,1,1,1,1,1
390747,3,1,0,0,0,0,0,0,0,0,0,0
390748,0,1,28,28,28,28,28,28,28,28,28,28
390748,1,1,0,0,0,0,0,0,0,0,0,0
390749,1,1,0,0,0,0,0,0,0,0,0,0
390750,1,1,0,0,0,0,0,0,0,0,0,0
390751,1,1,0,0,0,0,0,40,0,12,0,0
390751,2,1,0,0,0,0,0,0,0,0,0,0
390752,1,1,0,0,0,0,0,0,0,0,0,0
390752,2,1,0,0,0,0,0,0,0,0,0,0
390753,1,1,0,0,0,0,0,0,0,0,0,0
390754,1,1,0,0,0,0,0,0,0,26,2,0
390754,2,1,0,0,0,0,0,0,0,0,0,0
390755,1,1,5,5,5,5,5,5,5,5,5,5
390755,2,1,0,4,0,0,0,0,0,0,0,0
390756,1,1,0,0,0,0,0,0,0,0,0,0
390757,1,1,0,0,0,0,0,0,0,0,0,0
390757,2,1,0,0,0,0,0,0,0,0,0,0
390758,1,1,14,14,14,14,14,14,14,14,14,14
390758,2,1,0,0,0,0,0,14,21,0,0,0
390759,1,1,0,0,0,0,0,0,0,0,0,0
390759,2,1,0,0,9,0,0,0,0,0,0,0
390759,3,1,0,0,0,0,0,0,0,0,0,0
390760,1,1,19,19,19,19,19,19,19,19,19,19
390761,1,1,36,36,36,36,36,36,36,36,36,36
390761,2,1,0,0,0,0,0,0,0,0,0,0
390762,1,1,0,0,0,0,0,0,0,0,0,0
390762,2,1,0,0,0,0,0,0,0,0,0,0
390763,1,1,0,0,0,0,0,0,0,0,0,0
390764,1,1,0,0,0,0,5,0,0,17,0,0
390765,1,1,0,0,0,0,0,0,0,0,0,0
390765,2,1,0,0,0,0,0,0,0,0,0,0
390766,1,1,0,0,0,0,0,0,0,0,0,0
390766,2,1,0,0,0,0,0,0,0,0,0,0
390766,3,1,0,0,0,0,0,0,0,0,0,0
390766,4,1,0,0,0,20,0,0,0,0,0,0
390767,0,1,0,0,0,0,0,0,0,0,0,0
390767,1,1,0,0,0,0,0,0,0,0,0,0
390768,1,1,0,0,0,0,0,0,0,0,0,0
390769,1,1,7,14,10,0,19,14,15,8,11,8
390770,1,1,0,0,0,0,0,0,0,0,0,0
390770,2,1,0,0,0,0,0,0,0,0,7,0
390771,1,1,13,13,13,13,13,13,13,13,13,13
390772,0,1,20,20,20,20,20,20,20,20,20,20
390772,1,1,0,0,0,0,0,0,0,0,0,0
390773,1,1,21,21,21,21,21,21,21,21,21,21
390774,1,1,0,0,0,0,0,0,0,0,0,0
390774,2,1,0,0,0,0,0,0,0,0,0,0
390775,1,1,0,0,0,0,0,0,0,0,0,0
390775,2,1,0,0,0,0,0,0,0,0,0,0
390775,3,1,14,21,0,0,0,0,0,16,0,0
390776,1,1,0,0,0,0,0,0,0,0,0,0
390777,1,1,0,0,0,0,0,0,0,0,0,0
390777,2,1,0,0,0,0,0,0,0,0,0,0
390778,1,1,0,0,0,0,0,0,0,0,0,0
390778,2,1,0,14,0,0,0,0,0,0,0,0
390779,0,1,0,0,0,0,0,0,0,0,0,0
390779,1,1,0,0,0,0,0,0,0,0,0,0
390780,1,1,0,0,0,0,0,0,0,0,0,0
390780,2,1,0,0,0,0,0,0,0,0,0,0
390781,1,1,0,0,0,0,0,0,0,0,0,0
390781,2,1,0,0,0,0,4,0,0,0,0,0
390782,1,1,0,0,0,0,0,0,0,0,0,0
390782,2,1,0,0,0,0,0,0,0,0,0,0
390783,1,1,0,0,0,0,0,0,0,0,0,0
390784,1,1,0,0,0,0,0,0,0,0,0,0
390784,2,1,0,0,0,0,0,0,0,0,0,0