ST_CASE,VEH_NO,PER_NO,P1,P2,P3,P4,P5,P6,P7,P8,P9,P10
400363,0,1,31,44,33,0,31,25,0,0,0,31
400363,1,1,26,26,26,26,26,26,26,26,26,26
400364,0,1,4,4,4,4,4,4,4,4,4,4
400364,1,1,0,0,0,0,0,0,0,0,0,0
400365,1,1,0,0,0,0,0,0,0,0,0,0
400366,1,1,0,0,0,0,0,0,0,0,0,0
400366,2,1,0,0,0,0,0,0,0,0,0,0
400367,1,1,0,0,0,0,0,0,9,0,0,0
400368,1,1,0,0,9,0,0,0,0,0,0,0
400368,2,1,0,15,0,0,0,6,0,0,0,0
400369,1,1,0,0,0,0,0,0,0,0,0,0
400369,2,1,0,0,0,0,0,0,0,0,0,0
400370,1,1,0,0,0,0,0,0,0,0,0,0
400370,2,1,0,0,0,0,0,0,0,0,0,0
400370,3,1,0,0,0,0,0,0,0,0,0,0
400371,1,1,0,0,0,0,0,0,0,0,0,0
400371,2,1,0,0,0,0,0,0,0,0,0,0
400372,1,1,0,0,0,0,0,0,0,0,0,0
400373,1,1,0,0,0,0,0,0,0,0,0,0
400373,2,1,0,0,0,0,0,0,0,0,0,0
400374,1,1,0,0,0,0,0,0,0,0,0,0
400374,2,1,0,0,0,0,0,0,0,0,0,16
400375,1,1,33,33,33,33,33,33,33,33,33,33
400375,2,1,0,0,0,0,0,0,0,0,0,0
400376,1,1,0,0,0,0,0,0,0,0,0,0
400376,2,1,0,14,0,21,0,0,0,0,0,6
400377,0,1,12,12,12,12,12,12,12,12,12,12
400377,0,2,0,0,0,0,22,0,0,0,0,12
400377,1,1,0,0,0,0,0,0,0,0,0,0
400378,1,1,0,0,0,0,0,0,0,0,0,0
400379,1,1,0,0,0,0,0,0,0,0,0,0
400380,1,1,0,0,0,0,0,0,0,0,0,0
400380,2,1,0,0,0,0,0,0,0,0,0,0
400380,3,1,0,0,0,0,0,0,0,0,0,0
400380,4,1,0,0,0,0,0,0,0,0,0,0
400380,5,1,0,0,0,0,0,0,0,0,0,0
400380,6,1,0,0,0,0,0,0,0,0,0,0
400381,1,1,0,0,0,0,0,0,0,0,0,0
400382,1,1,30,30,30,30,30,30,30,30,30,30
400382,2,1,0,0,0,0,0,0,0,0,0,0
400383,1,1,19,19,19,19,19,19,19,19,19,19
400384,0,1,0,0,0,0,0,0,0,0,0,0
400384,1,1,0,12,0,0,0,0,0,0,0,0
400385,0,1,35,35,35,35,35,35,35,35,35,35
400385,1,1,0,0,0,23,21,0,0,0,0,0
400385,2,1,0,18,0,15,0,8,17,10,9,0
400386,1,1,0,0,0,0,0,0,0,0,0,0
400387,0,1,0,0,0,0,0,0,0,0,0,0
400387,1,1,0,0,0,0,0,0,0,0,0,0
400389,1,1,0,0,0,0,0,0,0,0,0,0
400390,1,1,0,0,0,0,0,0,0,0,0,0
400391,1,1,0,0,0,0,0,0,0,0,0,0
400391,2,1,0,0,0,0,0,0,0,0,0,0
400392,0,1,31,10,20,22,0,0,0,19,0,0
400392,1,1,0,0,0,0,0,0,0,0,0,0
400393,1,1,2,2,2,2,2,2,2,2,2,2
400394,1,1,0,0,0,0,0,0,0,0,0,0
400394,2,1,0,0,0,0,0,0,0,0,0,0
400395,1,1,0,0,0,0,0,0,0,0,0,0
400396,1,1,0,0,0,0,0,0,0,0,0,0
400396,2,1,0,0,0,0,0,0,0,0,0,14
400397,1,1,0,0,0,0,0,0,0,0,0,0
400397,2,1,5,0,0,0,0,0,0,0,0,0
400398,1,1,0,0,0,0,0,0,0,0,0,0
400398,2,1,0,0,0,0,0,0,0,0,0,0
400399,1,1,0,0,0,0,0,0,0,0,0,0
400399,2,1,0,0,0,0,0,0,0,0,0,0
400400,1,1,0,0,0,0,0,0,0,0,0,0
400400,2,1,0,0,0,0,0,0,0,0,0,0
400401,1,1,19,19,19,19,19,19,19,19,19,19
400402,1,1,0,0,0,0,0,0,0,0,0,0
400402,2,1,0,0,0,0,0,0,0,0,0,0
400403,1,1,25,25,25,25,25,25,25,25,25,25
400403,2,1,0,38,0,0,0,0,0,0,0,0
400404,1,1,0,0,0,0,0,0,0,0,0,0
400404,2,1,0,0,0,0,0,0,0,0,0,0
400405,1,1,0,0,0,0,0,0,0,0,0,0
400406,0,1,17,17,17,17,17,17,17,17,17,17
400406,1,1,0,0,0,0,0,0,0,0,0,0
400407,1,1,7,0,0,0,0,0,0,0,0,0
400407,2,1,0,0,0,0,0,0,0,0,0,0
400408,1,1,0,0,0,0,0,0,0,0,0,0
400409,1,1,0,0,0,0,0,0,0,0,0,0
400410,1,1,0,0,0,0,0,0,0,0,0,0
400410,2,1,0,0,0,0,0,0,0,0,0,0
400411,1,1,0,0,0,0,0,0,0,0,0,0
400411,2,1,0,0,0,0,0,0,0,0,24,0
400412,1,1,0,0,0,0,0,0,0,0,0,0
400412,2,1,0,0,0,0,0,0,0,0,0,0
400413,1,1,0,0,0,0,0,0,0,0,0,0
400414,1,1,21,21,21,21,21,21,21,21,21,21
400415,1,1,0,0,0,0,0,0,0,0,0,0
400415,2,1,0,0,0,0,0,0,0,0,0,0
400416,0,1,0,0,0,0,0,0,0,0,0,0
400416,1,1,0,0,0,0,0,0,0,0,0,0
400417,1,1,0,0,0,0,0,0,0,0,0,0
400418,1,1,0,0,0,0,0,0,0,0,0,0
400418,2,1,0,0,0,0,0,0,0,0,0,0
400419,1,1,0,0,0,0,0,0,0,0,0,0
400419,2,1,0,0,0,0,0,0,0,0,0,0
400420,1,1,0,0,0,0,0,0,0,0,0,0
400420,2,1,0,0,0,0,0,0,0,0,0,0
400421,1,1,0,0,0,0,0,0,0,0,0,0
400422,1,1,47,47,47,47,47,47,47,47,47,47
400422,2,1,0,0,0,0,0,0,0,0,0,0
400423,1,1,0,0,0,0,0,0,0,0,0,0
400423,2,1,0,0,0,0,0,0,0,0,0,0
400424,1,1,0,0,0,0,0,0,0,0,0,0
400424,2,1,0,0,0,0,0,0,0,0,0,0
400426,1,1,0,0,0,0,0,0,0,0,0,0
400426,2,1,0,0,0,0,0,0,0,0,0,0
400427,1,1,15,15,15,15,15,15,15,15,15,15
400428,1,1,0,0,0,0,0,0,0,7,0,0
400428,2,1,0,0,0,0,0,0,0,0,0,0
400429,1,1,0,0,0,0,0,0,0,0,0,0
400429,2,1,0,0,0,0,0,0,0,5,25,0
400430,1,1,6,6,6,6,6,6,6,6,6,6
400430,2,1,0,0,0,0,0,0,0,0,0,0
400431,1,1,0,0,0,0,0,0,0,0,0,0
400431,2,1,0,0,0,0,0,0,0,0,0,0
400432,1,1,7,7,7,7,7,7,7,7,7,7
400433,1,1,0,0,0,0,0,0,0,0,0,0
400434,1,1,26,26,26,26,26,26,26,26,26,26
400435,1,1,0,0,0,0,0,0,0,0,0,0
400435,2,1,0,0,0,0,0,0,0,0,12,0
400436,0,1,11,10,10,25,15,26,7,10,15,31
400436,1,1,0,0,0,0,0,0,0,0,0,25
400437,1,1,0,0,0,0,0,0,0,0,0,0
400437,2,1,0,0,0,0,0,0,0,0,0,0
400438,1,1,11,11,11,11,11,11,11,11,11,11
400438,2,1,0,0,0,0,0,0,0,0,0,0
400439,1,1,28,28,28,28,28,28,28,28,28,28
400439,2,1,0,0,0,0,21,0,0,0,0,0
400440,0,1,0,0,0,0,0,0,0,0,0,0
400440,1,1,0,0,0,0,0,0,0,0,0,0
400441,1,1,0,0,0,0,0,0,0,0,0,0
400441,2,1,0,0,0,0,0,0,0,0,0,0
400442,1,1,0,0,0,0,0,0,0,0,0,0
400442,2,1,0,0,0,0,0,0,0,0,0,0
400443,1,1,0,0,0,0,0,0,0,0,0,0
400443,2,1,0,0,0,0,0,0,0,0,0,0
400443,3,1,0,0,0,0,0,0,0,0,19,0
400444,1,1,28,28,28,28,28,28,28,28,28,28
400444,2,1,0,0,0,0,0,0,0,0,0,0
400445,1,1,0,0,0,0,0,0,0,0,0,0
400446,1,1,0,0,0,0,0,0,0,0,0,0
400446,2,1,0,0,0,0,0,0,0,0,0,0
400447,0,1,0,0,0,0,0,0,0,0,0,0
400447,1,1,0,0,0,0,0,0,0,0,0,0
400448,1,1,0,0,7,0,0,0,0,0,0,0
400448,2,1,0,0,0,0,3,0,0,0,0,0
400449,1,1,20,20,20,20,20,20,20,20,20,20
400450,1,1,0,0,0,0,0,0,0,0,0,0
400450,2,1,0,0,0,0,0,0,0,0,0,0
400450,3,1,0,0,0,0,0,0,0,0,0,0
400451,1,1,0,12,0,0,0,0,0,0,0,0
400452,0,1,0,0,0,0,0,0,0,0,0,0
400452,1,1,0,0,0,0,0,0,0,0,0,0
400453,0,1,0,0,0,0,0,0,0,0,0,0
400453,1,1,0,0,0,0,0,0,0,0,0,0
400454,1,1,29,29,29,29,29,29,29,29,29,29
400455,1,1,0,18,0,0,0,0,7,0,0,0
400456,1,1,0,0,0,0,0,0,0,0,0,0
400456,2,1,0,0,0,0,0,0,0,0,0,0
400456,3,1,0,0,0,0,0,0,0,0,0,18
400456,4,1,0,0,0,0,0,0,0,0,0,0
400456,5,1,6,0,0,21,0,0,0,0,0,0
400457,1,1,0,22,5,0,0,0,0,0,0,0
400458,0,1,0,0,0,0,0,0,0,0,0,0
400458,1,1,0,0,0,0,0,0,0,0,0,0
400459,0,1,0,0,0,0,0,0,0,0,0,0
400459,1,1,0,0,0,0,0,0,0,0,0,0
400460,1,1,0,0,0,0,0,0,0,0,0,0
400460,2,1,0,0,0,0,0,0,0,0,0,0
400461,1,1,23,23,23,23,23,23,23,23,23,23
400461,2,1,5,5,5,5,5,5,5,5,5,5
400462,1,1,0,0,0,0,0,0,0,0,0,0
400463,1,1,0,0,0,0,0,0,0,0,0,0
400463,2,1,0,0,0,0,0,0,0,0,0,0
400464,1,1,24,24,24,24,24,24,24,24,24,24
400465,1,1,0,0,0,0,0,0,0,0,0,0
400465,2,1,0,0,0,0,0,0,0,0,0,0
400465,3,1,0,0,0,0,0,7,0,0,0,0
400466,1,1,0,0,0,0,0,0,0,0,0,0
400466,2,1,0,0,0,0,0,0,0,0,0,0
400467,1,1,0,0,0,15,0,0,0,0,16,0
400467,2,1,0,0,0,0,0,0,0,0,0,0
400468,1,1,0,0,0,0,0,0,0,0,0,0
400468,2,1,0,0,0,0,0,0,0,0,0,0
400469,1,1,0,0,0,0,0,0,0,0,0,0
400469,2,1,0,0,0,0,0,0,0,0,0,0
400470,1,1,0,0,0,0,0,0,0,0,0,0
400470,2,1,20,20,20,20,20,20,20,20,20,20
400471,1,1,0,0,0,0,0,0,0,0,0,0
400472,1,1,0,0,0,0,0,0,0,0,0,0
400472,2,1,0,0,0,0,0,0,0,0,0,0
400473,1,1,0,0,0,0,0,0,0,0,0,0
400473,2,1,0,0,0,6,6,0,0,19,0,0
400474,1,1,0,0,0,4,0,0,0,0,0,0
400474,2,1,32,0,0,20,0,28,0,12,0,14
400475,0,1,0,0,0,0,0,0,0,0,0,0
400475,1,1,0,0,0,0,0,0,0,0,0,0
400476,1,1,0,0,0,0,0,0,0,0,0,0
400476,2,1,0,0,0,0,0,0,0,0,33,0
400477,1,1,0,0,0,0,0,0,0,0,0,0
400477,2,1,0,0,0,0,0,0,0,0,0,0
400478,1,1,0,0,0,0,0,0,0,0,0,0
400479,1,1,0,0,0,0,0,0,2,0,0,15
400480,1,1,22,22,22,22,22,22,22,22,22,22
400481,1,1,18,18,18,18,18,18,18,18,18,18
400482,1,1,0,0,0,0,0,0,0,0,0,0
400482,2,1,0,0,0,0,0,0,0,0,0,0
400483,1,1,0,0,0,0,0,0,0,0,0,0
400483,2,1,0,0,0,0,0,0,0,0,0,0
400484,1,1,0,0,0,0,0,0,0,0,0,0
400484,2,1,0,0,0,0,0,0,0,0,0,0
400485,1,1,18,18,18,18,18,18,18,18,18,18
400486,1,1,0,0,0,0,0,0,0,0,0,0
400486,2,1,0,0,0,0,0,0,0,0,0,0
400487,1,1,0,0,0,0,0,0,0,0,0,0
400487,2,1,0,0,0,0,0,0,0,0,7,0
400487,3,1,0,0,0,0,0,0,0,0,0,0
400487,4,1,0,0,0,0,0,6,0,0,12,0
400487,5,1,0,0,0,0,0,0,0,0,0,0
400488,1,1,0,0,0,0,0,0,0,0,0,0
400488,2,1,0,0,0,0,0,0,0,0,0,0
400488,3,1,0,0,0,0,0,0,0,0,0,0
400488,4,1,0,0,0,0,0,0,0,0,0,0
400489,0,1,0,0,0,0,0,0,0,0,0,0
400489,1,1,0,0,0,0,0,0,0,0,0,0
400490,1,1,34,34,34,34,34,34,34,34,34,34
400491,1,1,0,0,0,0,0,0,0,0,0,0
400491,2,1,0,0,0,0,0,0,0,0,0,0
400491,3,1,0,0,0,0,0,0,0,0,0,0
400492,1,1,0,0,0,0,0,0,0,0,0,0
400492,2,1,0,0,0,0,0,0,0,0,0,0
400493,1,1,0,0,0,0,0,0,0,0,0,0
400493,2,1,0,0,0,0,0,0,0,0,0,0
400494,1,1,0,0,0,0,0,0,0,0,0,0
400495,0,1,0,20,0,0,5,0,0,10,3,19
400495,1,1,0,0,7,0,0,0,0,0,0,0
400496,1,1,0,0,0,0,0,0,0,14,0,0
400497,1,1,0,0,0,0,0,0,0,0,0,0
400498,1,1,19,19,19,19,19,19,19,19,19,19
400498,2,1,0,0,0,0,0,0,0,0,0,0
400499,1,1,0,0,0,0,0,0,0,0,0,0
400499,2,1,0,0,0,0,7,0,0,0,0,12
400500,1,1,0,0,0,0,0,0,0,0,0,7
400500,2,1,0,0,0,0,0,0,0,9,0,0
400501,1,1,0,0,0,0,0,0,0,0,0,0
400502,1,1,0,0,0,0,0,0,0,0,0,0
400502,2,1,0,0,0,0,0,0,0,0,0,0
400503,1,1,0,0,0,0,0,0,0,0,0,0
400503,2,1,0,0,0,0,0,0,0,0,0,0
400503,3,1,0,0,0,0,0,0,0,0,0,0
400504,1,1,0,0,0,0,0,0,0,0,0,0
400505,1,1,0,0,0,0,0,0,0,0,0,0
400505,2,1,0,0,0,0,0,0,11,0,0,0
400506,1,1,6,6,6,6,6,6,6,6,6,6
400506,2,1,0,0,0,0,0,0,0,0,0,0
400506,3,1,6,17,0,0,0,0,0,0,20,0
400507,1,1,0,0,0,0,0,0,0,0,0,0
400508,1,1,23,23,23,23,23,23,23,23,23,23
400508,2,1,0,0,0,0,0,0,0,0,0,0
400509,0,1,0,0,0,0,0,0,0,0,0,0
400509,1,1,4,11,36,10,12,27,16,5,22,21
400510,1,1,33,33,33,33,33,33,33,33,33,33
400511,1,1,13,19,0,16,17,0,0,27,0,0
400512,1,1,0,0,0,0,0,0,0,0,0,0
400512,2,1,0,0,0,6,0,0,0,0,0,0
400512,3,1,0,0,0,0,0,0,0,0,0,0
400513,1,1,30,30,30,30,30,30,30,30,30,30
400514,0,1,22,22,22,22,22,22,22,22,22,22
400514,1,1,0,0,0,0,0,0,0,0,0,0
400516,1,1,26,26,26,26,26,26,26,26,26,26
400516,2,1,0,0,0,0,0,16,0,0,0,0
400517,1,1,28,28,28,28,28,28,28,28,28,28
400518,1,1,0,0,0,0,0,0,0,0,0,0
400518,2,1,0,0,0,0,0,0,0,0,0,0
400519,0,1,0,0,0,0,0,0,0,0,0,0
400519,1,1,0,0,0,0,0,0,0,0,0,0
400520,1,1,23,23,23,23,23,23,23,23,23,23
400521,1,1,12,12,12,12,12,12,12,12,12,12
400521,2,1,0,0,0,0,0,0,0,0,0,0
400522,1,1,0,0,0,0,0,0,0,0,0,0
400522,2,1,0,0,0,0,0,0,0,0,0,0
400523,1,1,6,6,6,6,6,6,6,6,6,6
400524,1,1,7,7,7,7,7,7,7,7,7,7
400525,0,1,0,0,0,0,0,0,0,0,0,0
400525,1,1,0,0,0,0,0,0,0,0,0,0
400526,1,1,0,18,0,0,0,0,0,0,0,10
400526,2,1,0,0,0,0,0,0,0,0,0,0
400527,1,1,0,0,0,0,0,0,0,0,0,0
400527,2,1,7,0,0,0,9,0,0,0,0,0
400528,1,1,0,0,0,0,0,0,0,0,0,0
400528,2,1,0,0,0,0,0,0,0,0,0,0
400529,1,1,0,0,0,0,0,0,0,0,0,0
400529,2,1,0,0,0,0,0,0,0,0,0,0
400530,1,1,0,0,0,0,0,0,3,0,0,0
400530,2,1,0,0,0,0,0,0,0,0,0,0
400530,3,1,0,0,0,0,0,0,0,0,0,0
400531,1,1,21,21,21,21,21,21,21,21,21,21
400532,0,1,45,45,45,45,45,45,45,45,45,45
400532,1,1,0,0,0,0,0,0,0,0,0,0
400533,1,1,19,19,19,19,19,19,19,19,19,19
400534,0,1,0,0,0,0,0,0,0,0,0,0
400534,1,1,0,0,0,0,0,0,0,0,0,0
400535,1,1,0,0,0,0,0,0,0,0,0,0
400535,2,1,7,7,7,7,7,7,7,7,7,7
400536,1,1,0,0,0,0,0,0,0,0,0,0
400536,2,1,0,0,0,0,0,0,0,0,0,0
400537,1,1,0,0,0,0,0,0,0,0,0,0
400538,1,1,0,0,0,0,0,0,0,0,0,0
400538,2,1,0,0,0,0,0,0,0,0,0,0
400539,0,1,0,0,0,0,0,0,0,0,0,0
400539,1,1,0,0,0,0,0,0,0,0,0,0
400540,1,1,0,0,0,0,0,0,0,0,0,0
400540,2,1,0,0,0,0,0,0,0,0,0,0
400541,0,1,0,0,0,0,0,0,0,0,0,0
400541,1,1,0,0,0,0,0,0,0,0,0,0
400542,0,1,0,0,0,0,0,0,0,0,0,0
400542,1,1,0,0,0,0,0,0,0,0,0,0
400543,1,1,0,0,0,0,0,0,0,0,0,0
400543,2,1,0,0,0,0,0,0,0,0,0,0
400544,0,1,0,0,0,0,0,0,0,0,0,0
400544,1,1,0,0,0,0,0,0,27,0,0,6
400545,1,1,0,0,0,0,0,0,0,0,0,0
400545,2,1,0,0,0,0,0,0,0,0,0,0
400545,3,1,0,0,0,0,0,0,0,0,0,0
400545,4,1,0,0,0,0,0,0,0,0,0,0
400547,1,1,0,0,0,0,0,0,0,0,0,0
400548,0,1,0,0,0,0,0,0,0,0,0,0
400548,1,1,22,23,0,16,14,9,27,18,0,10
400549,1,1,0,0,0,0,0,0,0,0,0,0
400549,2,1,0,0,0,0,0,0,0,0,0,0
400550,0,1,11,0,0,25,0,0,12,0,18,20
400550,1,1,0,0,0,0,25,21,0,0,19,0
400551,1,1,0,0,0,0,0,0,0,0,0,0
400551,2,1,0,0,0,8,0,0,0,0,0,0
400551,3,1,0,0,0,0,0,0,0,0,0,0
400552,1,1,0,0,0,0,0,0,0,0,0,0
400553,1,1,0,0,0,0,0,0,0,0,0,0
400553,2,1,13,13,13,13,13,13,13,13,13,13
400554,1,1,0,0,0,0,0,0,0,0,0,0
400554,2,1,0,0,0,0,0,0,0,24,0,0
400554,3,1,0,0,0,0,0,0,0,0,0,0
400554,4,1,0,0,0,17,0,0,0,0,0,0
400555,1,1,0,0,0,0,0,0,0,0,0,0
400555,2,1,0,0,0,0,0,0,0,0,0,0
400556,1,1,0,0,0,0,0,0,0,0,0,0
400556,2,1,0,0,0,0,0,0,0,0,0,0
400557,1,1,0,0,0,0,0,0,0,0,0,0
400557,2,1,0,0,0,0,0,0,0,0,0,0
400559,1,1,19,19,19,19,19,19,19,19,19,19
400560,1,1,0,0,0,0,0,0,0,0,0,0
400560,2,1,28,28,28,28,28,28,28,28,28,28
400561,1,1,0,0,0,0,0,0,0,0,0,0
400562,0,1,27,27,27,27,27,27,27,27,27,27
400562,1,1,19,6,31,0,0,0,0,0,17,12
400562,2,1,0,0,0,0,0,0,0,0,0,5
400562,3,1,0,0,6,28,0,33,13,8,0,0
400563,1,1,0,0,0,0,0,0,0,10,0,0
400563,2,1,0,0,0,0,0,0,0,0,0,0
400564,1,1,0,0,0,0,0,0,0,0,0,0
400565,1,1,25,25,25,25,25,25,25,25,25,25
400566,1,1,0,0,0,0,0,0,0,0,0,0
400566,2,1,0,0,0,7,0,21,0,0,0,0
400567,1,1,0,0,0,0,0,0,0,0,0,0
400567,2,1,0,0,25,0,0,0,0,0,0,0
400568,1,1,14,14,14,14,14,14,14,14,14,14
400569,0,1,29,29,29,29,29,29,29,29,29,29
400569,1,1,0,0,0,0,0,0,0,0,0,0
400570,1,1,0,0,0,0,0,0,0,0,0,0
400570,2,1,0,0,0,0,0,0,0,0,0,0
400571,1,1,0,0,0,0,0,0,0,0,0,0
400571,2,1,0,0,0,0,0,0,0,0,0,0
400572,1,1,0,0,0,0,0,0,0,0,0,0
400573,1,1,14,14,14,14,14,14,14,14,14,14
400574,1,1,0,0,0,0,0,0,0,0,0,0
400575,1,1,0,0,0,0,0,0,0,0,0,0
400576,1,1,22,22,22,22,22,22,22,22,22,22
400577,1,1,0,0,0,0,0,0,0,0,0,0
400577,2,1,0,0,0,0,0,0,0,0,0,0
400578,1,1,0,0,0,0,0,0,0,0,0,0
400578,2,1,9,0,0,0,0,0,0,0,0,0
400579,1,1,0,0,0,0,0,0,0,0,0,0
400579,2,1,0,0,0,0,0,0,0,0,0,0
400580,1,1,0,0,0,0,0,0,0,0,0,0
400580,2,1,0,0,0,0,0,0,0,0,0,0
400581,1,1,0,0,0,0,0,0,0,0,0,0
400581,2,1,0,0,0,0,0,0,0,0,0,0
400582,1,1,0,0,0,0,0,0,0,0,0,0
400582,2,1,0,0,0,0,0,0,0,0,0,0
400583,1,1,0,0,0,0,0,0,0,0,0,0
400583,2,1,0,0,0,0,0,0,0,0,0,0
400584,1,1,0,0,0,0,0,0,0,0,0,0
400584,2,1,0,0,0,0,0,0,0,0,0,0
400585,1,1,0,0,0,0,0,0,0,0,0,0
400585,2,1,0,0,0,0,0,0,0,0,0,0
400586,1,1,0,0,0,0,0,0,0,0,0,13
400586,2,1,0,0,0,0,0,0,0,0,0,0
400587,1,1,0,0,0,0,0,0,0,0,0,0
400588,0,1,33,33,33,33,33,33,33,33,33,33
400588,1,1,0,0,0,0,0,0,0,0,0,0
400589,1,1,0,0,0,0,0,0,0,0,0,0
400590,1,1,0,0,0,0,0,0,0,0,0,0
400590,2,1,0,0,15,0,0,0,0,0,0,0
400591,1,1,14,9,11,19,16,18,9,39,9,28
400592,1,1,7,7,7,7,7,7,7,7,7,7
400593,1,1,0,0,0,0,0,0,0,0,0,0
400593,2,1,0,0,0,0,0,0,33,0,0,0
400594,1,1,0,0,0,0,0,0,0,0,0,0
400594,2,1,0,0,0,0,0,0,0,0,0,0
400595,1,1,0,0,0,0,0,0,0,0,0,0
400596,1,1,0,0,0,0,0,0,0,0,0,0
400597,1,1,0,0,0,0,0,0,0,0,0,0
400597,2,1,0,0,0,0,0,0,0,0,0,0
400598,0,1,25,25,25,25,25,25,25,25,25,25
400598,1,1,0,0,0,25,0,0,0,0,0,0
400599,0,1,0,0,0,0,0,0,0,0,0,0
400599,1,1,0,0,0,0,0,0,0,0,0,0
400600,0,1,0,0,0,0,0,0,0,0,0,0
400600,1,1,0,0,0,0,0,0,0,0,0,0
400601,1,1,0,0,0,0,0,0,0,0,0,0
400601,2,1,0,20,0,0,0,0,0,0,0,0
400602,1,1,0,0,0,0,0,0,0,0,0,0
400602,2,1,0,0,0,0,0,0,0,0,0,0
400603,1,1,0,0,0,23,0,0,31,8,15,17
400604,1,1,10,10,10,10,10,10,10,10,10,10
400605,1,1,15,15,15,15,15,15,15,15,15,15
400606,1,1,0,0,0,0,0,0,0,0,0,0
400607,0,1,0,0,0,0,0,0,0,0,0,0
400607,1,1,0,0,0,0,0,0,0,0,0,0
400608,1,1,0,0,0,0,0,0,0,0,0,0
400608,2,1,0,0,0,0,0,0,0,0,0,0
410001,1,1,21,21,21,21,21,21,21,21,21,21
410002,0,1,2,2,2,2,2,2,2,2,2,2
410002,1,1,0,0,0,0,0,0,0,0,0,0
410003,1,1,0,0,0,0,0,0,0,0,0,0
410003,2,1,0,0,0,0,0,0,0,0,0,0
410004,1,1,0,27,0,22,0,0,0,0,0,0
410005,1,1,0,0,0,0,16,0,0,0,0,0
410005,2,1,0,0,0,0,0,0,0,0,0,0
410006,0,1,0,0,0,0,0,0,0,0,0,0
410006,1,1,31,31,31,31,31,31,31,31,31,31
410007,0,1,0,0,0,0,0,0,0,0,0,0
410007,1,1,0,0,0,7,0,0,0,0,23,0
410008,1,1,0,0,0,0,0,0,0,0,0,0
410009,0,1,21,21,21,21,21,21,21,21,21,21
410009,1,1,0,0,10,14,0,0,0,0,0,0
410010,1,1,0,0,0,27,13,0,29,3,9,0
410011,1,1,24,24,24,24,24,24,24,24,24,24
410012,0,1,0,0,0,0,0,0,0,0,0,0
410012,1,1,0,0,0,0,0,0,0,0,0,0
410013,1,1,21,21,21,21,21,21,21,21,21,21
410014,1,1,0,0,0,0,0,0,0,0,0,0
410014,2,1,0,0,0,0,0,0,0,0,0,0
410015,0,1,31,7,25,0,11,18,23,15,12,28
410015,1,1,8,0,0,0,0,15,0,0,0,0
410016,1,1,0,0,0,0,0,0,0,0,0,0
410016,2,1,0,0,0,0,0,0,0,0,0,0
410017,1,1,0,0,0,0,29,14,24,0,0,0
410019,1,1,0,0,0,0,0,0,0,0,0,0
410019,2,1,0,0,0,11,0,0,0,0,0,0
410020,1,1,0,0,0,0,0,10,0,0,16,0
410020,2,1,0,0,0,0,0,0,0,0,0,0
410020,3,1,0,12,0,0,0,0,0,0,0,0
410021,0,1,0,0,0,23,0,0,0,0,0,25
410021,1,1,0,0,0,0,0,0,0,0,0,0
410022,0,1,0,0,0,0,0,0,0,0,0,0
410022,1,1,0,0,0,0,0,0,0,0,0,0
410023,1,1,0,0,0,0,0,0,0,0,0,0
410023,2,1,0,0,0,0,0,0,0,6,0,0
410024,1,1,0,0,0,0,0,0,0,0,0,0
410024,2,1,0,0,0,0,0,0,0,0,15,0
410025,1,1,0,0,0,0,0,0,0,0,0,0
410025,2,1,0,0,0,0,0,0,0,0,0,0
410026,1,1,0,0,0,0,0,7,0,0,0,0
410026,2,1,0,0,0,0,0,0,0,0,0,0
410026,3,1,0,0,0,0,0,0,0,0,0,0
410027,1,1,0,0,0,0,0,0,0,0,0,0
410027,2,1,0,0,0,0,0,0,0,0,0,0
410028,1,1,4,4,4,4,4,4,4,4,4,4
410028,2,1,0,0,0,0,0,0,0,0,0,0
410029,1,1,0,0,0,0,0,0,0,0,0,0
410030,0,1,34,0,0,0,0,0,0,19,0,13
410030,1,1,0,12,9,0,0,0,16,0,14,35
410031,1,1,0,0,34,0,23,0,0,0,2,34
410032,1,1,22,10,2,3,14,0,0,0,25,0
410032,2,1,0,0,0,12,12,0,0,0,0,0
410032,3,1,0,0,0,0,0,14,0,7,0,12
410033,1,1,18,18,18,18,18,18,18,18,18,18
410034,0,1,0,0,0,0,0,0,0,0,0,0
410034,1,1,0,0,0,0,0,0,0,0,0,0
410035,0,1,28,28,28,28,28,28,28,28,28,28
410035,1,1,0,0,0,0,0,0,0,0,0,0
410036,1,1,0,0,0,0,7,0,0,0,0,0
410037,1,1,0,0,0,0,0,0,0,0,0,0
410037,2,1,0,0,0,0,0,0,0,14,0,0
410038,1,1,20,16,29,12,19,11,29,0,28,26
410039,1,1,16,16,16,16,16,16,16,16,16,16
410039,2,1,0,0,0,0,0,0,10,0,0,0
410040,1,1,0,0,0,0,0,0,0,0,0,0
410040,2,1,0,0,0,0,0,0,0,0,0,0
410041,1,1,0,0,0,0,0,14,0,0,0,0
410042,1,1,0,0,0,0,0,0,0,0,0,0
410043,0,1,18,18,18,18,18,18,18,18,18,18
410043,1,1,0,0,0,0,0,0,0,0,0,0
410045,1,1,0,31,0,0,0,0,0,0,0,0
410045,2,1,0,16,0,0,0,0,14,0,0,0
410045,3,1,0,0,0,0,0,0,0,0,0,0
410045,4,1,0,0,0,0,0,0,0,0,0,0
410045,5,1,0,0,0,0,0,0,0,0,0,0
410045,6,1,0,0,0,0,0,0,0,0,0,0
410046,1,1,0,0,0,10,0,23,13,15,0,0
410047,1,1,10,18,8,7,16,20,31,11,22,10
410048,0,1,0,0,0,0,0,0,0,0,0,0