ST_CASE,VEH_NO,PER_NO,P1,P2,P3,P4,P5,P6,P7,P8,P9,P10
410048,1,1,0,0,0,0,0,0,0,0,0,0
410049,1,1,0,0,0,0,0,0,0,0,3,7
410050,1,1,0,0,0,0,0,0,0,0,0,0
410050,2,1,0,0,0,0,0,0,0,0,0,0
410050,3,1,0,0,0,0,0,0,0,0,0,0
410051,1,1,0,0,0,25,0,0,0,0,0,12
410051,2,1,0,0,0,0,0,0,13,0,0,0
410051,3,1,0,0,26,0,0,0,0,0,0,0
410052,1,1,14,10,14,29,0,16,20,0,25,16
410053,1,1,18,18,18,18,18,18,18,18,18,18
410054,1,1,0,0,0,0,0,0,0,0,0,0
410054,2,1,0,0,0,0,0,0,0,0,0,0
410055,1,1,17,16,25,6,20,15,24,17,5,20
410056,1,1,0,0,0,0,0,0,0,0,0,0
410056,2,1,0,0,0,0,0,0,0,0,0,0
410057,1,1,18,18,18,18,18,18,18,18,18,18
410058,0,1,0,0,0,0,0,0,0,0,0,0
410058,1,1,0,0,0,0,0,0,0,0,0,0
410059,0,1,11,11,11,11,11,11,11,11,11,11
410059,1,1,0,0,0,0,0,0,0,0,16,0
410060,1,1,0,0,0,0,0,0,0,0,0,0
410060,2,1,0,0,0,0,0,0,0,0,0,0
410061,1,1,25,25,25,25,25,25,25,25,25,25
410061,2,1,10,10,10,10,10,10,10,10,10,10
410062,1,1,0,0,0,0,0,0,0,0,0,0
410062,2,1,0,0,0,0,0,0,22,0,0,0
410063,1,1,31,31,31,31,31,31,31,31,31,31
410063,2,1,0,0,0,0,0,0,0,0,0,0
410064,1,1,0,0,18,0,0,0,0,0,0,6
410064,2,1,1,1,1,1,1,1,1,1,1,1
410065,0,1,0,0,0,0,0,0,0,0,0,0
410065,1,1,0,0,24,0,0,0,0,0,0,0
410066,0,1,0,0,0,0,0,0,0,0,0,0
410066,1,1,0,0,0,0,0,0,0,0,0,0
410067,1,1,0,0,0,0,0,0,0,0,0,0
410067,2,1,0,0,0,0,0,0,0,0,0,0
410068,1,1,27,27,27,27,27,27,27,27,27,27
410069,1,1,0,0,0,0,0,0,0,0,0,0
410069,2,1,0,0,0,0,0,0,0,0,0,0
410070,1,1,19,19,19,19,19,19,19,19,19,19
410071,1,1,25,25,25,25,25,25,25,25,25,25
410072,1,1,12,12,12,12,12,12,12,12,12,12
410073,1,1,0,0,0,0,0,0,0,0,0,0
410073,2,1,0,23,0,0,20,0,0,0,0,0
410073,3,1,0,0,0,0,0,0,0,0,0,0
410074,1,1,0,0,0,0,0,0,0,0,0,0
410074,2,1,0,0,0,0,0,0,0,0,0,0
410075,1,1,0,0,0,0,0,0,0,0,0,0
410075,2,1,0,0,0,0,0,0,0,0,0,0
410076,1,1,7,7,7,7,7,7,7,7,7,7
410076,2,1,0,0,6,0,0,0,0,0,0,0
410077,1,1,0,0,0,0,0,0,0,0,0,0
410077,2,1,0,0,0,0,0,0,0,0,0,0
410078,1,1,0,0,0,0,0,0,0,0,0,0
410078,2,1,0,0,0,0,0,0,0,0,0,0
410079,1,1,28,28,28,28,28,28,28,28,28,28
410080,1,1,29,29,29,29,29,29,29,29,29,29
410081,1,1,5,5,5,5,5,5,5,5,5,5
410081,2,1,0,0,0,0,0,0,0,0,0,0
410082,1,1,0,0,0,0,0,0,0,0,0,0
410083,1,1,0,0,0,0,0,0,0,0,0,0
410083,2,1,6,6,6,6,6,6,6,6,6,6
410084,0,1,7,7,7,7,7,7,7,7,7,7
410084,1,1,0,0,0,0,0,0,0,0,0,0
410085,1,1,0,0,0,0,0,0,0,0,0,0
410086,1,1,0,0,0,0,0,0,0,0,0,0
410086,2,1,0,0,0,5,0,0,0,0,0,0
410087,1,1,0,0,0,0,17,0,0,0,0,0
410087,2,1,0,0,0,0,0,0,0,0,0,0
410088,1,1,17,0,0,0,0,0,0,0,0,0
410089,1,1,0,0,0,0,0,0,0,0,0,0
410089,2,1,0,0,0,0,0,0,0,0,0,0
410090,1,1,8,8,8,8,8,8,8,8,8,8
410091,1,1,0,0,0,0,23,0,0,0,23,0
410091,2,1,0,0,0,0,0,0,0,9,0,0
410092,1,1,22,22,22,22,22,22,22,22,22,22
410093,1,1,0,0,0,0,0,0,0,0,0,0
410093,2,1,0,0,0,0,0,0,0,0,0,0
410094,1,1,0,0,0,0,0,0,0,0,0,0
410095,1,1,0,0,0,0,0,0,0,0,0,0
410096,1,1,25,25,25,25,25,25,25,25,25,25
410096,2,1,0,0,0,0,0,0,0,0,0,0
410097,1,1,0,0,0,0,0,0,0,0,0,0
410097,2,1,0,0,0,0,0,0,0,0,0,0
410098,0,1,0,0,0,0,0,0,0,0,0,0
410098,1,1,0,0,0,0,0,0,0,0,0,0
410099,1,1,12,12,12,12,12,12,12,12,12,12
410100,1,1,0,0,0,0,0,0,0,0,0,0
410101,0,1,0,0,0,0,0,0,0,0,0,0
410101,1,1,0,0,0,0,0,0,0,0,0,0
410102,1,1,0,0,0,0,0,15,0,0,0,0
410103,1,1,0,0,0,0,0,0,0,0,0,0
410103,2,1,0,0,0,0,0,0,0,0,0,0
410103,3,1,0,0,0,0,0,0,0,0,0,0
410104,1,1,0,0,0,0,7,28,0,0,0,16
410104,2,1,0,0,0,0,0,0,0,0,0,0
410105,1,1,0,0,0,0,0,0,0,0,0,0
410105,2,1,0,0,0,0,0,0,0,0,0,0
410106,1,1,0,0,11,12,0,0,0,0,0,0
410106,2,1,0,0,0,0,0,0,0,0,0,0
410107,1,1,0,0,0,0,0,0,0,0,0,0
410107,2,1,0,0,0,0,0,0,11,0,0,24
410108,1,1,0,0,0,0,0,0,0,0,0,0
410109,1,1,0,0,0,0,0,0,0,0,0,0
410109,2,1,0,0,0,0,0,0,0,0,0,0
410110,1,1,0,0,0,0,0,0,0,0,0,0
410111,1,1,0,0,0,0,0,0,0,0,0,0
410111,2,1,0,0,0,0,0,0,0,0,0,11
410112,1,1,24,24,24,24,24,24,24,24,24,24
410113,1,1,0,0,0,0,0,0,0,0,0,0
410113,2,1,0,0,0,0,0,0,0,0,0,0
410113,3,1,0,0,0,0,0,0,0,0,17,0
410114,1,1,0,0,0,0,0,0,0,0,0,0
410114,2,1,0,0,0,0,0,0,0,0,0,0
410114,3,1,0,0,0,0,0,0,0,0,0,0
410114,4,1,18,0,0,0,6,0,0,0,0,0
410115,0,1,19,19,19,19,19,19,19,19,19,19
410115,1,1,0,0,0,0,0,0,0,0,0,0
410116,1,1,0,0,0,0,0,0,0,0,0,0
410117,1,1,0,0,0,0,0,0,0,0,0,0
410117,2,1,0,0,0,0,0,0,0,0,0,0
410118,1,1,25,25,25,25,25,25,25,25,25,25
410119,1,1,0,0,0,0,0,0,0,0,0,0
410119,2,1,0,0,0,0,0,0,0,0,0,0
410120,1,1,1,1,1,1,1,1,1,1,1,1
410120,2,1,0,0,0,0,0,0,0,0,0,0
410121,1,1,16,16,16,16,16,16,16,16,16,16
410122,1,1,0,0,0,0,0,0,0,0,13,0
410123,1,1,4,4,4,4,4,4,4,4,4,4
410123,2,1,0,0,0,0,0,21,0,0,0,0
410124,1,1,0,0,0,0,0,0,0,0,0,0
410125,1,1,20,20,20,20,20,20,20,20,20,20
410126,1,1,2,2,2,2,2,2,2,2,2,2
410127,1,1,0,0,0,0,0,0,0,0,0,0
410127,2,1,0,0,0,0,0,0,0,0,0,0
410128,1,1,18,0,3,0,12,0,12,27,13,7
410128,2,1,0,0,0,0,0,0,0,7,0,0
410129,1,1,30,30,30,30,30,30,30,30,30,30
410130,1,1,1,1,1,1,1,1,1,1,1,1
410131,1,1,13,13,13,13,13,13,13,13,13,13
410132,1,1,13,13,13,13,13,13,13,13,13,13
410133,1,1,19,0,0,0,0,18,16,0,0,9
410134,1,1,32,32,32,32,32,32,32,32,32,32
410135,1,1,17,0,0,14,0,10,0,0,0,0
410135,2,1,0,0,0,0,0,0,0,0,0,0
410136,1,1,0,0,0,0,0,0,0,0,0,0
410136,2,1,0,0,0,0,0,0,0,0,0,0
410137,1,1,18,18,18,18,18,18,18,18,18,18
410138,1,1,0,0,0,0,0,0,0,0,0,0
410139,1,1,18,18,18,18,18,18,18,18,18,18
410140,1,1,15,15,15,15,15,15,15,15,15,15
410141,1,1,31,31,31,31,31,31,31,31,31,31
410142,1,1,9,12,0,0,17,0,0,0,0,0
410142,2,1,15,15,15,15,15,15,15,15,15,15
410143,1,1,0,0,0,0,0,0,0,0,0,0
410143,2,1,0,0,0,0,0,0,0,0,0,0
410144,0,1,0,0,0,0,0,0,0,0,0,0
410144,1,1,0,0,0,16,0,0,0,0,12,0
410145,1,1,9,9,9,9,9,9,9,9,9,9
410146,1,1,0,0,0,0,0,0,0,0,0,0
410146,2,1,0,0,0,0,0,0,0,0,0,0
410147,1,1,22,22,22,22,22,22,22,22,22,22
410147,2,1,0,0,0,0,0,0,0,0,0,0
410148,1,1,0,0,0,0,0,0,0,0,0,0
410149,1,1,0,0,0,0,0,0,0,0,0,0
410149,2,1,0,0,0,0,0,0,0,0,0,0
410150,1,1,0,0,0,0,0,0,0,0,0,0
410151,1,1,0,0,0,0,0,0,0,0,0,0
410151,2,1,0,0,0,0,0,0,0,0,0,0
410152,1,1,25,0,0,16,0,6,0,0,0,0
410153,1,1,10,10,10,10,10,10,10,10,10,10
410154,1,1,0,0,0,0,0,0,0,0,0,0
410155,1,1,0,0,0,0,0,0,0,0,0,0
410155,2,1,0,0,0,0,0,0,0,0,0,0
410155,3,1,0,0,0,14,0,0,0,0,0,0
410156,1,1,0,0,0,0,0,0,0,0,0,0
410156,2,1,0,0,0,0,0,0,0,0,0,0
410157,1,1,0,0,0,0,0,0,0,0,0,0
410157,2,1,0,0,0,0,0,0,0,0,0,0
410158,0,1,0,0,27,0,0,0,0,5,32,0
410158,1,1,0,0,0,0,0,0,0,0,0,0
410159,0,1,0,0,0,0,0,0,0,0,0,0
410159,1,1,8,0,0,0,0,0,0,0,16,0
410160,1,1,0,0,0,0,0,0,0,0,0,0
410160,2,1,0,0,0,0,0,0,0,0,0,0
410161,1,1,0,0,0,0,0,0,0,0,0,7
410161,2,1,0,0,0,0,0,0,0,0,0,0
410162,1,1,0,0,0,0,0,0,0,0,0,0
410163,1,1,0,0,0,0,0,0,0,0,0,0
410163,2,1,0,0,0,0,0,0,14,0,0,0
410164,1,1,0,0,0,0,0,0,0,0,0,0
410165,1,1,0,8,9,0,10,15,10,5,16,19
410166,1,1,2,2,2,2,2,2,2,2,2,2
410167,0,1,24,26,19,21,25,36,24,22,26,4
410167,1,1,0,0,0,0,0,0,0,0,0,0
410168,1,1,2,2,2,2,2,2,2,2,2,2
410169,1,1,0,0,0,0,23,17,0,0,0,26
410170,1,1,0,0,0,0,0,0,0,0,0,0
410170,2,1,0,0,0,0,0,0,0,8,0,0
410171,1,1,0,0,0,0,0,0,0,0,29,0
410171,2,1,0,0,0,0,8,0,0,0,0,0
410172,0,1,0,0,0,0,0,0,0,0,0,0
410172,1,1,0,0,0,0,0,0,0,0,0,0
410173,1,1,13,13,13,13,13,13,13,13,13,13
410173,2,1,9,0,0,0,0,0,0,0,16,13
410174,1,1,0,0,0,0,0,0,0,0,0,0
410175,1,1,0,0,0,0,0,0,0,0,0,0
410176,1,1,0,0,0,0,18,0,0,0,0,0
410176,2,1,0,0,0,0,0,0,0,0,0,0
410177,1,1,27,0,0,0,12,23,13,0,0,11
410178,1,1,0,0,0,0,0,0,0,0,0,0
410178,2,1,0,0,0,0,0,0,0,0,0,0
410179,1,1,21,21,21,21,21,21,21,21,21,21
410180,1,1,0,0,0,0,0,0,0,14,0,0
410181,1,1,0,0,0,0,0,0,31,0,0,19
410182,1,1,19,19,19,19,19,19,19,19,19,19
410183,1,1,0,0,0,0,0,0,0,0,0,0
410183,2,1,0,0,0,0,0,0,0,0,0,0
410183,3,1,0,0,0,0,0,0,0,0,0,0
410184,1,1,0,0,0,0,0,0,0,0,0,0
410184,2,1,0,0,0,0,0,0,0,0,0,0
410184,3,1,0,0,0,0,0,0,0,0,0,0
410185,1,1,12,0,32,7,20,0,18,0,0,17
410186,1,1,0,0,0,0,0,0,0,0,0,0
410187,1,1,0,0,0,0,0,0,0,0,0,0
410188,1,1,0,0,0,0,0,0,0,0,0,0
410188,2,1,6,0,16,0,0,0,0,17,0,0
410189,1,1,0,0,0,0,0,0,0,0,0,0
410189,2,1,0,0,0,0,0,0,0,0,0,0
410190,1,1,0,0,0,0,0,0,0,0,0,0
410190,2,1,0,0,0,0,0,0,0,0,0,0
410191,1,1,13,13,13,13,13,13,13,13,13,13
410191,2,1,0,0,0,0,0,0,0,0,0,0
410192,1,1,0,0,0,0,0,0,0,0,0,0
410193,1,1,0,0,0,23,0,0,0,17,0,0
410194,1,1,0,0,0,0,0,0,0,0,0,0
410194,2,1,0,0,0,0,0,0,0,0,0,0
410195,1,1,0,0,0,0,0,0,0,0,0,0
410195,2,1,0,0,0,0,0,0,0,0,0,0
410195,3,1,0,0,0,0,0,0,0,0,0,14
410196,1,1,0,0,0,0,0,0,0,0,0,0
410197,0,1,0,0,0,0,0,0,0,0,0,0
410197,1,1,0,0,0,0,0,0,0,0,0,0
410198,1,1,10,9,17,12,0,30,12,0,0,18
410199,1,1,13,13,13,13,13,13,13,13,13,13
410199,2,1,0,0,0,0,0,0,0,0,0,0
410200,1,1,0,0,0,0,0,0,0,0,0,0
410200,2,1,0,0,0,0,0,0,0,0,0,0
410201,1,1,0,0,0,0,0,0,0,22,0,0
410201,2,1,0,0,0,0,0,0,0,0,0,0
410202,1,1,0,0,0,0,0,0,0,0,0,0
410202,2,1,1,1,1,1,1,1,1,1,1,1
410203,1,1,26,26,26,26,26,26,26,26,26,26
410204,1,1,0,0,0,0,0,0,0,0,0,0
410204,2,1,0,0,0,0,0,0,0,0,0,0
410205,1,1,0,0,24,0,23,7,25,0,9,0
410206,0,1,0,0,0,0,0,0,0,0,0,0
410206,1,1,0,0,0,0,0,0,0,0,0,0
410207,1,1,33,26,8,0,24,0,17,16,0,25
410208,1,1,0,2,0,9,0,9,10,0,0,13
410208,2,1,0,0,0,0,0,0,0,0,0,0
410209,1,1,0,0,0,0,0,0,0,0,0,0
410209,2,1,0,0,0,0,0,0,0,0,0,0
410210,1,1,28,28,28,28,28,28,28,28,28,28
410211,1,1,0,0,0,0,0,0,0,0,0,0
410211,2,1,0,0,0,0,0,0,0,0,0,0
410212,1,1,0,0,0,0,0,0,0,0,0,0
410212,2,1,0,0,0,0,0,0,0,0,0,0
410213,1,1,23,23,23,23,23,23,23,23,23,23
410214,1,1,0,0,0,0,0,0,0,0,0,0
410214,2,1,0,0,0,0,0,0,0,0,0,0
410215,1,1,12,0,0,0,0,0,0,0,0,0
410215,2,1,0,0,0,0,0,0,0,0,0,0
410216,1,1,35,23,21,0,18,30,17,23,18,8
410216,2,1,0,0,0,0,0,0,0,0,0,0
410217,1,1,15,15,15,15,15,15,15,15,15,15
410217,2,1,0,0,0,8,0,0,0,0,0,0
410217,3,1,0,0,0,0,0,0,0,0,0,0
410218,0,1,6,6,6,6,6,6,6,6,6,6
410218,1,1,0,0,0,0,0,0,0,0,0,0
410219,0,1,0,0,34,0,0,0,0,0,0,0
410219,1,1,0,0,0,0,0,0,0,0,0,0
410220,1,1,0,0,0,0,0,0,0,0,0,0
410220,2,1,0,0,0,0,0,0,0,0,0,0
410221,1,1,0,0,0,0,0,0,0,0,0,0
410222,1,1,0,0,0,0,0,0,0,0,0,0
410222,2,1,0,0,0,0,0,0,0,25,0,0
410223,1,1,0,0,0,0,0,0,0,0,0,0
410223,2,1,0,0,0,0,0,0,0,0,0,0
410224,1,1,0,0,0,0,0,0,0,0,0,0
410224,2,1,0,0,0,0,0,0,0,0,0,0
410225,1,1,14,0,11,0,7,0,0,0,0,10
410226,1,1,0,0,0,0,0,0,0,0,0,0
410227,1,1,10,10,10,10,10,10,10,10,10,10
410228,1,1,0,0,0,0,0,0,0,0,0,0
410228,2,1,0,0,0,0,0,13,0,0,0,0
410229,1,1,0,0,0,0,0,0,0,0,0,0
410230,1,1,12,12,12,12,12,12,12,12,12,12
410231,0,1,0,0,0,0,0,0,0,0,0,0
410231,1,1,33,33,33,33,33,33,33,33,33,33
410232,1,1,0,0,0,0,0,0,0,0,0,0
410232,2,1,0,0,0,0,0,0,0,0,0,0
410233,1,1,0,0,0,0,0,0,0,0,0,0
410234,1,1,34,34,34,34,34,34,34,34,34,34
410234,2,1,0,0,0,0,0,0,0,0,0,0
410235,1,1,7,7,7,7,7,7,7,7,7,7
410236,1,1,18,18,18,18,18,18,18,18,18,18
410237,0,1,0,14,0,0,5,0,0,18,48,13
410237,1,1,28,0,0,19,0,0,0,0,22,0
410238,1,1,29,29,29,29,29,29,29,29,29,29
410238,2,1,0,0,0,0,0,0,17,0,0,0
410239,0,1,0,0,0,0,0,0,0,0,0,0
410239,1,1,0,0,0,0,0,0,0,0,0,0
410240,1,1,24,0,0,0,0,0,0,0,0,0
410240,2,1,0,0,0,0,0,0,0,0,0,0
410241,1,1,22,10,3,0,0,7,0,16,0,0
410241,2,1,0,0,0,0,0,0,0,0,0,0
410241,3,1,0,0,0,0,0,0,0,0,0,0
410242,1,1,0,0,0,0,0,0,8,0,0,0
410242,2,1,0,0,0,0,0,0,0,0,0,0
410243,1,1,0,0,0,0,0,0,0,0,0,0
410243,2,1,0,0,0,0,0,0,0,0,0,0
410245,1,1,0,0,0,0,0,0,0,0,0,0
410246,1,1,0,0,0,0,0,0,0,0,0,0
410246,2,1,0,0,0,0,0,0,15,0,0,0
410247,0,1,0,0,0,0,43,4,18,0,28,0
410247,1,1,7,9,13,11,14,14,12,15,0,5
410248,1,1,0,5,0,0,0,0,11,0,0,0
410249,1,1,0,32,0,0,0,0,0,0,0,0
410249,2,1,0,0,0,0,0,0,0,0,0,0
410250,1,1,0,0,0,0,0,0,0,0,0,0
410251,1,1,0,0,0,0,0,0,0,0,0,0
410251,2,1,0,0,0,0,0,0,0,0,0,0
410252,1,1,0,0,0,0,0,0,0,0,0,0
410253,1,1,0,0,0,0,0,0,0,0,0,0
410254,1,1,12,0,17,0,0,0,0,0,0,0
410255,1,1,0,0,0,0,0,0,0,0,0,0
410255,2,1,0,0,0,0,0,0,0,0,0,0
410256,0,1,0,0,9,15,16,0,10,44,0,19
410256,1,1,0,0,0,0,0,0,0,0,0,0
410257,1,1,0,0,0,0,0,0,0,0,0,0
410258,1,1,0,0,0,8,10,0,0,0,0,0
410259,1,1,33,33,33,33,33,33,33,33,33,33
410260,0,1,0,0,0,0,0,0,0,0,0,0
410260,1,1,0,0,0,0,0,0,0,0,0,0
410261,1,1,0,19,13,3,0,0,24,0,0,0
410262,1,1,0,0,0,0,0,0,0,0,0,0
410262,2,1,0,0,0,0,0,0,0,0,0,0
410263,0,1,0,0,0,0,0,0,0,0,0,0
410263,1,1,0,0,0,0,29,0,0,0,0,0
410264,1,1,0,0,0,0,0,0,0,0,0,0
410265,1,1,21,21,21,21,21,21,21,21,21,21
410266,1,1,0,0,0,0,0,0,0,0,0,0
410267,1,1,25,25,25,25,25,25,25,25,25,25
410268,1,1,23,23,23,23,23,23,23,23,23,23
410269,1,1,0,0,0,0,0,0,0,0,0,0
410269,2,1,0,6,0,21,0,0,0,0,0,0
410270,1,1,0,0,0,0,0,0,0,0,0,0
410271,1,1,5,0,0,0,0,0,0,0,0,0
410272,1,1,0,0,0,23,0,15,0,0,0,0
410272,2,1,0,0,0,0,0,0,0,0,0,0
410273,1,1,0,0,0,0,0,0,0,0,0,0
410274,0,1,0,30,0,0,0,0,0,0,0,0
410274,1,1,0,0,0,0,0,0,0,0,0,0
410275,0,1,0,0,0,0,0,0,0,0,0,0
410275,1,1,0,0,0,0,0,0,0,0,0,0
410276,1,1,0,0,0,0,0,0,0,0,0,0
410276,2,1,0,0,0,0,0,0,0,0,0,0
410277,1,1,0,0,0,0,0,0,0,0,0,0
410278,1,1,17,17,17,17,17,17,17,17,17,17
410279,0,1,12,0,14,0,0,5,0,3,35,0
410279,1,1,0,0,0,0,0,0,0,0,0,0
410280,0,1,0,0,0,0,0,0,0,0,0,0
410280,1,1,0,0,0,0,0,0,0,0,0,0
410281,0,1,0,0,0,0,0,0,0,0,0,0
410281,1,1,8,8,8,8,8,8,8,8,8,8
410281,2,1,0,0,0,0,0,0,0,0,0,0
410282,0,1,0,0,0,0,0,0,0,0,0,0
410282,1,1,0,0,0,0,0,0,0,0,0,0
410283,0,1,31,31,31,31,31,31,31,31,31,31
410283,1,1,0,0,0,0,0,0,0,0,0,0
410284,0,1,0,0,0,0,0,35,0,0,0,0
410284,1,1,0,0,0,13,0,0,0,0,0,0
410285,1,1,0,0,0,0,0,0,0,0,0,0
410286,0,1,0,0,0,0,0,0,0,0,0,0
410286,1,1,0,0,0,0,0,0,0,0,0,0
410287,1,1,22,22,22,22,22,22,22,22,22,22
410288,1,1,0,0,0,0,0,0,0,0,0,0
410288,2,1,0,0,0,0,0,0,0,0,0,0
410289,1,1,0,0,0,0,0,0,0,0,0,0
410290,1,1,22,22,22,22,22,22,22,22,22,22
410290,2,1,0,0,0,0,0,0,0,0,0,0
410291,1,1,17,15,11,19,20,23,16,0,7,10
410291,2,1,0,0,0,0,0,0,0,0,0,0
410292,1,1,0,0,0,0,0,0,0,0,0,0
410292,2,1,0,0,0,0,0,0,0,0,0,0
410292,3,1,0,0,0,0,0,0,0,0,0,0
410293,1,1,0,0,0,0,0,0,0,0,0,0
410294,1,1,0,0,0,0,0,0,0,0,0,0
410295,1,1,0,0,0,0,0,0,0,0,0,0
410295,2,1,0,0,0,0,0,0,0,0,0,0
410295,3,1,0,0,0,0,0,0,0,0,0,0
410295,4,1,0,0,0,0,0,23,0,0,0,0
410296,1,1,0,0,0,0,0,0,0,0,0,0
410296,2,1,0,0,0,0,0,0,0,0,0,0
410297,1,1,0,0,0,0,0,0,0,0,0,0
410297,2,1,0,0,0,0,0,10,0,0,0,0
410298,1,1,0,0,0,0,0,0,0,0,0,0
410299,1,1,16,16,16,16,16,16,16,16,16,16
410300,1,1,21,21,21,21,21,21,21,21,21,21
410301,1,1,0,0,0,0,0,0,0,0,0,0
410301,2,1,0,0,0,26,0,11,31,0,0,0
410302,1,1,52,0,0,0,0,0,0,15,0,0
410302,2,1,0,0,0,0,0,0,0,0,0,0
410302,3,1,21,29,0,0,0,0,28,0,0,0
410303,0,1,13,0,0,0,20,0,0,0,0,0
410303,1,1,0,0,0,0,0,0,0,0,0,0
410304,1,1,0,0,0,0,0,0,0,0,0,0
410305,1,1,0,0,0,0,0,0,0,0,0,0
410305,2,1,0,0,0,0,0,0,0,0,0,0
410306,1,1,15,15,15,15,15,15,15,15,15,15
410306,2,1,0,0,0,0,0,0,0,0,0,0
410307,0,1,0,0,0,0,0,0,0,0,0,0
410307,1,1,5,5,5,5,5,5,5,5,5,5
410308,1,1,0,0,0,0,0,0,0,0,0,0
410309,1,1,0,0,0,0,0,0,0,0,0,0
410310,1,1,11,11,11,11,11,11,11,11,11,11
410311,1,1,14,18,19,0,23,16,14,22,13,33
410312,1,1,0,0,0,0,0,0,0,0,0,0
410312,2,1,16,16,16,16,16,16,16,16,16,16
410313,0,1,0,23,0,0,0,0,0,0,0,0
410313,1,1,0,0,0,0,0,0,0,0,0,0
410313,2,1,0,0,0,0,0,0,0,0,0,0
410314,1,1,0,0,0,0,0,0,0,0,0,0
410314,2,1,0,0,0,0,0,0,0,0,0,0
410315,1,1,22,3,0,12,0,14,0,0,0,5
410316,0,1,0,0,0,0,0,0,0,0,0,0
410316,1,1,0,0,0,0,16,0,0,10,0,0
410317,1,1,0,0,0,0,0,0,0,0,0,26
410317,2,1,0,0,0,0,0,0,0,0,0,0
410318,0,1,0,0,0,0,0,0,0,0,0,0
410318,1,1,0,0,0,0,0,0,0,0,0,0
410318,2,1,0,0,0,39,0,0,0,0,0,0
410319,1,1,0,0,36,0,0,0,0,0,0,19
410320,0,1,0,30,0,0,0,0,0,0,0,0
410320,1,1,0,0,0,0,0,18,0,0,0,0
410321,1,1,13,0,0,0,0,6,0,0,0,0
410321,2,1,0,0,0,16,0,0,0,0,0,0
410322,1,1,14,14,14,14,14,14,14,14,14,14
410323,1,1,0,0,0,0,0,0,0,0,0,6
410323,2,1,0,0,0,0,0,0,0,0,14,0
410324,0,1,11,21,0,27,0,18,0,0,41,11
410324,1,1,12,0,10,0,19,0,0,18,0,6
410325,0,1,21,0,0,0,0,0,0,0,0,0
410325,1,1,0,0,0,0,0,0,19,0,0,0
410326,1,1,0,0,0,0,0,0,0,0,0,0
410326,2,1,0,0,0,0,0,0,0,0,0,0
410327,1,1,22,22,22,22,22,22,22,22,22,22
410328,1,1,0,0,0,0,0,0,0,0,0,0
410329,1,1,0,0,0,0,0,0,0,0,0,0
410329,2,1,0,0,0,0,0,0,0,0,0,0
410329,3,1,0,0,0,0,0,0,0,0,0,0
410330,0,1,21,12,15,20,3,15,32,16,24,12
410330,1,1,0,0,0,0,0,0,0,0,0,0
410330,2,1,0,0,0,0,0,0,0,4,0,0
410330,3,1,0,0,0,0,0,0,0,16,0,0
410331,0,1,0,20,0,9,23,14,0,23,0,0
410331,1,1,0,0,17,8,0,20,27,0,0,11
410332,1,1,23,23,23,23,23,23,23,23,23,23
410332,2,1,0,0,0,0,0,0,0,0,0,0
410332,3,1,0,0,0,0,0,0,0,0,0,0
410333,0,1,0,0,0,0,0,0,0,0,0,0
410333,1,1,0,0,12,7,0,0,18,0,0,0
410334,0,1,21,21,21,21,21,21,21,21,21,21
410334,1,1,0,0,0,11,0,13,0,0,0,0
410335,1,1,7,7,7,7,7,7,7,7,7,7
410336,0,1,0,0,0,0,0,0,0,0,0,0
410336,1,1,38,0,52,0,6,0,5,9,21,41
410337,1,1,23,23,23,23,23,23,23,23,23,23
410338,1,1,19,19,19,19,19,19,19,19,19,19
410339,1,1,0,27,34,24,32,17,39,13,15,21
410340,0,1,0,0,0,0,0,0,0,0,0,0
410340,1,1,21,21,0,17,9,8,0,0,21,13
410341,1,1,0,0,0,0,0,0,0,0,0,0
410342,1,1,18,18,18,18,18,18,18,18,18,18
410342,2,1,0,0,9,13,8,12,0,0,0,3
410343,1,1,27,18,18,8,21,15,7,18,34,9
410344,1,1,15,15,15,15,15,15,15,15,15,15
410344,2,1,0,0,0,0,0,0,0,0,0,0
410345,1,1,0,0,0,16,0,0,0,0,0,0
410346,1,1,8,0,21,0,0,13,0,0,0,0
410346,2,1,0,0,0,0,0,10,14,0,0,0
410347,0,1,0,0,0,0,0,0,0,0,0,0
410347,1,1,0,0,0,0,22,0,5,0,0,17
410348,1,1,23,23,23,23,23,23,23,23,23,23
410349,1,1,0,0,0,0,0,0,0,10,0,4
410350,1,1,17,0,0,0,13,0,0,0,0,0
410350,2,1,0,0,0,0,0,0,0,0,0,0
410351,1,1,0,0,0,0,0,0,0,0,0,0
410352,1,1,15,15,15,15,15,15,15,15,15,15
410352,2,1,0,0,0,0,0,0,0,0,0,27
410353,1,1,12,0,6,0,19,0,14,0,0,0
410354,1,1,0,0,0,0,0,0,0,0,0,0
410355,1,1,9,9,9,9,9,9,9,9,9,9
410356,1,1,0,0,0,0,0,0,0,0,0,0
410356,2,1,0,0,0,10,0,0,0,0,0,17
410357,1,1,0,0,0,0,0,0,0,0,0,0
410358,0,1,0,0,0,0,0,0,0,0,0,0
410358,1,1,31,0,0,22,9,0,28,0,21,0