ST_CASE,VEH_NO,PER_NO,P1,P2,P3,P4,P5,P6,P7,P8,P9,P10
470353,2,1,0,0,13,0,0,6,0,0,0,0
470354,1,1,0,0,0,0,0,0,0,0,0,0
470355,1,1,0,0,0,0,0,0,0,0,0,0
470356,1,1,0,0,0,0,0,0,0,0,0,0
470356,2,1,0,0,0,0,0,0,0,0,0,0
470357,1,1,0,0,0,0,0,0,0,0,0,0
470357,2,1,0,0,0,0,0,0,0,0,0,0
470358,1,1,0,0,0,0,0,0,0,0,0,0
470358,2,1,0,0,0,0,0,0,0,0,0,0
470360,1,1,0,5,29,0,0,0,0,0,26,0
470360,2,1,0,0,0,0,0,0,0,0,0,0
470361,1,1,0,0,0,0,0,0,0,0,0,0
470362,0,1,0,0,0,0,0,0,0,0,0,0
470362,1,1,0,0,0,0,0,0,10,0,0,0
470363,1,1,0,0,14,0,0,0,0,0,0,0
470364,1,1,26,0,14,13,17,18,14,36,12,11
470365,1,1,4,4,4,4,4,4,4,4,4,4
470366,1,1,24,15,10,11,15,13,25,26,17,15
470367,1,1,12,0,0,23,11,25,18,0,0,8
470368,1,1,0,0,0,0,0,18,10,17,11,0
470368,2,1,0,0,0,0,0,0,0,0,0,0
470368,3,1,0,0,0,0,0,0,0,0,0,0
470369,0,1,0,0,0,0,12,0,0,0,0,0
470369,1,1,15,0,0,5,0,18,0,15,0,0
470370,1,1,0,0,0,0,0,0,0,0,0,0
470371,1,1,0,22,0,0,0,0,29,0,0,0
470372,0,1,0,0,0,0,0,0,0,0,0,0
470372,1,1,0,0,0,0,0,0,0,0,0,0
470373,0,1,0,0,0,0,0,0,0,0,0,0
470373,1,1,0,0,0,0,19,0,0,0,0,0
470374,0,1,2,8,9,0,0,0,12,0,0,0
470374,1,1,0,0,0,0,0,0,0,17,0,0
470375,1,1,0,0,0,0,9,0,0,0,0,0
470376,1,1,17,17,17,17,17,17,17,17,17,17
470377,1,1,0,0,0,0,0,0,0,0,0,10
470377,2,1,0,0,0,0,0,0,0,0,0,0
470378,1,1,21,21,21,21,21,21,21,21,21,21
470378,2,1,0,0,0,0,0,0,0,0,0,0
470379,1,1,0,0,0,0,0,0,0,0,0,0
470379,2,1,0,0,0,0,0,0,0,0,0,0
470379,3,1,0,0,0,0,0,0,0,0,0,0
470380,1,1,11,11,11,11,11,11,11,11,11,11
470381,1,1,0,0,0,0,0,36,7,0,0,0
470382,1,1,0,0,0,0,30,0,0,0,0,0
470382,2,1,0,0,0,0,0,0,5,0,0,0
470383,1,1,0,20,17,0,0,0,26,27,17,15
470384,1,1,0,0,14,0,0,0,0,0,4,0
470385,1,1,24,0,0,0,0,30,0,0,0,0
470386,1,1,0,0,0,0,0,0,0,0,0,0
470386,2,1,0,0,0,0,0,0,5,0,0,0
470386,3,1,0,0,0,0,0,0,0,0,0,0
470387,1,1,0,0,0,0,0,0,0,0,0,0
470387,2,1,0,0,0,0,0,0,0,0,0,0
470387,3,1,0,0,0,0,0,0,0,0,0,15
470388,0,1,0,0,0,0,0,0,0,0,0,0
470388,1,1,0,0,0,0,0,0,0,0,0,0
470389,1,1,14,14,14,14,14,14,14,14,14,14
470390,1,1,0,0,13,0,0,0,10,0,27,0
470391,1,1,16,16,16,16,16,16,16,16,16,16
470391,2,1,0,9,0,0,0,0,0,0,0,0
470392,1,1,18,27,23,21,18,8,0,25,24,16
470392,2,1,0,0,0,0,0,0,0,0,0,0
470393,1,1,30,21,11,0,0,7,10,23,0,16
470394,1,1,0,0,0,10,0,0,0,0,16,0
470395,1,1,10,0,14,0,0,0,0,0,16,0
470395,2,1,0,0,0,0,0,0,0,11,0,0
470396,1,1,0,0,0,0,0,0,19,0,21,0
470396,2,1,0,0,0,0,0,0,0,0,0,0
470397,1,1,0,0,0,0,0,0,0,0,0,0
470398,1,1,0,0,0,0,0,0,0,0,0,0
470398,2,1,0,0,0,0,0,0,0,0,0,0
470399,1,1,0,0,0,0,0,0,0,0,0,0
470399,2,1,0,0,0,0,0,0,0,0,0,0
470400,1,1,0,0,0,0,0,0,0,0,0,0
470400,2,1,0,0,0,0,0,0,0,0,0,0
470401,1,1,0,0,0,0,0,0,0,0,0,21
470401,2,1,0,0,0,0,0,0,0,0,7,0
470401,3,1,5,0,0,0,0,0,0,27,0,0
470402,1,1,0,0,0,0,0,0,0,0,0,0
470402,2,1,0,0,0,0,0,0,0,0,0,0
470404,1,1,0,5,0,0,0,0,0,0,0,13
470405,1,1,19,0,0,0,0,0,0,0,0,0
470406,1,1,0,0,0,0,0,0,0,0,0,0
470407,1,1,0,0,0,0,0,0,0,0,0,0
470408,1,1,0,0,0,0,0,0,0,0,0,0
470408,2,1,0,0,0,0,0,0,0,0,0,0
470409,1,1,0,0,0,0,0,0,0,0,0,0
470410,1,1,0,0,0,0,0,0,0,0,0,0
470411,0,1,0,0,0,0,36,40,0,0,0,0
470411,1,1,33,5,11,0,0,0,15,30,9,20
470412,1,1,0,0,0,0,0,0,0,0,0,0
470412,2,1,0,0,0,0,0,0,0,0,0,0
470413,1,1,24,24,24,24,24,24,24,24,24,24
470414,0,1,0,0,0,0,0,0,19,0,0,0
470414,1,1,0,0,0,0,0,0,0,0,0,0
470415,1,1,0,0,0,0,0,0,0,0,0,0
470416,0,1,0,0,0,0,0,23,0,0,16,21
470416,1,1,0,0,0,0,0,0,0,0,0,0
470417,1,1,3,0,0,0,0,0,0,0,0,0
470417,2,1,0,0,0,11,0,0,11,0,0,0
470418,1,1,24,0,7,7,20,21,12,27,0,25
470418,2,1,0,0,0,0,12,0,0,0,0,0
470418,3,1,0,0,0,0,0,0,0,0,0,0
470419,0,1,0,0,0,0,0,0,0,0,17,0
470419,1,1,0,0,0,0,0,0,0,0,0,0
470420,1,1,14,14,14,14,14,14,14,14,14,14
470421,1,1,0,0,0,0,0,0,0,0,0,0
470422,1,1,0,0,0,0,0,0,0,7,0,0
470423,1,1,0,0,0,0,0,0,0,0,0,0
470424,1,1,0,0,0,0,0,0,0,0,0,0
470424,2,1,0,0,0,0,0,0,0,0,0,0
470424,3,1,0,0,0,0,0,0,0,0,0,0
470425,1,1,5,5,5,5,5,5,5,5,5,5
470426,1,1,25,15,3,18,14,26,6,27,19,10
470427,1,1,0,11,0,7,0,8,31,26,0,12
470428,1,1,0,23,0,0,0,0,0,0,0,0
470429,1,1,14,14,14,14,14,14,14,14,14,14
470430,1,1,0,0,0,0,0,0,0,0,0,0
470431,0,1,20,20,20,20,20,20,20,20,20,20
470431,1,1,0,0,0,0,0,0,0,0,0,0
470432,1,1,0,0,0,0,0,0,0,0,0,0
470432,2,1,0,0,0,0,0,0,0,0,0,0
470433,1,1,0,0,0,0,0,0,0,0,0,0
470433,2,1,0,0,0,0,0,0,0,0,0,0
470434,1,1,0,0,0,0,0,0,0,0,0,0
470435,1,1,23,23,23,23,23,23,23,23,23,23
470436,1,1,0,0,0,26,0,0,0,0,0,16
470436,2,1,0,0,0,0,0,0,0,0,0,0
470437,1,1,0,0,0,0,0,13,0,0,0,0
470437,2,1,0,0,0,0,0,0,0,0,0,0
470438,1,1,13,13,13,13,13,13,13,13,13,13
470438,2,1,0,0,0,0,0,0,0,0,0,0
470439,0,1,0,28,0,0,25,0,0,0,0,0
470439,1,1,0,0,0,0,0,0,0,0,0,5
470440,1,1,0,0,0,0,0,0,0,0,0,0
470440,2,1,0,0,0,0,0,0,0,0,0,0
470441,1,1,0,0,0,0,0,0,0,0,0,0
470442,0,1,0,13,0,0,19,21,0,24,25,14
470442,1,1,0,17,23,24,0,24,10,0,0,26
470443,1,1,0,0,0,0,0,0,0,0,0,0
470444,1,1,0,0,0,0,0,0,0,0,0,0
470444,2,1,0,0,0,0,0,0,0,0,0,0
470445,1,1,9,9,9,9,9,9,9,9,9,9
470445,2,1,0,0,0,0,0,0,0,0,0,0
470447,1,1,0,9,0,0,0,0,0,0,0,0
470448,1,1,17,17,17,17,17,17,17,17,17,17
470449,1,1,14,14,14,14,14,14,14,14,14,14
470450,1,1,0,0,0,0,0,13,0,0,0,0
470450,2,1,0,0,0,0,0,0,0,0,0,0
470451,1,1,2,2,2,2,2,2,2,2,2,2
470451,2,1,0,0,14,0,0,0,0,0,0,18
470452,1,1,0,0,0,0,25,19,0,36,0,33
470452,2,1,0,0,0,0,0,0,0,0,0,0
470453,1,1,0,0,0,0,0,0,0,0,0,0
470453,2,1,0,0,0,0,0,0,0,0,0,0
470454,1,1,0,0,0,0,0,0,0,0,0,0
470454,2,1,0,0,0,0,0,0,0,0,0,0
470455,0,1,0,0,0,0,18,45,28,0,0,0
470455,1,1,0,0,0,0,0,0,0,0,0,0
470456,1,1,0,0,2,0,0,0,0,0,0,0
470456,2,1,0,0,0,0,0,0,0,0,0,0
470456,3,1,0,0,0,0,0,0,0,0,0,0
470457,1,1,0,0,0,0,0,0,0,0,0,0
470458,1,1,0,0,0,0,0,0,0,0,0,19
470458,2,1,0,0,0,0,5,0,0,0,0,0
470459,1,1,0,0,0,0,0,0,0,0,0,0
470459,2,1,0,0,0,0,0,0,0,0,0,0
470460,1,1,0,0,10,0,0,0,0,0,0,0
470460,2,1,0,0,0,0,0,0,0,0,0,0
470461,1,1,0,0,0,0,0,0,0,0,0,0
470461,2,1,0,0,0,0,0,0,0,0,0,0
470462,0,1,0,0,0,0,0,0,19,0,0,21
470462,1,1,0,0,0,0,0,0,0,0,0,0
470463,1,1,0,0,0,0,0,0,0,0,0,0
470463,2,1,0,0,0,0,0,0,0,0,4,0
470463,3,1,0,0,0,0,0,0,0,0,0,0
470464,1,1,8,0,0,0,0,0,0,0,0,0
470464,2,1,0,0,0,0,0,0,0,0,0,0
470465,0,1,0,0,0,0,0,0,0,0,0,0
470465,1,1,0,0,0,0,0,0,0,0,0,0
470466,1,1,13,13,13,13,13,13,13,13,13,13
470466,2,1,0,0,0,0,0,0,0,0,0,0
470467,1,1,0,0,0,0,0,0,0,0,0,0
470467,2,1,0,0,0,0,0,0,0,0,0,12
470468,1,1,0,0,0,0,0,0,0,0,0,0
470468,2,1,0,0,0,0,0,0,0,0,0,0
470469,1,1,0,0,0,0,0,0,0,0,0,0
470469,2,1,0,0,0,0,0,0,0,0,0,0
470470,1,1,24,24,24,24,24,24,24,24,24,24
470470,2,1,0,0,0,0,0,0,0,0,0,0
470471,1,1,0,0,0,0,0,0,0,0,0,0
470471,2,1,0,0,0,0,0,0,0,0,0,0
470472,0,1,5,5,5,5,5,5,5,5,5,5
470472,1,1,0,16,0,0,0,11,0,0,0,0
470473,1,1,22,16,13,10,14,11,16,11,23,21
470474,1,1,0,0,0,0,0,0,0,0,0,0
470474,2,1,0,0,0,0,0,0,0,0,0,0
470475,1,1,0,0,0,0,0,0,0,0,0,0
470475,2,1,0,0,0,0,0,0,0,0,0,0
470476,0,1,26,26,26,26,26,26,26,26,26,26
470476,1,1,0,0,0,0,0,0,0,0,2,0
470476,2,1,0,0,0,0,0,0,0,0,38,0
470477,1,1,0,0,0,0,0,0,0,0,0,0
470478,0,1,7,35,20,0,24,0,0,27,36,0
470478,1,1,9,0,0,0,0,0,22,0,0,0
470479,1,1,23,23,23,23,23,23,23,23,23,23
470479,2,1,0,0,0,0,0,0,0,0,0,0
470480,1,1,0,0,0,0,0,0,0,0,0,0
470481,1,1,23,23,23,23,23,23,23,23,23,23
470481,2,1,0,0,0,0,0,0,0,0,0,0
470481,3,1,0,0,11,0,0,0,0,0,0,0
470482,1,1,0,0,0,0,0,0,0,0,0,0
470482,2,1,0,0,0,0,0,0,0,0,0,0
470483,1,1,0,28,13,17,10,25,28,12,24,27
470484,1,1,0,0,0,0,18,0,0,0,0,0
470486,1,1,0,0,10,5,5,0,0,0,0,0
470486,2,1,0,0,21,0,0,0,0,0,0,0
470487,1,1,0,0,0,0,0,0,0,0,0,0
470488,1,1,0,0,0,0,0,0,0,0,18,0
470488,2,1,0,0,0,11,0,0,0,0,0,0
470489,1,1,16,16,16,16,16,16,16,16,16,16
470489,2,1,0,0,0,0,0,0,0,0,0,0
470490,1,1,0,0,0,0,0,0,0,0,0,0
470490,2,1,0,0,0,7,0,0,0,0,0,0
470491,1,1,0,0,0,0,0,0,0,0,20,0
470492,0,1,0,0,0,12,0,0,0,0,0,50
470492,1,1,0,0,0,0,0,0,0,0,0,0
470492,2,1,0,0,0,0,9,0,0,0,0,0
470493,1,1,6,0,0,0,0,0,0,16,0,0
470494,1,1,0,0,0,0,0,25,0,0,0,0
470495,1,1,0,0,0,0,0,0,0,0,0,0
470496,1,1,0,0,0,0,0,0,0,0,0,0
470496,2,1,0,0,0,0,12,0,0,0,0,0
470497,1,1,0,0,0,0,0,0,0,0,0,0
470497,2,1,0,0,0,0,0,0,0,0,0,0
470498,1,1,0,0,29,0,0,0,0,0,0,0
470499,0,1,39,0,0,0,37,0,0,0,0,0
470499,1,1,23,23,23,23,23,23,23,23,23,23
470500,1,1,0,0,0,0,0,0,0,0,0,0
470500,2,1,0,0,3,0,0,0,0,0,0,0
470501,1,1,0,0,0,0,0,0,0,0,0,0
470501,2,1,0,0,0,0,0,0,0,0,0,0
470502,1,1,17,17,17,17,17,17,17,17,17,17
470503,1,1,15,0,20,0,9,9,0,0,0,5
470504,0,1,8,8,8,8,8,8,8,8,8,8
470504,1,1,18,0,20,0,16,0,7,8,12,16
470506,1,1,0,0,0,0,0,0,0,0,0,0
470506,2,1,0,0,0,0,0,0,0,0,0,0
470507,0,1,0,0,0,0,0,0,0,17,0,25
470507,1,1,0,0,16,29,0,0,0,7,23,0
470508,0,1,0,18,5,0,17,14,0,0,18,0
470508,1,1,7,0,10,0,0,16,4,0,8,23
470509,1,1,3,3,3,3,3,3,3,3,3,3
470510,1,1,12,12,12,12,12,12,12,12,12,12
470510,2,1,0,0,0,0,0,0,0,0,0,0
470511,1,1,0,0,0,0,0,23,0,0,0,0
470512,1,1,22,0,0,3,11,0,0,0,0,0
470512,2,1,0,0,0,0,0,0,0,0,0,0
470513,1,1,0,0,0,0,0,0,0,0,0,0
470513,2,1,0,0,0,0,0,0,0,0,0,0
470513,3,1,0,0,0,0,0,0,0,0,0,0
470513,4,1,0,0,0,0,0,0,0,0,0,0
470515,1,1,0,0,0,0,0,0,0,0,0,0
470515,2,1,0,0,0,0,0,0,0,0,0,0
470516,1,1,0,0,0,0,0,0,0,0,0,0
470517,1,1,0,0,0,0,0,0,0,0,0,0
470517,2,1,0,0,0,0,0,0,0,0,0,0
470518,1,1,0,0,0,0,0,0,0,0,0,0
470518,2,1,0,0,0,0,0,0,0,0,0,11
470519,0,1,25,25,25,25,25,25,25,25,25,25
470519,1,1,0,0,0,0,0,0,0,0,0,0
470520,1,1,0,0,0,0,0,0,0,0,0,0
470521,1,1,0,0,0,0,0,0,0,0,0,0
470522,1,1,0,0,0,0,0,19,0,0,0,9
470523,1,1,32,31,0,0,0,0,0,0,0,0
470524,1,1,0,0,0,0,0,0,0,0,0,0
470524,2,1,0,11,0,0,0,0,0,0,0,10
470525,1,1,0,0,0,0,0,0,0,0,0,0
470525,2,1,0,0,0,0,0,0,0,0,0,0
470526,1,1,0,0,0,0,0,0,27,20,0,0
470526,2,1,0,0,0,0,0,0,0,0,0,0
470527,1,1,0,0,0,0,0,0,0,0,0,0
470527,2,1,0,0,0,0,0,0,0,0,0,0
470528,1,1,0,0,0,0,0,0,0,0,0,0
470529,1,1,0,0,0,0,0,0,4,0,25,0
470529,2,1,0,22,0,0,0,0,0,0,0,14
470530,1,1,13,20,20,23,16,36,16,16,16,11
470531,1,1,0,0,0,0,0,0,0,0,0,0
470531,2,1,0,0,0,0,0,0,0,0,0,0
470533,1,1,0,0,0,0,0,0,0,0,0,0
470533,2,1,0,0,0,0,0,0,0,0,0,0
470534,0,1,0,0,26,0,15,35,8,0,15,0
470534,1,1,46,19,0,0,14,0,31,0,11,0
470535,1,1,0,0,0,0,0,0,0,0,0,0
470536,1,1,0,0,0,0,0,0,0,0,0,0
470536,2,1,0,0,0,0,0,0,0,0,0,0
470537,1,1,0,0,0,0,30,0,0,0,0,0
470538,1,1,22,22,22,22,22,22,22,22,22,22
470538,2,1,0,0,0,0,0,0,16,0,16,0
470539,0,1,19,0,10,0,18,0,0,0,0,0
470539,1,1,18,0,14,7,0,16,19,0,0,19
470540,1,1,0,0,0,0,0,0,0,0,0,0
470541,0,1,4,4,4,4,4,4,4,4,4,4
470541,1,1,0,0,0,0,0,0,0,0,0,0
470542,1,1,0,0,0,0,0,0,0,0,0,0
470543,1,1,0,0,0,0,0,0,0,0,0,0
470545,1,1,0,0,5,8,0,0,26,19,0,0
470546,1,1,0,0,0,0,0,0,0,0,0,0
470546,2,1,0,0,0,0,0,0,0,0,0,0
470547,1,1,0,0,0,0,0,0,0,0,0,0
470548,0,1,0,0,0,0,0,0,0,0,0,0
470548,1,1,0,0,0,0,15,0,0,9,0,0
470549,1,1,0,0,0,0,0,0,0,0,0,0
470549,2,1,14,14,14,14,14,14,14,14,14,14
470550,1,1,0,0,0,0,0,0,0,0,0,0
470551,1,1,0,0,0,0,0,0,0,0,17,0
470551,2,1,18,0,0,0,22,0,0,0,0,0
470552,1,1,14,14,14,14,14,14,14,14,14,14
470553,1,1,0,0,0,0,0,0,0,0,0,0
470553,2,1,0,5,0,0,0,0,0,0,0,0
470554,1,1,0,0,0,0,0,0,0,0,0,0
470554,2,1,15,15,15,15,15,15,15,15,15,15
470555,1,1,0,0,0,0,0,0,0,0,0,0
470555,2,1,0,0,0,0,0,0,0,0,0,0
470556,1,1,0,0,0,0,0,0,0,0,0,0
470556,2,1,0,0,0,0,0,0,0,0,0,0
470557,1,1,0,17,0,0,25,0,0,0,0,0
470558,1,1,0,0,0,0,0,0,0,0,0,0
470559,1,1,23,7,11,16,18,20,4,0,9,14
470560,1,1,0,0,0,0,0,0,0,0,0,0
470560,2,1,0,0,0,0,0,0,0,0,0,0
470561,1,1,0,0,0,16,0,0,0,0,0,0
470562,1,1,0,0,0,0,0,0,0,0,0,0
470563,1,1,0,0,0,0,0,0,0,0,0,0
470563,2,1,0,0,0,0,0,0,0,0,0,0
470564,1,1,0,0,0,0,0,0,0,0,0,0
470565,1,1,0,0,0,0,0,12,0,0,0,0
470566,1,1,0,0,0,0,0,0,0,0,0,0
470567,1,1,21,21,21,21,21,21,21,21,21,21
470568,1,1,17,17,17,17,17,17,17,17,17,17
470569,1,1,7,18,16,0,29,14,20,9,12,12
470570,1,1,0,0,0,0,0,0,0,0,0,0
470570,2,1,0,0,0,0,0,0,0,0,0,0
470571,1,1,0,0,0,0,0,0,0,0,0,0
470571,2,1,5,0,0,9,0,0,0,0,14,0
470572,1,1,0,0,0,0,0,0,0,0,0,0
470572,2,1,0,0,0,0,0,0,0,0,0,0
470573,1,1,0,0,0,0,0,0,0,0,0,0
470573,2,1,0,0,0,0,0,0,0,0,0,0
470574,1,1,0,0,21,15,0,0,32,0,18,16
470575,1,1,0,0,0,0,0,0,0,0,0,0
470576,1,1,0,0,0,0,0,0,0,0,0,0
470576,2,1,0,0,0,0,0,0,0,0,0,0
470576,3,1,0,0,0,0,0,0,0,0,0,0
470577,1,1,0,0,0,0,0,0,0,0,0,0
470577,2,1,0,0,0,0,0,0,0,0,0,0
470578,1,1,0,0,0,0,17,0,0,0,0,0
470578,2,1,0,0,0,0,0,0,0,0,0,0
470579,1,1,7,7,7,7,7,7,7,7,7,7
470579,2,1,0,0,0,0,0,0,0,0,0,0
470580,1,1,0,0,0,0,0,0,0,0,0,0
470580,2,1,0,0,0,0,0,0,0,0,0,0
470581,1,1,0,0,0,0,0,0,0,0,0,0
470582,1,1,0,0,0,0,0,0,0,0,0,0
470582,2,1,0,0,0,0,0,0,0,0,0,0
470583,1,1,0,0,0,0,0,0,0,0,0,0
470584,1,1,14,0,0,22,23,12,0,0,0,0
470584,2,1,0,14,0,5,0,30,0,0,16,18
470585,1,1,0,0,0,0,0,0,0,0,0,0
470585,2,1,0,0,0,19,0,0,0,0,0,0
470586,1,1,0,0,0,0,0,0,0,0,0,0
470586,2,1,0,0,0,0,0,0,0,0,0,0
470587,1,1,0,0,0,0,0,0,18,0,29,0
470587,2,1,5,0,0,0,0,0,0,0,0,0
470588,1,1,0,0,0,0,0,0,0,0,0,0
470588,2,1,0,0,0,0,0,0,0,0,0,0
470589,1,1,13,13,13,13,13,13,13,13,13,13
470590,1,1,0,0,0,0,0,0,0,0,0,0
470590,2,1,0,0,0,0,0,0,0,0,0,0
470591,1,1,6,6,6,6,6,6,6,6,6,6
470591,2,1,0,0,0,0,0,0,0,0,0,0
470592,0,1,0,0,19,0,0,13,0,0,0,0
470592,1,1,0,0,40,12,16,26,12,4,0,25
470593,1,1,0,0,0,0,0,0,0,0,0,0
470594,1,1,0,0,0,0,0,0,0,0,0,0
470594,2,1,0,0,0,0,0,0,0,0,0,0
470595,1,1,0,0,0,0,0,0,0,0,0,0
470596,1,1,0,0,0,0,26,0,0,0,0,18
470597,1,1,11,11,11,11,11,11,11,11,11,11
470598,1,1,16,16,16,16,16,16,16,16,16,16
470599,1,1,19,0,0,32,9,24,20,27,15,0
470600,1,1,0,0,0,0,0,0,0,16,0,0
470601,1,1,0,0,0,0,0,0,0,0,0,0
470602,1,1,0,0,0,0,0,0,0,0,0,0
470603,0,1,31,18,0,0,0,0,0,41,16,0
470603,1,1,0,0,0,21,0,0,0,0,0,0
470604,1,1,0,0,0,0,5,0,15,0,0,0
470605,1,1,0,0,0,0,0,0,0,0,0,0
470606,1,1,0,0,0,19,0,0,0,0,0,47
470607,1,1,22,22,22,22,22,22,22,22,22,22
470608,1,1,0,0,0,0,0,0,0,0,0,0
470609,1,1,29,29,29,29,29,29,29,29,29,29
470609,2,1,0,0,8,0,0,0,0,0,0,0
470610,1,1,5,5,5,5,5,5,5,5,5,5
470611,1,1,20,20,20,20,20,20,20,20,20,20
470612,1,1,0,0,0,0,0,0,0,0,0,0
470612,2,1,18,0,0,16,12,0,0,0,6,0
470613,0,1,0,0,25,0,0,20,0,0,0,0
470613,1,1,0,0,0,0,0,0,0,0,0,0
470615,0,1,0,0,42,5,4,0,0,0,0,22
470615,1,1,0,0,0,0,12,0,0,0,0,0
470616,0,1,0,0,0,0,0,0,0,0,0,0
470616,1,1,0,0,0,0,0,0,0,0,0,0
470617,1,1,0,0,0,0,0,0,0,0,0,0
470617,2,1,0,0,0,0,0,0,0,0,0,0
470618,1,1,0,0,0,0,0,0,0,0,0,0
470618,2,1,0,0,0,0,0,0,0,0,0,0
470619,1,1,0,0,0,14,0,4,10,0,0,0
470619,2,1,0,0,0,0,10,0,0,19,0,0
470620,1,1,0,0,0,0,0,16,0,17,0,20
470621,1,1,0,0,0,0,0,0,0,0,0,0
470621,2,1,0,0,0,0,0,0,0,0,0,0
470622,1,1,0,0,0,0,0,0,0,0,0,0
470623,1,1,10,10,10,10,10,10,10,10,10,10
470624,1,1,0,11,8,11,6,0,0,0,6,0
470625,1,1,0,0,0,0,8,0,0,0,0,0
470626,1,1,24,0,0,0,0,0,0,0,0,0
470627,1,1,0,0,0,0,0,0,17,0,17,0
470628,1,1,19,0,11,0,0,12,0,0,0,0
470629,1,1,16,16,16,16,16,16,16,16,16,16
470629,2,1,8,8,8,8,8,8,8,8,8,8
470630,1,1,0,0,0,0,0,0,0,0,0,0
470630,2,1,0,0,0,0,0,0,0,0,0,0
470630,3,1,0,5,0,0,0,0,0,0,0,0
470631,0,1,22,20,34,12,18,11,28,15,40,23
470631,1,1,0,0,0,0,0,0,0,0,7,0
470632,0,1,0,0,0,0,8,0,10,21,0,0
470632,1,1,0,0,14,0,0,0,11,0,0,0
470633,0,1,21,21,21,21,21,21,21,21,21,21
470633,1,1,0,0,0,0,0,0,0,0,0,0
470634,0,1,0,0,0,0,0,0,0,0,0,0
470634,1,1,0,0,0,0,0,0,0,0,0,0
470635,0,1,0,0,0,0,0,0,24,0,0,0
470635,1,1,0,0,0,0,0,0,0,0,0,0
470636,0,1,0,31,0,18,0,0,0,0,16,0
470636,1,1,0,0,0,0,0,0,0,0,0,0
470637,1,1,0,0,0,0,0,0,0,0,0,8
470637,2,1,0,18,0,0,0,0,0,0,33,0
470638,1,1,0,0,0,0,0,0,0,0,0,0
470638,2,1,0,0,0,0,0,0,0,0,0,0
470639,1,1,0,0,0,0,0,0,0,0,0,0
470639,2,1,0,0,0,0,0,0,0,0,0,0
470640,0,1,0,32,0,19,31,0,27,32,0,0
470640,1,1,0,0,0,0,0,0,0,0,0,0
470641,1,1,0,0,0,0,0,0,0,0,0,0
470641,2,1,0,0,0,0,0,0,0,0,0,20
470641,3,1,0,0,0,0,0,22,0,0,0,0
470642,1,1,0,0,0,0,0,0,0,0,0,0
470642,2,1,0,0,0,0,6,0,12,0,0,0
470643,1,1,11,16,16,13,25,15,18,9,8,3
470644,1,1,0,0,0,0,0,0,0,0,0,0
470644,2,1,0,0,0,0,0,0,0,0,0,0
470645,0,1,20,5,19,0,0,0,0,9,12,0
470645,1,1,10,0,0,0,9,0,0,0,0,20
470646,1,1,0,0,0,0,0,0,0,0,0,0
470646,2,1,0,0,0,0,0,0,0,0,0,0
470647,0,1,22,17,17,9,12,19,5,24,20,31
470647,1,1,0,0,0,0,13,0,0,0,3,13
470648,1,1,18,18,18,18,18,18,18,18,18,18
470649,0,1,0,0,0,0,16,0,0,0,0,0
470649,1,1,0,0,0,0,0,0,0,0,0,0
470650,1,1,0,0,0,0,0,0,0,0,0,0
470651,1,1,1,1,1,1,1,1,1,1,1,1
470651,2,1,0,0,0,0,0,0,0,0,0,0
470652,1,1,0,0,0,0,0,0,0,0,0,0
470652,2,1,0,0,0,0,0,0,0,0,0,0
470652,3,1,0,0,0,0,0,0,0,0,0,0
470652,4,1,0,0,0,0,0,0,0,0,0,0
470652,5,1,0,0,0,0,0,0,0,0,0,0
470652,6,1,0,0,0,0,0,0,0,0,0,0
470652,7,1,0,0,0,0,0,0,0,0,0,0
470652,8,1,0,0,0,0,0,0,0,0,0,0
470652,9,1,0,0,0,0,0,0,0,0,0,0
470652,10,1,0,0,0,0,0,0,0,0,0,0
470652,11,1,0,0,0,0,0,0,0,0,0,0
470652,12,1,0,0,0,0,0,0,0,0,0,0
470652,13,1,0,0,0,0,0,0,0,0,0,0
470652,14,1,0,0,0,0,0,0,0,0,0,0
470653,1,1,0,0,0,0,0,0,0,0,0,0
470653,2,1,0,0,0,0,0,0,0,0,0,0
470654,1,1,11,10,0,0,0,0,0,0,0,0
470654,2,1,0,0,0,0,25,0,0,0,18,9
470655,1,1,0,0,0,0,0,0,0,0,0,0
470656,1,1,0,0,0,0,0,0,0,0,0,0
470657,0,1,24,24,24,24,24,24,24,24,24,24
470657,1,1,8,0,18,20,21,0,23,0,28,15
470658,1,1,0,0,0,0,0,0,0,0,0,0
470659,0,1,0,0,0,0,0,0,0,0,0,0
470659,1,1,0,0,0,0,0,19,0,0,0,0
470660,1,1,22,22,22,22,22,22,22,22,22,22
470660,2,1,0,0,0,0,0,0,0,0,0,0
470661,1,1,0,0,0,0,0,0,0,0,0,0
470661,2,1,0,0,0,0,0,0,0,0,0,0
470662,1,1,0,0,0,0,0,0,0,0,0,0
470663,1,1,0,0,0,0,0,0,0,0,0,0
470663,2,1,0,0,0,0,0,10,0,0,0,0
470664,1,1,0,0,0,0,0,0,0,0,0,0
470664,2,1,0,0,0,0,0,0,23,0,0,0
470665,1,1,7,7,7,7,7,7,7,7,7,7
470665,2,1,0,0,0,0,0,0,0,0,0,0
470666,1,1,0,0,0,0,0,0,0,0,0,0
470667,1,1,0,0,0,0,0,0,0,0,0,20
470668,1,1,0,0,0,26,0,0,0,0,0,0
470669,1,1,14,0,0,0,0,0,0,24,0,0