ST_CASE,VEH_NO,PER_NO,P1,P2,P3,P4,P5,P6,P7,P8,P9,P10
470972,4,1,0,0,0,0,0,0,0,0,0,0
470973,1,1,24,24,24,24,24,24,24,24,24,24
470973,2,1,0,0,0,0,0,0,0,0,0,0
470974,1,1,0,0,0,0,0,0,0,0,0,0
470974,2,1,8,0,0,0,0,16,0,0,0,0
470974,3,1,0,0,0,0,0,0,0,0,0,0
470975,1,1,0,0,0,0,0,0,0,0,0,0
470975,2,1,0,0,0,0,0,0,6,0,0,0
470976,1,1,0,0,0,0,0,0,0,0,0,0
470977,1,1,0,0,0,0,0,0,0,0,0,0
470978,1,1,0,0,0,0,0,0,0,0,0,0
470978,2,1,0,0,0,0,0,0,0,0,0,0
470979,1,1,0,0,0,0,0,0,0,0,0,0
470980,0,1,0,24,0,0,0,31,0,13,0,0
470980,1,1,0,0,0,0,0,0,0,0,0,0
470981,0,1,0,27,0,24,0,21,0,31,20,21
470981,1,1,34,2,0,15,13,4,14,14,0,16
470982,1,1,0,0,0,0,0,15,0,0,0,0
470982,2,1,0,0,0,0,0,0,0,0,0,0
470983,1,1,0,0,0,0,0,0,0,0,0,0
470984,1,1,0,0,0,0,0,0,0,0,0,0
470984,2,1,0,0,0,0,0,0,0,0,0,0
470985,1,1,15,15,15,15,15,15,15,15,15,15
470985,2,1,0,0,0,0,0,0,0,0,0,18
470986,1,1,0,0,0,0,0,0,0,0,0,0
470986,2,1,0,0,0,0,0,0,0,0,0,0
470987,1,1,0,0,0,0,0,0,0,0,0,0
470988,1,1,0,0,0,0,0,0,0,0,0,0
470989,1,1,0,0,0,0,0,0,0,0,0,0
470989,2,1,0,0,0,0,0,0,0,0,0,0
470990,1,1,0,0,0,0,0,0,8,0,0,0
470990,2,1,0,0,0,0,0,0,0,0,0,0
470991,1,1,8,8,8,8,8,8,8,8,8,8
470991,2,1,0,0,0,0,0,0,10,0,0,0
470991,3,1,0,0,0,0,0,0,0,0,0,0
470992,1,1,22,21,25,18,13,8,10,21,9,15
470993,1,1,0,0,0,0,12,0,0,0,0,0
470994,1,1,0,0,0,0,0,0,0,0,0,0
470994,2,1,0,0,0,0,0,0,0,0,0,0
480001,1,1,18,18,18,18,18,18,18,18,18,18
480002,1,1,0,0,0,0,0,0,0,17,0,0
480003,1,1,18,18,18,18,18,18,18,18,18,18
480004,1,1,25,25,25,25,25,25,25,25,25,25
480005,0,1,10,10,10,10,10,10,10,10,10,10
480005,1,1,22,14,15,0,4,30,0,27,11,0
480006,1,1,28,28,28,28,28,28,28,28,28,28
480006,2,1,0,0,0,0,0,0,0,0,0,0
480007,1,1,0,0,0,0,0,0,0,0,0,0
480008,1,1,0,29,0,27,17,12,22,0,0,0
480009,0,1,0,0,0,12,0,0,0,0,0,0
480009,1,1,0,0,0,0,0,0,0,0,0,0
480010,1,1,27,27,27,27,27,27,27,27,27,27
480011,1,1,13,13,13,13,13,13,13,13,13,13
480012,1,1,0,0,19,0,0,0,0,0,0,0
480012,2,1,11,0,0,0,0,20,22,0,0,0
480013,1,1,17,17,17,17,17,17,17,17,17,17
480014,1,1,31,31,31,31,31,31,31,31,31,31
480014,2,1,0,0,0,19,0,0,0,0,0,0
480014,3,1,0,0,0,0,0,0,0,0,17,19
480015,1,1,0,0,0,0,0,0,0,0,0,0
480015,2,1,0,0,0,0,0,0,0,0,0,0
480016,1,1,0,0,25,20,16,23,0,0,11,11
480017,1,1,0,0,0,0,0,0,0,0,19,14
480017,2,1,0,0,0,0,0,0,0,0,0,0
480018,1,1,0,0,0,0,0,0,0,0,16,0
480019,1,1,17,17,17,17,17,17,17,17,17,17
480019,2,1,0,0,0,0,0,0,0,0,0,0
480020,0,1,0,0,0,0,0,0,0,0,0,0
480020,0,2,0,0,0,0,0,0,0,18,0,17
480020,1,1,0,32,11,0,0,13,0,13,0,0
480021,1,1,13,0,13,10,8,9,3,4,28,22
480022,1,1,0,0,0,0,0,0,0,0,19,0
480022,2,1,0,0,0,0,0,0,17,12,0,0
480023,0,1,0,0,0,0,0,0,0,0,0,0
480023,1,1,0,0,0,0,0,0,0,0,0,0
480024,1,1,0,0,0,0,0,0,0,0,0,0
480024,2,1,0,0,0,0,23,0,0,0,0,15
480025,1,1,0,0,30,0,0,0,0,0,0,0
480026,1,1,0,0,0,0,0,0,0,0,0,0
480026,2,1,0,0,0,0,0,0,0,0,0,0
480027,1,1,0,0,0,0,0,0,0,0,0,0
480027,2,1,0,0,0,0,0,0,0,0,0,0
480027,3,1,0,0,0,6,0,0,0,0,0,0
480027,4,1,0,0,4,0,0,0,0,0,0,0
480027,5,1,0,0,0,0,0,0,5,0,0,0
480028,1,1,10,12,22,0,26,32,7,16,13,20
480029,1,1,4,0,0,0,0,0,17,14,0,19
480029,2,1,20,0,0,15,0,11,0,0,35,0
480030,0,1,7,43,13,0,10,8,14,0,0,0
480030,1,1,5,12,0,0,18,0,0,0,8,14
480031,1,1,0,0,0,0,0,14,0,0,0,0
480031,2,1,0,0,0,0,4,0,0,12,0,0
480032,1,1,0,0,0,0,0,0,0,0,0,0
480033,1,1,0,0,0,0,26,27,0,21,0,9
480033,2,1,0,0,0,0,0,23,0,0,0,0
480034,1,1,0,0,15,0,0,22,0,0,0,0
480034,2,1,0,0,0,0,0,0,0,5,0,0
480035,1,1,0,0,0,0,0,0,0,0,0,0
480035,2,1,0,0,20,0,0,0,0,0,0,0
480036,1,1,16,16,16,16,16,16,16,16,16,16
480036,2,1,21,21,21,21,21,21,21,21,21,21
480037,1,1,0,0,0,0,0,0,0,0,0,0
480037,2,1,0,12,0,0,5,0,0,0,0,24
480038,1,1,13,0,0,0,20,0,0,0,0,0
480038,2,1,0,0,13,17,0,0,0,0,0,0
480039,1,1,0,0,0,0,24,0,0,0,0,0
480040,1,1,0,0,0,0,0,0,9,0,0,0
480040,2,1,0,0,0,0,0,0,0,0,0,0
480041,1,1,0,0,0,0,0,0,19,13,0,17
480041,2,1,17,0,27,0,0,0,11,0,0,0
480042,1,1,0,0,19,0,21,0,0,11,0,21
480043,1,1,0,0,0,0,0,0,0,0,0,0
480043,2,1,0,0,0,0,0,0,0,0,0,0
480044,1,1,27,27,27,27,27,27,27,27,27,27
480044,2,1,11,0,0,13,0,0,0,0,0,0
480045,1,1,2,0,7,5,0,0,0,0,0,0
480045,2,1,0,0,0,0,0,0,0,0,0,0
480046,1,1,13,13,13,13,13,13,13,13,13,13
480047,1,1,0,0,0,0,0,0,18,0,0,13
480047,2,1,0,0,0,0,0,0,0,0,0,0
480047,3,1,0,0,0,0,12,0,0,0,0,0
480048,0,1,16,0,18,24,19,0,0,28,0,13
480048,1,1,13,6,0,8,0,9,3,15,10,12
480049,1,1,3,3,3,3,3,3,3,3,3,3
480050,1,1,16,16,16,16,16,16,16,16,16,16
480052,1,1,0,0,0,0,11,13,0,16,3,8
480052,2,1,0,8,0,6,26,0,0,12,0,0
480053,1,1,17,8,16,23,11,17,0,6,19,18
480054,1,1,0,0,0,0,0,0,0,0,0,0
480055,0,1,0,0,0,0,0,0,0,0,0,0
480055,0,2,24,0,0,0,19,0,0,0,0,0
480055,0,3,0,0,21,15,0,0,0,6,8,0
480055,0,4,7,43,12,0,0,0,0,0,16,0
480055,1,1,0,15,6,0,12,0,19,22,23,0
480055,2,1,0,0,0,7,20,0,0,0,0,0
480056,1,1,0,0,29,15,0,21,10,0,0,0
480057,1,1,0,0,0,0,0,0,0,0,0,0
480057,2,1,0,0,0,13,0,5,0,0,17,0
480058,1,1,0,0,0,0,0,0,0,0,0,0
480058,2,1,0,0,0,0,0,13,0,0,0,0
480059,0,1,25,25,25,25,25,25,25,25,25,25
480059,1,1,0,0,0,0,0,0,0,0,0,0
480060,1,1,19,19,19,19,19,19,19,19,19,19
480061,1,1,18,0,0,7,0,0,0,0,0,0
480061,2,1,0,0,0,0,0,28,0,0,0,14
480061,3,1,0,0,0,0,0,0,0,0,0,0
480062,1,1,0,0,0,0,0,0,0,0,0,0
480062,2,1,0,0,0,0,0,0,0,0,0,15
480063,1,1,0,12,0,5,0,0,0,0,0,0
480063,2,1,0,0,0,0,0,0,0,0,0,0
480064,1,1,5,27,5,15,0,22,5,9,10,16
480064,2,1,6,22,18,0,5,26,20,0,19,0
480064,3,1,0,30,0,3,0,25,0,0,12,30
480065,1,1,16,16,16,16,16,16,16,16,16,16
480066,1,1,1,1,1,1,1,1,1,1,1,1
480067,0,1,0,0,0,0,0,0,0,0,0,0
480067,1,1,0,0,0,0,22,3,0,11,0,0
480068,1,1,29,29,29,29,29,29,29,29,29,29
480069,1,1,14,0,20,15,0,16,0,33,14,0
480070,1,1,0,0,0,0,0,0,0,0,0,0
480070,2,1,0,0,0,0,0,0,0,0,0,0
480071,1,1,0,0,0,0,0,0,0,0,0,0
480071,2,1,0,0,0,0,0,0,0,0,0,0
480072,0,1,0,0,0,0,0,0,0,0,0,0
480072,1,1,0,0,0,0,18,0,16,0,0,0
480073,1,1,7,0,0,0,0,25,0,0,0,0
480073,2,1,0,0,0,0,0,0,0,0,0,0
480074,1,1,0,0,0,0,0,0,0,0,0,0
480074,2,1,0,0,0,22,0,0,0,0,22,0
480075,0,1,0,0,0,0,0,0,0,0,0,0
480075,1,1,0,0,0,15,0,0,0,0,0,0
480076,1,1,9,0,0,0,0,0,0,0,0,15
480077,1,1,0,0,0,0,0,0,14,0,0,22
480078,1,1,0,0,0,0,0,0,0,0,0,0
480078,2,1,19,0,0,0,0,11,16,0,0,22
480079,0,1,0,10,0,22,0,0,0,0,0,0
480079,1,1,0,0,0,0,0,0,0,0,0,0
480080,1,1,0,17,0,0,0,19,0,0,0,0
480080,2,1,0,0,0,0,0,0,0,0,0,0
480081,1,1,0,0,0,0,0,0,0,5,16,0
480081,2,1,0,0,0,0,7,0,0,10,0,0
480081,3,1,0,0,21,21,0,0,0,0,0,0
480082,1,1,0,0,15,42,0,0,0,0,0,0
480082,2,1,25,10,16,14,0,7,0,0,10,3
480083,1,1,0,0,0,0,0,0,0,0,0,0
480083,2,1,0,0,0,0,0,0,0,0,0,0
480084,1,1,0,0,0,18,22,0,0,0,12,13
480085,1,1,0,0,0,0,0,0,0,0,0,0
480085,2,1,0,0,0,0,0,0,0,0,0,0
480086,1,1,0,0,2,0,0,0,0,0,0,0
480086,2,1,0,0,0,12,0,13,0,0,0,0
480087,1,1,24,24,24,24,24,24,24,24,24,24
480088,1,1,27,0,0,6,0,0,15,0,0,18
480089,1,1,0,0,0,0,0,0,0,0,0,0
480090,1,1,0,0,0,0,0,18,18,22,0,0
480090,2,1,0,0,0,0,0,0,0,17,0,0
480091,1,1,7,17,10,21,10,31,0,0,0,32
480092,0,1,0,26,0,0,0,0,21,0,0,19
480092,1,1,16,16,16,16,16,16,16,16,16,16
480093,1,1,0,0,0,0,0,0,0,0,0,0
480094,1,1,0,0,0,0,0,0,0,0,0,0
480095,1,1,0,0,22,0,0,0,0,0,31,0
480096,1,1,0,0,0,11,0,0,0,0,0,0
480096,2,1,0,0,0,0,0,0,0,0,0,0
480097,0,1,0,0,0,0,0,0,0,0,0,0
480097,1,1,0,16,26,0,14,0,0,0,0,0
480098,1,1,19,19,19,19,19,19,19,19,19,19
480099,0,1,0,0,0,36,0,0,16,16,24,0
480099,1,1,0,0,0,0,17,0,0,0,11,0
480100,1,1,0,27,0,0,0,0,0,0,0,16
480100,2,1,0,0,18,0,0,0,0,0,0,0
480101,1,1,0,19,0,0,0,0,21,0,0,6
480101,2,1,0,0,0,0,0,0,15,17,11,0
480102,1,1,0,14,0,20,3,0,0,0,26,29
480103,0,1,20,20,20,20,20,20,20,20,20,20
480103,1,1,13,0,28,27,0,0,0,0,6,10
480104,0,1,32,10,24,14,8,23,15,15,0,9
480104,1,1,0,20,0,11,39,0,0,0,0,19
480104,2,1,0,0,0,0,0,0,0,0,0,0
480105,1,1,0,0,0,0,0,0,0,0,0,0
480106,1,1,12,0,0,0,28,0,0,0,0,0
480106,2,1,0,0,0,0,0,0,35,0,0,0
480107,1,1,8,15,0,12,15,15,12,18,31,12
480108,1,1,0,0,16,15,8,9,0,8,0,0
480111,1,1,6,0,0,15,34,0,11,10,15,0
480112,1,1,30,18,24,13,32,15,11,23,24,21
480113,1,1,0,0,0,21,12,0,6,0,0,0
480114,1,1,0,0,0,0,0,0,0,0,0,0
480115,1,1,0,0,0,0,0,0,0,0,0,0
480116,1,1,15,15,15,15,15,15,15,15,15,15
480117,1,1,16,19,10,30,0,8,18,29,24,0
480118,0,1,21,12,0,0,9,0,0,0,24,0
480118,1,1,0,0,0,0,0,0,0,0,0,0
480119,1,1,38,27,0,0,0,0,0,0,8,34
480120,1,1,0,0,0,0,0,0,0,0,0,0
480120,2,1,0,10,0,0,0,0,0,0,0,0
480121,0,1,31,0,18,0,0,0,0,0,0,0
480121,1,1,13,0,0,0,7,16,11,29,15,0
480122,1,1,19,19,19,19,19,19,19,19,19,19
480123,1,1,4,0,0,11,0,0,0,0,0,31
480123,2,1,11,0,0,0,0,0,0,0,0,17
480124,1,1,22,22,22,22,22,22,22,22,22,22
480125,0,1,0,0,0,0,22,0,0,0,3,24
480125,1,1,0,0,0,0,0,0,0,0,0,0
480126,1,1,0,0,0,0,0,0,0,0,0,0
480126,2,1,8,8,8,8,8,8,8,8,8,8
480127,1,1,0,0,0,0,0,0,0,0,0,15
480127,2,1,0,0,0,0,46,10,0,0,0,0
480128,1,1,0,23,11,9,12,0,0,16,9,12
480129,0,1,0,0,0,0,0,0,0,0,0,0
480129,1,1,20,0,0,0,12,0,27,17,15,4
480129,2,1,0,0,0,0,0,0,0,12,0,0
480129,3,1,24,0,0,18,12,29,26,0,0,16
480130,1,1,8,8,8,8,8,8,8,8,8,8
480130,2,1,26,11,0,3,15,0,9,10,0,10
480130,3,1,9,0,0,5,8,0,7,12,16,0
480131,0,1,23,23,23,23,23,23,23,23,23,23
480131,1,1,0,0,0,0,0,0,0,0,0,0
480132,1,1,0,0,28,0,4,0,0,0,0,0
480132,2,1,0,0,0,0,0,0,0,0,0,0
480133,1,1,0,0,0,0,0,0,0,0,0,0
480134,1,1,0,0,0,0,0,0,0,0,0,0
480134,2,1,0,0,0,0,0,0,0,0,0,0
480136,1,1,39,0,19,13,0,0,24,0,0,0
480137,1,1,0,0,20,0,17,13,0,0,0,22
480138,0,1,0,0,0,0,0,0,0,0,0,0
480138,1,1,12,0,0,0,0,0,16,0,0,0
480140,1,1,0,0,0,0,0,0,0,0,0,0
480141,1,1,0,0,0,0,0,0,0,0,0,0
480142,1,1,0,0,0,0,0,0,0,0,0,0
480142,2,1,0,0,0,0,0,0,0,0,0,0
480144,1,1,0,12,8,0,0,0,0,0,0,0
480145,1,1,0,0,0,0,0,0,0,0,0,0
480145,2,1,0,0,0,0,0,0,29,0,0,0
480145,3,1,0,0,0,24,0,0,0,0,0,0
480145,4,1,0,20,0,0,0,0,0,19,0,0
480146,1,1,0,0,0,0,0,0,0,0,0,0
480147,0,1,0,0,0,0,0,0,0,0,0,0
480147,1,1,0,0,0,0,0,0,25,5,0,0
480148,1,1,10,10,10,10,10,10,10,10,10,10
480148,2,1,0,0,0,18,20,0,0,0,0,0
480149,1,1,0,0,15,0,0,13,30,0,18,0
480150,0,1,29,0,0,0,0,0,15,0,0,0
480150,1,1,0,0,0,0,0,0,0,0,0,0
480150,2,1,0,0,22,0,0,0,0,0,22,0
480151,0,1,31,22,0,0,0,0,18,0,27,28
480151,1,1,0,0,0,0,0,0,0,0,0,0
480152,0,1,0,0,0,0,0,0,0,0,0,0
480152,1,1,2,2,2,2,2,2,2,2,2,2
480153,1,1,0,0,0,0,0,0,0,0,9,0
480153,2,1,0,0,13,0,0,0,0,0,0,0
480154,0,1,0,0,0,0,0,0,0,0,0,0
480154,1,1,0,0,0,0,0,0,0,0,0,0
480154,3,1,0,0,0,15,0,0,0,9,0,7
480155,1,1,9,9,9,9,9,9,9,9,9,9
480155,2,1,0,6,0,0,0,0,0,22,0,21
480155,3,1,0,0,0,0,0,0,0,8,9,0
480156,1,1,0,0,0,0,0,0,0,0,14,0
480156,2,1,2,2,2,2,2,2,2,2,2,2
480157,0,1,0,0,0,0,0,11,0,0,12,0
480157,1,1,0,0,0,11,0,7,12,0,0,0
480158,1,1,0,0,0,13,0,0,0,0,0,0
480158,2,1,0,5,0,0,0,0,0,0,0,13
480159,1,1,18,0,2,0,0,25,0,0,42,27
480160,0,1,0,35,11,0,0,15,5,0,16,26
480160,1,1,19,0,16,0,13,7,15,31,28,0
480161,1,1,0,0,12,26,0,0,17,0,16,0
480163,1,1,0,0,0,0,0,0,0,0,0,0
480163,2,1,0,0,14,0,0,0,0,0,0,0
480164,1,1,0,0,14,0,0,0,0,0,0,0
480165,1,1,19,19,19,19,19,19,19,19,19,19
480166,1,1,0,0,0,0,0,0,0,0,0,0
480166,2,1,0,0,0,0,0,0,0,0,0,0
480167,1,1,0,10,0,0,0,0,13,0,0,0
480167,2,1,0,0,5,0,11,0,0,18,0,10
480167,3,1,0,19,21,19,12,13,0,4,15,9
480168,1,1,0,0,0,0,0,0,0,0,0,0
480169,1,1,13,5,0,0,0,19,25,30,26,0
480169,2,1,0,0,8,0,10,4,13,6,23,15
480169,3,1,10,0,0,25,19,0,0,32,0,0
480170,1,1,16,25,0,0,0,0,0,0,0,0
480170,2,1,4,4,4,4,4,4,4,4,4,4
480171,1,1,18,18,18,18,18,18,18,18,18,18
480172,1,1,6,6,6,6,6,6,6,6,6,6
480173,1,1,0,0,0,0,0,0,0,0,0,0
480173,2,1,1,1,1,1,1,1,1,1,1,1
480174,1,1,0,0,21,0,0,0,0,8,0,0
480174,2,1,38,38,38,38,38,38,38,38,38,38
480175,1,1,20,20,20,20,20,20,20,20,20,20
480176,1,1,0,0,0,0,0,0,0,0,0,0
480177,1,1,11,11,11,11,11,11,11,11,11,11
480177,2,1,0,0,0,0,0,0,0,0,0,0
480177,3,1,0,0,0,0,0,0,0,0,0,0
480177,4,1,0,0,0,0,0,0,0,0,0,0
480178,1,1,0,11,0,8,10,0,5,0,0,0
480179,1,1,32,32,32,32,32,32,32,32,32,32
480180,1,1,25,25,25,25,25,25,25,25,25,25
480181,1,1,0,0,0,0,0,0,0,0,0,0
480182,1,1,13,0,0,0,0,0,10,0,0,0
480183,1,1,32,24,3,0,21,14,9,0,14,4
480184,1,1,6,6,6,6,6,6,6,6,6,6
480184,2,1,0,0,0,0,0,0,0,0,0,0
480185,1,1,9,27,6,43,15,16,24,6,12,12
480186,1,1,0,0,0,0,0,0,0,0,0,0
480186,2,1,0,0,25,0,0,0,0,0,0,0
480187,1,1,0,0,0,0,0,0,0,0,0,16
480187,2,1,0,0,0,0,0,0,21,33,0,0
480188,1,1,0,0,0,0,0,0,0,0,0,0
480189,1,1,0,0,0,0,0,0,0,0,8,0
480189,2,1,0,0,0,0,0,0,0,23,0,0
480190,0,1,38,38,38,38,38,38,38,38,38,38
480190,1,1,0,0,0,0,12,0,0,0,0,0
480191,1,1,0,0,9,0,0,0,18,37,0,0
480192,1,1,0,0,0,0,0,9,0,0,0,6
480192,2,1,0,0,0,0,0,0,0,0,0,0
480193,1,1,0,0,0,0,0,0,0,0,0,0
480193,2,1,0,0,0,0,0,0,0,0,0,0
480194,1,1,33,33,33,33,33,33,33,33,33,33
480195,1,1,13,13,13,13,13,13,13,13,13,13
480196,1,1,6,0,0,0,0,0,0,0,0,16
480197,1,1,10,10,10,10,10,10,10,10,10,10
480197,2,1,0,0,0,0,0,0,0,0,0,0
480197,3,1,0,0,0,0,0,0,0,0,0,0
480198,1,1,0,0,0,0,0,0,0,0,0,0
480198,2,1,0,0,10,0,0,0,4,0,14,11
480199,1,1,31,31,31,31,31,31,31,31,31,31
480200,1,1,0,0,0,0,0,0,0,0,0,0
480201,1,1,0,0,0,0,0,0,0,0,0,0
480201,2,1,6,0,0,0,0,0,0,0,0,0
480202,0,1,0,0,0,0,0,0,0,0,0,0
480202,1,1,0,0,0,0,0,0,0,0,0,0
480203,1,1,0,0,0,22,0,0,0,0,16,0
480203,2,1,0,16,17,0,26,0,0,10,4,14
480204,1,1,0,0,0,0,0,0,0,0,0,0
480204,2,1,0,0,0,0,0,0,0,0,0,0
480205,0,1,0,0,0,0,0,0,0,0,0,0
480205,1,1,0,0,13,0,6,21,5,0,4,0
480206,1,1,16,16,16,16,16,16,16,16,16,16
480207,1,1,0,0,0,0,0,0,0,0,0,0
480207,2,1,14,0,0,0,0,0,0,0,0,0
480208,0,1,0,0,0,0,0,0,0,0,0,0
480208,1,1,13,0,19,11,0,0,0,25,0,0
480209,1,1,32,32,32,32,32,32,32,32,32,32
480210,1,1,0,0,0,0,0,15,0,0,0,0
480210,2,1,0,0,0,0,0,0,0,0,0,0
480211,1,1,0,0,0,17,0,0,0,0,0,0
480211,2,1,0,0,0,0,0,0,0,0,0,0
480212,1,1,0,15,0,0,0,0,0,0,0,0
480212,2,1,0,0,0,0,0,0,0,0,0,16
480213,0,1,0,25,13,6,22,0,10,43,0,0
480213,1,1,0,0,0,0,0,0,8,11,0,0
480215,1,1,0,0,0,0,0,0,35,0,10,0
480215,2,1,0,0,0,0,0,5,0,0,0,0
480216,1,1,0,0,0,0,0,0,0,0,0,0
480217,1,1,21,16,30,22,7,8,13,0,33,0
480218,1,1,0,0,22,0,0,0,0,0,11,0
480218,2,1,0,0,5,0,0,0,0,0,0,0
480219,1,1,0,0,0,0,0,0,0,0,0,0
480220,0,1,34,0,0,0,23,0,0,22,0,11
480220,1,1,8,3,18,21,0,0,9,6,8,4
480221,1,1,14,14,14,14,14,14,14,14,14,14
480221,2,1,19,26,0,15,0,0,0,0,0,29
480222,1,1,0,10,18,19,18,32,9,2,33,15
480222,2,1,0,0,0,0,0,0,0,0,0,0
480223,1,1,18,18,18,18,18,18,18,18,18,18
480224,1,1,0,0,0,0,0,0,0,0,0,0
480225,1,1,0,0,0,0,0,0,0,0,0,0
480226,0,1,10,20,16,28,12,25,5,17,17,6
480226,1,1,0,10,0,0,23,0,0,0,0,0
480227,1,1,0,0,0,0,0,0,0,0,0,0
480228,1,1,0,0,0,0,0,0,0,0,0,0
480228,2,1,0,0,0,0,0,0,0,0,0,0
480229,0,1,0,22,0,0,0,0,11,0,19,0
480229,1,1,34,43,10,0,0,12,21,0,8,0
480230,1,1,0,0,0,0,22,0,0,10,4,29
480230,2,1,0,0,0,0,0,0,0,0,0,0
480230,3,1,0,0,0,0,0,0,0,11,0,13
480231,1,1,1,1,1,1,1,1,1,1,1,1
480231,2,1,0,0,0,0,0,0,0,0,0,0
480232,1,1,0,0,0,0,0,0,0,0,0,0
480232,2,1,0,10,0,0,0,0,5,0,0,0
480233,1,1,0,0,0,25,0,0,0,0,20,0
480233,2,1,0,0,0,0,0,0,0,0,0,0
480234,1,1,0,0,0,0,0,12,0,0,0,0
480234,2,1,0,0,0,0,0,0,0,0,0,0
480235,0,1,14,18,0,0,0,15,0,0,0,30
480235,1,1,0,16,0,0,0,0,23,20,0,0
480236,1,1,19,19,19,19,19,19,19,19,19,19
480237,1,1,13,13,13,13,13,13,13,13,13,13
480237,2,1,0,0,0,0,0,0,0,0,0,0
480238,1,1,0,0,0,0,0,0,0,0,0,0
480238,2,1,0,8,0,0,0,12,17,0,0,5
480239,1,1,23,23,23,23,23,23,23,23,23,23
480240,1,1,19,0,4,0,16,0,6,25,6,18
480240,2,1,0,0,0,0,0,0,13,24,0,0
480241,1,1,25,18,12,36,4,0,11,0,2,11
480241,2,1,0,0,0,0,0,0,0,0,0,0
480242,1,1,0,0,0,0,0,0,0,0,0,12
480242,2,1,0,0,0,0,0,0,0,0,0,0
480243,0,1,22,17,0,0,11,0,17,0,24,26
480243,1,1,19,14,0,0,0,20,0,0,0,0
480244,1,1,30,30,30,30,30,30,30,30,30,30
480244,2,1,0,0,8,0,0,8,15,10,0,0
480246,1,1,20,20,20,20,20,20,20,20,20,20
480247,1,1,0,0,0,0,0,0,0,0,0,0
480248,1,1,0,0,0,0,0,0,0,0,0,0
480248,2,1,0,0,0,0,0,0,0,0,25,0
480250,0,1,6,26,0,0,0,0,0,0,19,0
480250,1,1,0,0,4,27,0,20,0,11,0,15
480251,1,1,0,0,0,8,0,10,0,0,13,21
480252,1,1,0,0,0,0,0,0,0,0,0,0
480252,2,1,0,0,0,0,0,0,0,0,0,0
480253,1,1,0,17,0,14,17,0,33,0,0,0
480254,1,1,0,0,0,0,15,23,0,0,0,0
480254,2,1,0,0,0,0,0,0,0,12,0,0
480254,3,1,0,0,0,0,0,0,0,0,9,0
480254,4,1,0,0,0,22,0,14,0,0,0,0
480255,1,1,16,16,16,16,16,16,16,16,16,16
480255,2,1,8,21,13,7,26,17,14,19,0,0
480256,1,1,0,0,0,10,10,0,0,0,0,0
480257,1,1,4,4,4,4,4,4,4,4,4,4
480258,1,1,14,26,27,27,0,12,0,0,0,0
480259,1,1,21,26,0,22,14,14,4,0,26,6
480259,2,1,0,30,9,16,0,0,0,0,20,0
480260,1,1,0,0,0,0,0,0,0,0,0,0
480260,2,1,0,0,0,0,0,0,32,0,0,0
480261,0,1,0,0,0,0,0,0,0,0,0,0
480261,1,1,0,0,0,0,0,0,0,0,0,0
480262,1,1,0,0,0,0,0,0,0,0,0,0
480262,2,1,0,13,0,0,23,0,10,0,0,0
480263,1,1,8,0,0,0,0,0,0,0,0,8
480263,2,1,0,0,24,0,0,0,0,0,10,0
480264,1,1,11,11,11,11,11,11,11,11,11,11
480265,1,1,0,0,0,0,0,0,0,0,0,0
480266,1,1,0,0,0,0,0,0,11,0,8,5
480266,2,1,0,0,0,0,0,0,0,0,3,0
480267,1,1,0,0,0,0,9,26,16,0,4,0
480268,1,1,0,0,0,0,0,0,0,0,12,0
480270,1,1,3,3,3,3,3,3,3,3,3,3
480270,2,1,0,0,0,15,0,0,0,0,0,0
480271,1,1,0,14,0,14,0,0,0,0,0,0
480271,2,1,0,0,0,0,0,0,0,0,0,0
480272,1,1,0,0,0,0,0,0,0,0,0,0
480272,2,1,0,0,0,23,0,0,19,0,20,0
480273,0,1,0,0,0,0,0,0,0,0,0,0
480273,1,1,0,0,0,0,0,0,0,0,0,0
480274,0,1,0,0,0,0,0,0,0,0,0,0
480274,1,1,0,0,0,0,0,0,0,0,0,0
480275,0,1,0,0,0,0,0,33,0,10,0,0
480275,1,1,0,0,0,0,0,0,6,0,0,0
480276,0,1,13,13,13,13,13,13,13,13,13,13
480276,1,1,20,13,17,0,0,0,19,0,9,0
480277,1,1,11,13,0,0,0,0,0,0,0,0
480277,2,1,0,0,0,0,0,0,0,0,0,0
480278,1,1,0,22,21,0,26,0,0,0,30,0
480279,1,1,0,8,0,0,12,0,10,0,0,0
480280,1,1,0,11,0,20,12,0,0,0,0,28
480280,2,1,0,0,0,0,0,0,0,0,0,0
480281,1,1,20,0,0,0,14,0,0,0,0,0
480281,2,1,0,0,0,0,0,0,0,0,0,0
480281,3,1,0,0,0,0,0,0,11,6,0,0
480282,1,1,0,0,0,0,0,0,0,0,0,0