ST_CASE,VEH_NO,PER_NO,P1,P2,P3,P4,P5,P6,P7,P8,P9,P10
480567,1,1,0,0,0,0,0,0,0,0,0,0
480567,2,1,0,0,0,0,0,0,0,0,0,0
480567,3,1,0,0,0,0,0,0,0,0,0,0
480568,1,1,0,0,0,0,0,0,0,0,0,0
480568,2,1,11,0,15,0,0,0,0,0,0,32
480569,1,1,3,0,17,0,0,0,0,0,0,18
480570,1,1,9,0,16,0,15,0,19,0,0,0
480571,0,1,0,0,0,0,0,0,0,0,0,0
480571,1,1,0,0,0,0,0,0,0,0,0,0
480572,1,1,0,0,0,0,0,0,0,0,0,0
480572,2,1,0,12,0,19,0,0,0,0,0,0
480572,3,1,0,0,0,0,0,0,0,0,0,0
480573,1,1,0,0,0,0,0,0,0,0,0,0
480574,1,1,16,0,7,6,0,11,19,0,9,0
480574,2,1,19,0,0,0,0,0,18,23,0,0
480574,3,1,0,11,0,0,0,0,0,0,0,0
480575,1,1,0,0,0,0,0,0,0,0,0,0
480575,2,1,0,0,0,0,0,0,0,18,0,17
480576,1,1,0,0,11,13,31,0,0,0,0,4
480577,1,1,11,0,0,0,0,0,0,0,0,8
480577,2,1,0,0,0,0,0,0,0,0,0,0
480578,1,1,0,0,0,0,15,0,0,0,0,0
480578,2,1,0,0,0,0,0,0,0,0,0,0
480579,0,1,19,0,0,6,36,33,42,12,34,0
480579,0,2,0,0,32,21,0,0,14,0,0,0
480579,1,1,38,28,11,0,0,0,0,0,0,0
480580,1,1,0,0,0,0,0,8,0,5,19,23
480581,1,1,1,1,1,1,1,1,1,1,1,1
480581,2,1,0,0,0,0,0,0,0,0,0,0
480581,3,1,0,0,0,0,0,0,0,6,0,0
480582,1,1,0,5,0,0,0,0,0,0,0,0
480582,2,1,8,24,0,0,23,0,0,0,0,0
480582,3,1,0,0,0,0,0,0,6,15,0,0
480583,1,1,23,23,23,23,23,23,23,23,23,23
480584,0,1,0,0,0,0,0,0,0,0,0,0
480584,1,1,0,0,0,0,0,0,0,0,0,0
480585,1,1,0,0,0,0,0,0,19,0,0,0
480586,1,1,25,0,19,21,20,0,12,23,0,0
480587,1,1,0,0,0,0,0,0,0,0,0,0
480587,2,1,0,6,0,0,0,0,6,0,0,0
480588,0,1,0,0,0,0,0,13,0,0,0,0
480588,1,1,0,19,13,0,0,0,0,0,0,0
480589,1,1,0,0,0,0,0,0,0,0,0,0
480589,2,1,0,0,9,0,0,0,0,0,0,0
480589,3,1,0,0,0,0,0,14,0,0,0,0
480589,4,1,0,0,0,0,0,0,0,0,0,0
480589,5,1,0,13,0,0,0,0,0,0,0,0
480589,6,1,0,0,0,0,0,0,0,0,0,0
480590,1,1,0,0,0,0,0,0,0,0,0,0
480590,2,1,0,0,0,0,0,0,4,0,0,5
480590,3,1,0,0,0,0,0,0,0,0,0,0
480591,1,1,3,0,0,0,0,15,5,8,10,0
480591,2,1,0,12,0,13,0,0,16,2,20,9
480591,3,1,0,4,0,32,14,0,28,0,0,0
480592,1,1,0,0,0,13,29,0,13,0,0,20
480592,2,1,19,19,19,19,19,19,19,19,19,19
480593,1,1,0,0,0,0,0,0,0,0,0,0
480594,0,1,23,23,23,23,23,23,23,23,23,23
480594,1,1,8,16,24,0,5,0,6,0,0,15
480595,1,1,0,0,0,0,0,0,0,0,0,0
480595,2,1,0,0,0,0,0,0,0,0,0,0
480596,1,1,0,0,0,0,0,0,0,0,0,0
480596,2,1,0,0,0,0,0,0,0,0,0,0
480596,3,1,0,3,0,0,0,0,0,0,0,0
480597,1,1,0,0,0,0,0,0,0,0,0,0
480597,2,1,0,0,24,0,0,0,0,0,0,0
480598,1,1,0,0,0,0,0,0,0,0,0,0
480599,1,1,0,0,0,0,0,0,0,0,0,0
480600,1,1,16,11,7,0,17,20,22,13,0,0
480601,0,1,0,0,0,0,0,0,0,0,0,9
480601,1,1,0,0,0,0,0,0,0,0,0,0
480602,1,1,0,0,0,0,0,0,0,0,0,0
480602,2,1,0,24,0,0,8,0,0,0,0,0
480602,3,1,0,0,0,0,10,0,19,0,0,0
480603,0,1,0,0,0,0,0,0,29,0,13,0
480603,1,1,0,0,0,11,0,24,0,0,0,0
480604,0,1,0,0,0,0,0,0,0,0,0,0
480604,1,1,0,12,0,15,0,0,0,0,0,0
480605,1,1,0,0,0,0,0,0,0,0,0,0
480606,1,1,0,0,0,0,0,0,0,0,0,0
480606,2,1,0,0,0,0,0,0,0,0,0,0
480607,1,1,0,0,0,0,0,0,0,0,0,0
480608,1,1,19,19,19,19,19,19,19,19,19,19
480609,0,1,0,25,27,12,0,36,0,0,10,0
480609,1,1,0,0,0,0,0,26,0,9,0,20
480610,1,1,44,44,44,44,44,44,44,44,44,44
480610,2,1,0,13,0,0,0,0,0,0,0,0
480611,1,1,0,0,0,0,0,0,0,0,0,0
480611,2,1,0,0,4,0,0,0,0,0,0,10
480612,1,1,0,0,17,0,18,18,0,9,0,0
480612,2,1,8,0,0,0,13,0,0,0,0,0
480612,3,1,18,24,0,0,28,0,0,21,0,0
480612,4,1,0,0,0,0,0,8,0,0,16,18
480612,5,1,0,0,0,0,0,14,0,9,0,0
480613,0,1,16,16,16,16,16,16,16,16,16,16
480613,1,1,16,0,0,17,9,16,30,0,0,15
480614,1,1,16,16,16,16,16,16,16,16,16,16
480614,2,1,0,0,0,8,0,5,0,21,0,0
480615,1,1,0,17,8,0,0,0,27,0,0,0
480615,2,1,0,10,6,0,0,0,0,0,0,0
480616,1,1,3,3,3,3,3,3,3,3,3,3
480616,2,1,0,0,0,0,0,0,0,0,0,0
480617,1,1,3,0,0,0,0,0,0,0,0,0
480617,2,1,0,0,0,18,23,0,0,4,31,0
480618,0,1,0,10,0,20,13,30,21,0,16,0
480618,1,1,28,15,15,8,0,4,12,4,12,13
480619,1,1,0,0,0,0,21,0,0,0,0,0
480619,2,1,0,0,0,0,0,14,14,0,14,0
480620,1,1,0,0,0,0,0,0,0,0,0,0
480620,2,1,0,0,0,0,0,0,0,0,0,0
480621,1,1,15,15,15,15,15,15,15,15,15,15
480622,1,1,0,0,0,0,0,0,0,0,0,0
480622,2,1,0,0,0,0,0,0,0,0,0,0
480623,1,1,10,10,10,10,10,10,10,10,10,10
480623,2,1,0,0,0,0,0,0,0,0,0,0
480624,1,1,0,0,0,0,0,0,0,0,0,0
480625,1,1,15,15,15,15,15,15,15,15,15,15
480625,2,1,0,0,0,0,0,18,0,12,0,0
480626,1,1,22,16,18,31,21,23,12,26,20,10
480627,0,1,0,0,0,0,0,0,0,0,0,0
480627,1,1,14,0,2,11,0,0,16,30,0,24
480628,1,1,23,23,23,23,23,23,23,23,23,23
480629,1,1,0,10,0,0,28,13,0,0,14,0
480629,2,1,17,12,20,22,0,11,0,25,29,0
480629,3,1,6,36,9,0,0,23,0,17,0,0
480630,1,1,13,13,13,13,13,13,13,13,13,13
480630,2,1,15,0,3,0,0,27,15,9,0,0
480631,1,1,0,0,0,0,0,0,10,18,0,0
480631,2,1,2,2,2,2,2,2,2,2,2,2
480632,1,1,0,0,0,0,19,0,0,10,0,0
480632,2,1,0,0,0,0,0,0,13,0,0,0
480633,1,1,0,0,0,0,11,0,0,0,0,18
480634,1,1,18,13,0,0,9,0,8,10,0,0
480634,2,1,0,0,0,0,0,6,8,0,11,0
480635,1,1,13,13,13,13,13,13,13,13,13,13
480636,1,1,0,0,0,0,0,0,0,0,0,0
480636,2,1,16,0,2,30,11,4,17,8,0,7
480637,1,1,0,0,0,0,0,0,0,0,0,0
480637,2,1,0,0,0,0,2,0,0,0,0,0
480638,1,1,0,0,0,0,0,0,0,32,0,0
480638,2,1,0,0,0,0,18,0,0,0,20,17
480638,3,1,0,0,16,0,0,0,0,0,21,16
480639,0,1,0,23,7,0,0,22,0,0,0,13
480639,1,1,0,0,2,19,0,0,0,0,13,0
480640,1,1,0,0,0,0,0,14,11,0,0,0
480640,2,1,0,0,0,0,0,0,0,0,0,0
480641,1,1,25,25,25,25,25,25,25,25,25,25
480642,1,1,0,0,0,0,0,0,0,0,0,0
480643,1,1,0,0,0,0,0,0,0,0,0,0
480643,2,1,0,0,0,0,0,0,0,0,0,0
480645,1,1,0,0,0,0,0,0,0,0,0,0
480645,2,1,0,0,0,0,0,0,45,0,0,0
480645,3,1,0,0,0,0,0,0,0,0,0,0
480646,1,1,0,0,0,0,19,0,0,0,0,0
480646,2,1,16,14,0,0,0,0,12,0,0,0
480646,3,1,0,10,0,0,0,0,0,0,0,0
480647,1,1,0,0,0,0,0,11,11,0,0,0
480647,2,1,0,0,0,0,0,0,0,0,0,0
480648,1,1,0,0,0,0,0,0,0,0,21,0
480648,2,1,0,0,0,0,0,0,0,0,0,0
480649,1,1,0,0,0,0,0,0,0,0,0,16
480650,1,1,0,0,0,0,0,0,0,0,0,6
480650,2,1,0,0,0,0,0,0,0,0,0,0
480651,1,1,0,0,0,0,0,0,0,0,0,0
480652,1,1,2,2,2,2,2,2,2,2,2,2
480652,2,1,12,0,0,12,0,20,0,15,17,22
480653,1,1,0,0,0,0,16,0,0,0,0,0
480654,1,1,0,0,0,0,0,0,0,0,0,0
480656,1,1,0,39,0,0,0,0,0,0,0,0
480657,1,1,0,0,0,0,0,0,0,0,0,0
480657,2,1,6,0,21,19,25,23,3,0,23,3
480658,1,1,0,0,21,0,0,0,0,0,0,0
480659,0,1,0,0,16,46,0,0,13,20,2,0
480659,1,1,14,0,0,5,0,0,0,0,0,0
480660,1,1,0,0,0,0,0,0,0,0,0,0
480660,2,1,0,0,0,0,0,0,0,0,0,0
480661,0,1,14,11,22,17,23,0,18,45,36,0
480661,1,1,0,0,0,15,0,0,15,0,0,0
480662,0,1,25,29,19,18,19,0,0,0,40,0
480662,1,1,0,0,0,0,0,0,0,0,0,0
480663,1,1,23,23,23,23,23,23,23,23,23,23
480664,1,1,0,0,0,0,0,0,0,12,0,0
480664,2,1,0,0,0,0,0,0,0,0,0,0
480665,1,1,0,0,0,0,0,0,0,0,0,0
480665,2,1,24,0,5,0,0,16,0,11,20,0
480667,1,1,24,24,24,24,24,24,24,24,24,24
480668,0,1,0,23,20,0,0,22,5,0,0,4
480668,1,1,0,0,0,0,0,0,0,0,0,0
480669,0,1,0,25,0,0,0,0,0,0,0,12
480669,0,2,25,0,0,0,0,0,0,15,0,25
480669,0,3,16,0,9,26,26,0,0,0,17,0
480669,1,1,0,14,14,0,17,0,0,0,0,0
480670,1,1,0,6,10,26,2,7,0,0,3,21
480670,2,1,0,13,0,4,0,12,0,11,26,0
480670,3,1,0,17,0,11,6,0,16,0,0,0
480671,0,1,24,44,28,22,31,8,0,45,0,30
480671,1,1,0,0,14,17,6,4,7,18,16,18
480672,1,1,20,17,12,10,23,5,8,7,14,13
480673,1,1,0,30,0,16,0,0,0,16,19,0
480673,2,1,0,0,0,0,0,0,0,0,0,0
480674,1,1,12,12,12,12,12,12,12,12,12,12
480675,1,1,39,27,0,20,17,0,0,0,0,18
480676,1,1,0,0,0,0,0,28,8,0,0,24
480676,2,1,0,0,0,0,0,13,0,0,0,0
480677,1,1,0,0,0,0,23,0,0,11,0,6
480678,1,1,0,0,0,0,0,0,0,0,0,0
480678,2,1,0,0,0,0,9,11,0,0,7,5
480679,1,1,26,26,26,26,26,26,26,26,26,26
480680,1,1,0,0,0,0,0,0,0,0,7,0
480680,2,1,0,0,48,0,0,0,0,0,0,0
480681,1,1,12,12,12,12,12,12,12,12,12,12
480681,2,1,0,0,0,0,0,0,0,0,0,0
480681,3,1,0,0,0,0,0,0,0,0,0,0
480682,1,1,17,0,0,23,0,40,0,15,0,0
480682,2,1,0,0,0,0,0,0,0,0,0,0
480683,1,1,25,25,25,25,25,25,25,25,25,25
480684,1,1,0,0,0,0,3,59,0,0,0,0
480684,2,1,18,8,0,0,9,0,0,3,0,0
480685,1,1,0,0,0,0,0,0,0,0,0,0
480685,2,1,0,0,0,0,0,0,0,0,0,0
480686,1,1,0,0,0,0,0,0,0,0,0,0
480686,2,1,0,24,0,0,0,0,0,0,0,0
480687,1,1,0,0,0,0,0,0,0,0,0,0
480688,0,1,0,0,0,0,0,0,0,0,0,0
480688,1,1,0,0,14,8,0,0,16,0,0,0
480689,0,1,0,0,0,0,0,0,0,0,0,0
480689,1,1,0,0,0,0,14,0,0,0,0,0
480690,1,1,4,0,0,0,17,0,17,0,0,0
480690,2,1,14,0,16,16,0,0,17,0,17,13
480691,1,1,0,0,18,0,4,0,0,0,18,21
480691,2,1,0,0,0,0,0,0,0,0,0,0
480692,1,1,23,23,23,23,23,23,23,23,23,23
480692,2,1,6,0,14,0,18,0,0,0,0,0
480693,1,1,0,0,28,22,27,0,22,38,34,13
480694,0,1,0,0,0,0,0,0,0,0,0,0
480694,1,1,28,0,0,0,0,0,0,0,13,0
480695,1,1,0,0,0,0,0,0,0,0,0,0
480695,2,1,0,0,21,0,0,0,0,0,0,0
480696,1,1,12,19,0,0,14,0,0,0,0,33
480696,2,1,16,0,0,16,0,0,34,17,0,33
480697,1,1,11,0,0,0,16,0,0,0,9,21
480698,1,1,15,18,0,23,0,0,0,15,17,20
480699,1,1,21,21,21,21,21,21,21,21,21,21
480699,2,1,0,0,5,0,9,0,17,0,17,25
480701,0,1,0,0,0,0,0,0,0,0,40,0
480701,1,1,0,0,0,0,0,0,0,0,0,0
480702,1,1,0,14,0,0,11,9,35,0,0,0
480702,2,1,0,0,6,0,0,2,0,0,0,0
480703,0,1,2,2,2,2,2,2,2,2,2,2
480703,1,1,0,0,0,0,0,0,0,10,0,0
480704,1,1,0,0,0,0,0,0,0,0,0,0
480704,2,1,0,0,0,0,0,0,0,0,0,0
480705,1,1,13,13,13,13,13,13,13,13,13,13
480705,2,1,0,0,0,0,0,0,0,0,0,0
480705,3,1,16,38,0,0,0,27,35,0,0,0
480706,1,1,17,17,17,17,17,17,17,17,17,17
480707,1,1,21,9,0,0,0,0,0,0,0,17
480708,1,1,0,0,0,0,0,0,0,0,0,0
480709,1,1,0,0,0,0,1,0,0,0,0,0
480710,1,1,0,0,22,0,0,0,0,0,0,0
480710,2,1,0,0,0,0,0,0,0,0,0,0
480710,3,1,0,24,0,33,0,0,0,0,0,0
480711,1,1,32,32,32,32,32,32,32,32,32,32
480712,1,1,12,22,0,17,4,14,7,3,33,13
480713,1,1,21,22,16,0,0,15,8,11,34,10
480713,2,1,10,0,8,9,19,0,0,0,12,18
480714,1,1,0,0,22,0,0,0,0,0,0,0
480714,2,1,0,0,0,0,0,0,0,0,0,0
480715,0,1,18,17,8,0,10,33,20,13,22,17
480715,1,1,0,0,0,0,0,0,0,0,0,0
480716,1,1,16,0,18,0,0,19,0,13,0,20
480716,2,1,8,0,20,6,51,0,0,0,0,15
480717,1,1,29,0,14,0,0,16,0,0,19,0
480718,1,1,5,0,0,0,0,0,0,0,0,0
480718,2,1,0,7,0,0,0,0,12,0,15,22
480720,0,1,31,0,32,34,0,0,27,25,41,16
480720,1,1,12,0,0,4,0,0,0,21,0,0
480720,2,1,0,0,0,17,0,0,0,0,15,23
480721,1,1,0,0,0,0,0,0,0,0,0,0
480721,2,1,0,0,0,0,0,0,0,0,0,0
480721,3,1,0,0,0,0,0,11,0,0,0,0
480722,1,1,0,0,10,13,13,0,25,0,0,9
480722,2,1,0,0,0,9,15,4,18,0,0,0
480723,0,1,0,0,0,0,0,19,0,0,0,0
480723,1,1,0,13,0,0,0,0,15,0,0,15
480724,1,1,10,13,22,0,0,10,0,0,0,15
480725,1,1,0,0,0,0,0,0,0,0,0,8
480725,2,1,18,30,20,0,0,23,18,25,0,0
480726,1,1,0,0,0,0,0,0,0,0,0,0
480727,1,1,0,15,0,0,0,0,0,0,4,0
480727,2,1,0,13,22,0,0,0,0,0,0,0
480728,1,1,28,0,0,0,0,0,0,0,18,15
480729,1,1,18,18,18,18,18,18,18,18,18,18
480730,1,1,21,0,0,0,8,0,23,15,0,0
480730,2,1,15,15,26,25,13,0,13,11,10,21
480731,0,1,0,0,35,21,27,0,0,34,42,35
480731,1,1,0,0,21,0,9,0,0,14,0,0
480732,1,1,0,0,10,4,4,7,14,0,0,10
480732,2,1,0,16,20,0,27,17,0,16,0,16
480733,1,1,0,0,0,0,0,0,0,0,0,0
480733,2,1,0,0,0,14,0,0,0,0,0,0
480734,0,1,0,0,0,0,0,0,0,0,0,0
480734,1,1,0,2,19,0,9,0,19,34,16,0
480735,1,1,0,11,24,0,14,0,12,0,0,0
480737,1,1,0,0,0,0,0,0,0,17,14,0
480737,2,1,0,0,0,0,0,0,12,0,14,0
480738,1,1,14,0,14,35,0,0,26,18,19,0
480738,2,1,0,0,0,0,0,0,9,0,0,0
480739,1,1,0,14,0,25,0,19,13,12,0,0
480740,1,1,10,30,19,0,34,17,0,0,0,18
480741,1,1,14,0,0,22,0,0,0,18,13,0
480742,1,1,0,0,0,0,0,11,0,0,0,15
480742,2,1,0,7,0,12,0,0,0,21,0,0
480743,0,1,0,0,0,0,0,0,0,0,0,0
480743,1,1,0,6,6,0,0,25,0,0,0,0
480744,1,1,0,13,0,18,0,0,0,0,0,0
480744,2,1,0,0,0,0,23,0,0,0,38,10
480745,1,1,0,0,0,0,0,0,0,0,0,0
480745,2,1,0,0,0,0,0,0,0,0,0,0
480745,3,1,0,0,0,16,35,8,0,0,0,16
480745,4,1,0,0,0,0,0,0,0,0,0,0
480745,5,1,0,0,0,0,0,0,0,0,0,0
480746,1,1,10,0,18,15,0,0,0,0,0,0
480746,2,1,0,13,0,6,0,18,5,13,0,0
480746,3,1,0,0,0,0,0,0,13,0,12,0
480747,1,1,17,0,0,12,0,25,9,26,36,0
480747,2,1,0,21,0,0,26,0,12,0,13,35
480748,1,1,0,0,0,0,0,0,0,0,0,0
480749,1,1,0,0,0,0,34,0,8,0,0,0
480749,2,1,9,9,9,9,9,9,9,9,9,9
480750,1,1,14,14,14,14,14,14,14,14,14,14
480751,1,1,0,10,0,12,0,5,0,26,3,0
480751,2,1,22,22,22,22,22,22,22,22,22,22
480752,1,1,37,37,37,37,37,37,37,37,37,37
480754,1,1,19,14,0,0,0,0,0,16,27,0
480755,1,1,1,1,1,1,1,1,1,1,1,1
480755,2,1,0,0,0,0,0,0,0,0,0,0
480755,3,1,0,0,0,0,0,0,0,0,15,0
480756,0,1,0,13,0,0,0,0,0,0,0,20
480756,0,2,28,0,0,0,29,0,0,23,0,0
480756,1,1,0,0,0,0,0,0,0,0,0,0
480757,1,1,0,0,0,0,0,0,30,25,0,0
480758,0,1,0,0,0,0,0,24,18,0,9,4
480758,1,1,0,0,0,5,0,7,39,43,0,11
480759,1,1,0,0,0,0,0,0,0,0,0,0
480760,0,1,17,17,17,17,17,17,17,17,17,17
480760,1,1,0,7,0,0,22,3,9,0,0,0
480761,1,1,0,0,0,0,0,0,0,0,0,0
480761,2,1,0,19,0,22,0,0,0,0,0,18
480761,3,1,0,0,0,0,0,0,0,0,0,0
480762,1,1,11,11,11,11,11,11,11,11,11,11
480763,1,1,0,0,0,0,0,0,0,0,0,0
480763,2,1,0,0,37,0,0,0,0,0,0,0
480764,1,1,0,0,0,0,14,0,0,0,0,4
480764,2,1,0,0,0,23,0,0,0,0,0,8
480764,3,1,0,28,0,0,13,0,0,0,0,6
480765,1,1,0,0,0,0,0,0,0,0,0,0
480766,0,1,13,0,24,0,0,0,0,0,10,0
480766,0,2,11,0,0,29,0,21,7,0,0,15
480766,2,1,0,0,0,0,25,0,0,0,0,0
480766,3,1,0,0,0,0,9,0,0,0,0,0
480766,4,1,0,0,0,21,3,0,0,0,9,0
480766,5,1,14,0,0,0,0,0,12,0,5,0
480767,1,1,0,0,0,0,0,0,0,19,0,0
480768,1,1,0,0,28,0,0,5,14,0,11,26
480768,2,1,6,0,3,8,6,2,0,0,0,12
480768,3,1,27,30,15,11,0,0,25,0,0,16
480769,1,1,0,14,0,14,13,13,31,0,19,6
480770,0,1,43,40,25,0,18,0,6,0,23,36
480770,1,1,0,0,0,0,0,0,0,0,0,0
480771,1,1,0,0,0,0,9,16,34,0,0,0
480771,2,1,0,0,0,0,0,20,9,0,0,0
480772,1,1,0,0,0,0,0,0,0,0,16,0
480773,1,1,10,0,10,0,0,0,0,12,0,0
480773,2,1,0,0,0,0,0,0,0,0,0,0
480774,1,1,27,18,15,10,15,7,36,11,17,21
480774,2,1,0,0,0,0,0,0,0,0,0,0
480775,1,1,18,10,0,0,0,0,0,0,0,0
480775,2,1,0,16,0,0,0,0,0,15,0,0
480776,1,1,0,0,0,0,0,0,0,0,0,0
480776,2,1,0,0,0,0,0,0,0,0,0,0
480777,1,1,0,0,0,0,0,0,0,0,0,0
480778,1,1,0,0,2,0,0,0,19,15,0,0
480779,1,1,0,0,2,0,0,0,0,0,0,0
480779,2,1,0,0,0,0,0,0,0,0,0,0
480780,1,1,29,29,29,29,29,29,29,29,29,29
480781,1,1,0,0,0,14,0,0,0,0,0,0
480781,2,1,0,0,0,0,0,9,0,0,5,8
480782,0,1,0,0,0,0,0,0,0,0,0,0
480782,1,1,19,0,0,19,14,0,0,0,0,0
480783,0,1,0,0,26,0,17,0,10,0,23,0
480783,1,1,12,12,12,12,12,12,12,12,12,12
480784,0,1,9,9,9,9,9,9,9,9,9,9
480784,1,1,0,6,0,0,0,0,0,0,32,13
480785,1,1,0,0,0,0,9,0,0,0,0,0
480785,2,1,0,0,0,0,8,0,0,0,0,17
480785,3,1,5,0,0,0,0,0,0,0,0,0
480786,1,1,0,0,0,0,0,0,0,0,30,0
480787,1,1,0,0,0,0,0,0,0,0,0,0
480788,1,1,18,0,19,0,0,0,0,0,0,0
480789,1,1,0,0,0,0,0,0,0,0,0,0
480789,2,1,0,0,0,0,0,15,5,0,0,11
480789,3,1,0,0,0,0,0,0,0,0,0,0
480789,4,1,0,0,0,0,0,10,0,0,0,0
480790,1,1,6,6,6,6,6,6,6,6,6,6
480791,1,1,0,0,0,0,0,0,0,0,0,0
480791,2,1,0,0,0,0,0,0,0,0,0,0
480792,1,1,0,0,0,0,0,0,0,0,0,0
480792,2,1,7,7,7,7,7,7,7,7,7,7
480793,0,1,0,7,0,0,0,0,24,19,0,8
480793,1,1,24,18,23,15,10,14,9,19,7,21
480794,1,1,0,0,0,0,0,0,0,0,0,0
480794,2,1,0,0,0,0,0,0,0,0,0,0
480795,1,1,18,18,18,18,18,18,18,18,18,18
480796,0,1,0,0,17,32,21,0,0,0,0,0
480796,1,1,0,8,5,0,0,0,10,0,0,0
480796,2,1,0,0,0,9,0,0,0,0,0,6
480796,3,1,0,17,0,10,0,21,0,0,0,0
480796,4,1,0,22,0,0,0,0,0,0,0,0
480797,1,1,17,13,16,13,6,0,14,6,41,0
480798,1,1,0,0,0,0,0,0,0,0,12,0
480799,0,1,0,0,0,0,0,0,0,0,0,0
480799,1,1,0,0,0,17,0,2,0,0,0,0
480799,2,1,0,0,0,0,12,0,0,0,0,0
480799,3,1,0,0,0,0,12,8,0,0,0,0
480800,1,1,21,21,21,21,21,21,21,21,21,21
480800,2,1,0,0,0,0,0,0,0,0,0,0
480801,1,1,0,0,0,0,0,0,0,0,0,0
480802,1,1,0,0,0,0,0,0,14,0,0,0
480802,2,1,0,0,0,0,0,0,0,0,0,0
480803,1,1,17,17,17,17,17,17,17,17,17,17
480803,2,1,15,0,0,24,0,0,0,0,0,0
480804,1,1,0,0,0,0,0,0,0,0,0,0
480804,2,1,0,0,14,0,0,0,0,0,6,0
480805,1,1,0,0,0,0,0,0,0,0,0,0
480805,2,1,0,0,0,0,0,29,20,0,0,11
480805,3,1,0,15,0,0,0,0,20,20,0,0
480806,1,1,19,0,32,8,32,43,0,0,16,25
480807,1,1,0,0,0,0,0,0,0,0,0,0
480809,1,1,0,0,0,0,0,0,0,0,0,0
480809,2,1,0,0,13,0,0,0,0,0,30,0
480810,1,1,22,22,22,22,22,22,22,22,22,22
480811,1,1,14,14,14,14,14,14,14,14,14,14
480812,1,1,33,33,33,33,33,33,33,33,33,33
480813,1,1,12,12,12,12,12,12,12,12,12,12
480814,1,1,0,16,14,0,7,22,10,0,26,0
480815,1,1,0,0,17,14,0,12,8,0,0,12
480816,1,1,0,0,0,0,0,0,0,0,0,0
480816,2,1,0,0,0,0,0,0,0,0,0,0
480817,1,1,16,11,12,5,5,0,12,9,17,0
480817,2,1,0,0,0,0,0,0,0,0,0,0
480817,3,1,0,0,0,0,0,0,0,0,13,0
480817,4,1,0,0,0,0,0,0,0,0,0,0
480817,5,1,0,0,0,0,0,0,0,0,3,0
480817,6,1,0,0,0,0,0,0,0,0,0,17
480818,1,1,0,0,0,0,0,0,0,0,0,0
480818,2,1,0,0,0,0,0,0,0,0,0,0
480819,0,1,18,18,18,18,18,18,18,18,18,18
480819,1,1,0,0,0,0,0,14,0,0,9,0
480820,0,1,0,0,0,0,0,0,0,0,0,0
480820,1,1,0,0,0,0,12,5,16,0,16,0
480821,0,1,28,33,0,0,29,0,0,30,7,9
480821,2,1,0,0,0,0,0,0,0,0,0,0
480822,1,1,0,0,0,0,0,0,0,0,0,0
480822,2,1,0,0,0,0,0,0,0,0,0,0
480823,1,1,0,0,0,0,0,0,0,0,0,0
480823,2,1,0,0,0,0,0,0,0,0,0,0
480824,1,1,31,31,31,31,31,31,31,31,31,31
480825,1,1,0,0,0,0,0,0,0,0,0,0
480825,2,1,0,0,0,0,0,0,0,0,0,0
480825,3,1,0,0,0,0,9,0,15,0,10,0
480825,4,1,0,0,0,0,0,18,0,0,6,0
480826,1,1,0,0,24,0,0,7,0,0,0,0
480827,1,1,21,21,21,21,21,21,21,21,21,21
480827,2,1,3,3,3,3,3,3,3,3,3,3
480828,1,1,0,0,0,0,0,0,0,0,0,5
480829,1,1,19,19,19,19,19,19,19,19,19,19
480830,1,1,5,7,9,28,16,23,20,6,10,21
480830,2,1,0,0,0,0,0,0,0,0,0,0
480831,1,1,0,0,9,0,0,0,0,0,0,6
480831,2,1,19,0,0,0,15,0,0,21,18,0
480832,1,1,0,0,13,0,28,0,0,29,9,16
480832,2,1,0,0,0,0,0,0,7,0,0,27
480833,1,1,17,17,17,17,17,17,17,17,17,17
480834,1,1,0,0,0,0,0,0,0,0,0,0
480834,2,1,0,0,7,7,0,0,19,0,0,0
480835,1,1,0,0,0,0,0,13,11,0,0,9
480835,2,1,0,31,0,0,0,11,5,18,0,0
480836,1,1,9,0,0,0,0,0,0,0,0,0
480836,2,1,0,0,9,0,19,0,0,0,0,0
480837,1,1,12,17,6,12,17,0,0,35,19,16
480838,1,1,23,23,23,23,23,23,23,23,23,23
480838,2,1,0,15,0,0,8,0,8,0,0,10
480839,1,1,10,0,0,0,24,0,8,22,8,9
480840,1,1,16,16,16,16,16,16,16,16,16,16
480840,2,1,16,16,16,16,16,16,16,16,16,16
480841,1,1,0,0,0,0,0,0,0,0,0,0
480841,2,1,0,0,0,0,0,0,0,0,0,0
480842,1,1,0,0,0,0,0,0,0,0,0,0
480842,2,1,0,0,0,0,0,0,0,17,0,0
480843,1,1,0,0,0,0,0,0,0,0,0,0