ST_CASE,VEH_NO,PER_NO,P1,P2,P3,P4,P5,P6,P7,P8,P9,P10
480843,2,1,0,0,0,0,0,0,0,0,0,0
480844,0,1,0,15,0,29,24,0,0,15,0,12
480844,0,2,0,0,0,0,0,0,9,0,0,0
480844,1,1,23,8,0,16,14,26,28,17,16,5
480845,1,1,0,17,0,0,0,0,0,0,0,0
480846,1,1,0,0,8,0,0,0,0,0,0,0
480847,1,1,16,0,0,0,7,0,18,0,16,15
480847,2,1,0,0,0,0,0,15,0,0,0,0
480848,0,1,0,0,0,0,33,0,0,0,0,0
480848,1,1,0,0,0,0,19,13,0,0,0,0
480849,1,1,28,0,0,0,0,0,0,22,0,16
480849,2,1,13,14,22,13,0,9,12,0,16,7
480850,1,1,14,0,0,14,46,0,0,22,0,24
480851,0,1,0,15,0,0,0,0,0,12,15,0
480851,1,1,0,3,0,0,0,13,8,11,0,0
480852,1,1,0,0,0,0,14,0,0,0,0,0
480852,2,1,0,0,0,3,0,0,0,0,0,0
480853,1,1,45,45,45,45,45,45,45,45,45,45
480854,1,1,0,0,8,0,0,0,0,0,0,0
480854,2,1,0,0,0,0,0,0,0,0,0,0
480855,1,1,8,32,5,19,4,12,25,27,5,20
480856,1,1,0,0,0,0,0,0,0,0,0,0
480856,2,1,8,0,0,0,0,0,20,0,0,0
480857,1,1,0,0,0,0,0,0,0,0,0,0
480857,2,1,0,0,13,0,0,10,0,6,0,17
480858,2,1,0,16,0,0,0,0,0,0,0,0
480859,1,1,0,0,0,0,0,0,0,0,0,0
480860,1,1,17,17,17,17,17,17,17,17,17,17
480860,2,1,0,8,0,0,0,0,0,17,16,0
480861,1,1,0,0,0,0,0,0,0,0,0,0
480861,2,1,5,5,5,5,5,5,5,5,5,5
480862,1,1,17,17,17,17,17,17,17,17,17,17
480863,1,1,15,15,15,15,15,15,15,15,15,15
480864,1,1,0,0,0,0,0,0,0,0,0,0
480864,2,1,0,0,0,0,0,0,0,0,0,0
480865,1,1,26,26,26,26,26,26,26,26,26,26
480865,2,1,0,0,0,0,0,0,0,9,0,0
480865,3,1,0,0,0,0,0,0,0,0,0,0
480865,4,1,3,0,0,0,0,0,0,0,0,0
480866,1,1,0,0,0,0,20,0,0,0,0,0
480866,2,1,0,0,0,0,0,0,0,0,0,0
480867,0,1,0,0,0,0,0,0,0,0,0,0
480867,1,1,0,0,0,0,0,0,0,0,0,0
480868,1,1,0,12,0,0,0,0,0,0,0,0
480869,0,1,16,16,16,16,16,16,16,16,16,16
480869,1,1,5,0,0,0,0,11,0,20,12,20
480870,1,1,0,0,0,0,0,0,0,0,0,0
480871,1,1,0,0,0,0,0,0,0,0,0,0
480871,2,1,0,0,0,0,0,0,0,0,0,0
480873,0,1,0,0,0,0,15,16,0,0,37,0
480873,1,1,0,0,0,11,9,18,18,13,0,0
480873,2,1,0,0,0,0,0,0,0,0,0,0
480874,1,1,0,0,0,0,0,0,0,0,0,0
480874,2,1,0,0,0,0,0,16,0,0,0,0
480875,1,1,0,0,0,0,0,0,0,0,0,0
480875,2,1,0,0,0,0,0,0,0,0,0,0
480876,1,1,0,0,0,12,0,0,21,0,0,0
480877,1,1,7,7,7,7,7,7,7,7,7,7
480877,2,1,0,11,0,14,21,0,0,0,0,0
480877,3,1,0,0,10,10,2,3,0,0,0,18
480878,0,1,0,0,0,0,39,22,17,0,0,0
480878,1,1,0,0,0,0,19,0,0,0,0,18
480879,1,1,0,0,23,10,0,0,0,0,0,0
480879,2,1,0,0,0,12,0,0,20,16,0,0
480880,1,1,13,13,13,13,13,13,13,13,13,13
480881,1,1,8,8,8,8,8,8,8,8,8,8
480881,2,1,0,32,0,9,26,0,0,0,10,9
480882,0,1,0,0,0,0,0,0,0,0,0,0
480882,1,1,0,0,0,0,0,0,0,0,0,0
480883,1,1,15,15,15,15,15,15,15,15,15,15
480884,1,1,0,0,0,0,0,0,0,0,0,0
480884,2,1,26,26,26,26,26,26,26,26,26,26
480885,1,1,0,0,0,20,0,16,0,28,8,21
480885,2,1,0,0,0,0,0,0,0,0,0,0
480886,0,1,27,0,0,0,0,0,24,0,0,0
480886,0,2,0,0,0,0,0,0,0,0,0,0
480886,1,1,0,0,0,0,0,0,0,0,0,0
480887,1,1,0,0,0,0,0,0,21,0,0,15
480887,2,1,0,12,6,17,0,0,0,0,10,0
480888,1,1,28,28,28,28,28,28,28,28,28,28
480889,0,1,2,24,33,0,0,17,0,0,19,17
480889,1,1,0,8,5,14,15,9,0,14,15,0
480890,1,1,15,15,15,15,15,15,15,15,15,15
480891,1,1,17,9,23,20,13,19,0,0,23,0
480892,1,1,0,0,24,36,5,0,0,0,24,0
480892,2,1,30,11,26,0,0,0,0,0,0,16
480893,0,1,0,0,0,0,0,0,0,0,0,0
480893,1,1,0,0,0,0,0,0,0,0,0,0
480894,1,1,19,19,19,19,19,19,19,19,19,19
480895,1,1,0,0,0,0,0,0,0,0,0,0
480895,2,1,0,0,18,0,0,0,0,0,0,0
480896,1,1,13,25,0,0,0,0,0,0,0,0
480896,2,1,6,0,0,0,0,0,0,0,7,0
480897,1,1,18,18,18,18,18,18,18,18,18,18
480898,1,1,0,0,0,0,0,0,0,0,0,0
480898,2,1,0,0,0,0,0,25,0,0,0,0
480899,0,1,0,0,0,8,0,9,18,6,35,15
480899,1,1,0,0,0,20,0,0,0,6,0,0
480900,1,1,0,0,0,11,0,15,0,0,0,0
480901,1,1,0,0,0,0,0,0,0,0,0,0
480902,1,1,0,0,0,0,0,0,0,0,0,0
480903,1,1,0,0,0,0,0,0,0,0,0,0
480903,2,1,0,0,0,0,0,0,0,0,0,0
480904,0,1,23,0,0,0,0,0,28,0,0,14
480904,1,1,2,0,0,0,35,0,0,12,0,0
480905,1,1,0,15,0,0,14,0,0,21,0,0
480905,2,1,0,0,0,0,0,0,0,0,19,0
480906,1,1,0,8,24,8,8,17,14,10,13,9
480906,2,1,0,0,19,0,7,0,0,17,0,4
480906,3,1,0,0,0,0,0,23,0,20,17,0
480907,1,1,0,0,0,0,0,0,0,0,0,15
480908,1,1,0,0,0,0,0,0,4,0,0,0
480909,1,1,0,0,22,0,25,0,0,0,0,0
480910,1,1,0,13,6,0,0,17,0,0,0,0
480910,2,1,0,0,6,0,0,0,0,0,0,0
480911,1,1,0,0,0,0,0,0,0,0,0,0
480911,2,1,0,0,0,0,0,0,0,0,0,0
480912,1,1,0,0,0,0,0,0,0,0,0,0
480913,0,1,0,0,0,0,0,0,0,0,0,0
480913,1,1,0,0,0,0,20,0,0,0,0,0
480914,1,1,6,6,6,6,6,6,6,6,6,6
480915,1,1,0,0,0,0,0,14,0,0,15,7
480915,2,1,5,5,5,5,5,5,5,5,5,5
480916,1,1,0,0,0,0,0,0,0,0,0,0
480916,2,1,0,0,0,0,24,0,0,0,0,0
480917,1,1,0,17,0,0,21,0,0,16,0,0
480917,2,1,0,0,0,7,3,0,0,0,0,0
480918,0,1,23,0,0,0,40,0,0,0,0,0
480918,1,1,16,0,13,0,0,0,0,0,18,0
480920,1,1,0,0,0,6,33,0,0,23,0,7
480921,1,1,17,17,17,17,17,17,17,17,17,17
480922,1,1,20,20,20,20,20,20,20,20,20,20
480923,0,1,0,0,0,0,0,0,0,0,0,0
480923,1,1,0,28,0,0,0,0,0,11,0,0
480923,2,1,15,19,0,0,27,0,0,3,2,0
480924,1,1,0,0,0,20,0,24,0,0,12,7
480924,2,1,17,0,15,0,6,0,0,0,0,0
480925,1,1,0,0,0,0,0,0,0,0,0,0
480926,1,1,15,0,0,0,10,0,5,0,0,20
480926,2,1,9,0,24,20,0,0,0,0,0,0
480927,1,1,0,0,0,11,12,8,0,22,0,27
480928,1,1,18,18,18,18,18,18,18,18,18,18
480929,1,1,16,16,16,16,16,16,16,16,16,16
480929,2,1,0,23,0,8,0,0,0,20,0,0
480929,3,1,0,0,0,0,0,0,13,0,0,0
480930,1,1,0,0,0,0,0,0,0,0,0,0
480930,2,1,0,0,0,24,0,0,0,0,0,19
480931,0,1,0,0,17,0,7,7,15,0,26,0
480931,1,1,0,0,0,0,0,0,0,0,0,0
480932,0,1,0,0,18,0,0,0,0,13,29,0
480932,1,1,33,17,5,28,14,0,0,0,0,10
480933,1,1,0,11,13,0,0,0,0,0,11,0
480933,2,1,0,0,0,0,0,0,0,0,0,0
480934,1,1,0,0,0,0,0,0,0,0,0,0
480935,1,1,6,0,20,0,0,0,0,0,0,0
480935,2,1,0,0,0,0,0,0,0,0,0,0
480936,0,1,0,0,0,0,0,0,0,0,0,0
480936,1,1,0,0,0,0,0,10,0,0,0,0
480937,1,1,0,0,11,0,0,16,0,0,0,0
480937,2,1,0,0,0,0,0,0,0,0,0,0
480937,3,1,0,0,0,0,19,0,0,0,0,0
480938,1,1,0,0,0,0,0,0,0,0,5,0
480938,2,1,0,0,0,10,6,0,0,0,0,0
480938,3,1,21,0,12,17,7,0,0,0,0,0
480939,0,1,0,0,23,25,0,16,0,0,0,0
480939,1,1,26,12,17,0,0,0,20,10,0,12
480940,1,1,0,22,0,0,0,28,0,0,0,0
480940,2,1,21,21,21,21,21,21,21,21,21,21
480941,1,1,0,0,0,10,0,0,0,0,4,0
480941,2,1,0,0,0,0,0,0,0,0,0,0
480942,1,1,2,2,2,2,2,2,2,2,2,2
480943,1,1,16,6,26,25,9,7,19,21,5,11
480944,1,1,0,0,0,0,0,0,0,0,0,0
480945,1,1,0,0,0,0,0,0,0,0,0,0
480945,2,1,0,0,0,0,0,0,0,0,0,10
480945,3,1,0,0,0,0,0,0,0,0,0,0
480946,1,1,17,17,17,17,17,17,17,17,17,17
480946,2,1,0,0,0,0,0,0,0,0,0,0
480947,1,1,0,0,0,0,0,0,0,0,0,0
480948,1,1,0,9,0,5,14,12,0,0,11,0
480948,2,1,0,0,0,0,19,0,0,0,9,24
480949,1,1,0,17,0,0,0,31,0,0,0,14
480950,1,1,24,14,14,10,12,8,20,27,0,22
480951,1,1,0,0,0,0,0,24,0,0,0,0
480952,0,1,0,0,0,0,0,0,0,0,0,0
480952,1,1,22,0,0,0,0,0,18,14,0,0
480953,1,1,30,30,30,30,30,30,30,30,30,30
480954,1,1,10,0,0,0,0,0,9,22,16,0
480955,0,1,0,0,0,0,0,0,0,0,0,0
480955,1,1,0,0,0,0,0,0,0,0,11,5
480956,0,1,0,19,10,0,0,14,26,0,28,25
480956,1,1,0,15,0,0,0,0,18,11,0,4
480957,0,1,28,28,28,28,28,28,28,28,28,28
480957,1,1,19,19,19,19,19,19,19,19,19,19
480958,1,1,6,0,0,0,0,0,0,0,0,0
480958,2,1,0,0,0,0,0,0,0,0,0,0
480959,1,1,0,0,0,0,16,7,0,0,8,0
480960,1,1,0,0,23,0,11,0,10,0,0,0
480960,2,1,0,37,0,18,7,15,0,0,0,20
480961,1,1,5,5,5,5,5,5,5,5,5,5
480962,1,1,3,3,3,3,3,3,3,3,3,3
480962,2,1,0,0,0,0,0,0,0,0,0,0
480963,1,1,34,34,34,34,34,34,34,34,34,34
480964,1,1,0,0,0,0,0,0,0,0,7,0
480964,2,1,0,0,0,2,0,0,0,0,0,11
480966,1,1,13,13,13,13,13,13,13,13,13,13
480966,2,1,0,0,0,0,0,0,0,0,0,0
480967,1,1,0,0,0,28,0,0,0,0,0,0
480967,2,1,0,0,0,0,33,16,0,0,0,0
480968,1,1,0,0,0,0,0,0,0,0,0,0
480968,2,1,0,0,0,0,0,30,0,0,0,0
480969,1,1,0,0,0,0,0,0,0,0,0,0
480969,2,1,0,0,0,10,0,0,0,0,0,0
480970,0,1,0,0,0,0,0,0,0,0,0,0
480970,1,1,0,8,22,14,13,7,9,20,24,6
480971,1,1,3,15,3,13,20,10,23,14,14,17
480971,2,1,0,0,0,0,8,24,14,8,12,15
480971,3,1,0,0,16,0,26,0,0,0,22,0
480972,1,1,0,0,0,0,0,0,0,0,0,0
480972,2,1,0,0,0,0,0,0,0,0,0,0
480973,0,1,0,0,0,0,0,0,0,0,15,0
480973,1,1,0,0,6,18,0,4,18,0,31,7
480974,1,1,0,19,0,0,0,0,6,0,0,0
480974,2,1,15,0,0,0,0,0,0,0,0,0
480975,1,1,0,0,0,0,0,0,0,0,0,0
480975,2,1,0,0,0,0,0,0,0,0,0,0
480976,1,1,0,0,0,0,0,0,0,0,0,0
480976,2,1,5,5,5,5,5,5,5,5,5,5
480976,3,1,0,18,0,8,0,0,4,0,0,21
480977,1,1,0,0,0,0,0,0,0,0,0,0
480977,2,1,17,0,6,16,0,14,0,13,0,0
480978,1,1,0,0,0,0,0,0,0,0,0,0
480978,2,1,0,0,0,0,17,14,31,33,0,25
480979,1,1,16,16,16,16,16,16,16,16,16,16
480980,1,1,22,22,22,22,22,22,22,22,22,22
480980,2,1,0,0,0,0,0,2,0,20,12,0
480981,1,1,0,0,0,0,0,0,0,0,0,0
480981,2,1,0,0,0,0,0,0,0,9,0,0
480982,0,1,0,0,34,17,0,0,29,15,0,0
480982,1,1,0,0,4,0,6,0,0,0,0,10
480983,1,1,0,0,0,0,0,0,0,0,0,0
480984,1,1,10,10,10,10,10,10,10,10,10,10
480985,1,1,0,0,0,0,0,0,0,0,0,0
480986,1,1,19,19,19,19,19,19,19,19,19,19
480987,1,1,0,0,0,0,0,0,0,0,0,0
480987,2,1,0,0,0,0,0,0,0,0,0,0
480987,3,1,0,0,30,0,0,0,0,0,9,0
480987,4,1,0,0,0,0,7,0,11,0,6,0
480987,5,1,0,0,24,23,15,19,0,15,0,0
480988,1,1,15,15,15,15,15,15,15,15,15,15
480988,2,1,0,0,0,0,0,0,0,0,0,0
480989,1,1,0,0,0,0,0,0,0,0,0,0
480989,2,1,0,0,0,0,0,0,0,0,0,0
480991,1,1,21,0,0,0,0,0,0,5,0,0
480991,2,1,15,19,25,0,0,0,0,11,12,5
480992,1,1,0,0,0,0,13,0,0,0,0,0
480992,2,1,0,0,0,0,0,0,0,0,0,0
480993,1,1,0,0,0,0,0,0,0,0,0,0
480993,2,1,0,0,0,0,0,0,0,0,3,0
480994,1,1,0,0,0,0,0,0,0,0,21,0
480994,2,1,0,0,0,0,11,0,27,0,21,17
480995,0,1,30,30,30,30,30,30,30,30,30,30
480995,1,1,0,0,0,0,0,0,0,0,0,15
480996,1,1,0,0,0,0,0,0,0,0,0,0
480996,2,1,0,0,0,0,12,0,0,0,0,0
480996,3,1,0,0,17,13,13,3,28,16,0,0
480996,4,1,0,0,0,0,0,0,9,6,0,0
480996,5,1,0,16,11,0,0,38,10,33,0,30
480996,6,1,0,6,0,0,23,0,0,0,0,0
480996,7,1,0,0,0,0,0,0,10,19,0,0
480997,1,1,0,0,0,0,0,0,0,0,0,0
480998,1,1,0,0,0,0,0,0,0,0,0,0
480998,2,1,0,0,6,0,0,15,0,0,0,0
480998,3,1,0,0,0,0,0,0,0,0,0,0
480999,1,1,0,0,0,0,0,0,0,0,0,0
481000,1,1,0,0,0,0,10,7,0,0,22,17
481000,2,1,0,0,0,0,0,0,16,0,8,10
481001,1,1,0,0,0,15,0,0,0,0,0,0
481001,2,1,0,0,0,19,0,0,0,0,0,0
481002,0,1,0,27,15,17,19,0,15,13,0,13
481002,1,1,0,0,21,10,11,0,19,26,0,29
481003,1,1,0,0,0,0,0,0,0,11,0,0
481003,2,1,0,0,0,0,0,0,0,0,0,0
481004,1,1,19,21,0,21,12,0,18,0,0,0
481005,1,1,18,0,9,0,22,18,17,11,23,14
481006,0,1,0,0,0,0,0,0,0,0,0,0
481006,1,1,17,0,0,0,0,0,0,0,0,0
481007,1,1,10,10,10,10,10,10,10,10,10,10
481008,1,1,16,16,16,16,16,16,16,16,16,16
481009,1,1,0,0,0,0,0,0,0,0,0,0
481009,2,1,17,20,0,0,0,7,16,7,0,0
481010,1,1,0,15,0,0,0,0,0,0,9,0
481010,2,1,15,9,0,12,0,0,24,25,10,22
481011,1,1,0,0,0,0,0,0,0,10,0,0
481013,1,1,0,19,0,0,0,0,15,0,0,6
481014,0,1,0,0,0,0,0,19,0,0,0,0
481014,1,1,0,20,0,21,0,0,0,0,0,0
481015,1,1,0,0,0,0,0,0,29,0,0,0
481015,2,1,0,0,0,0,0,0,0,0,21,0
481016,1,1,7,7,7,7,7,7,7,7,7,7
481017,1,1,0,0,0,0,0,0,0,0,0,0
481018,1,1,4,4,4,4,4,4,4,4,4,4
481019,1,1,23,23,23,23,23,23,23,23,23,23
481020,1,1,0,0,37,0,0,9,33,0,9,9
481020,2,1,0,19,0,15,0,0,0,26,0,0
481021,1,1,19,19,19,19,19,19,19,19,19,19
481022,1,1,0,0,0,11,0,0,17,14,0,33
481023,1,1,0,0,0,0,0,0,2,0,20,11
481023,2,1,0,0,0,0,0,0,0,0,0,0
481024,0,1,26,26,26,26,26,26,26,26,26,26
481024,1,1,11,0,10,10,0,0,0,0,0,0
481025,1,1,14,22,12,19,16,18,8,8,8,20
481025,2,1,0,0,0,0,0,0,0,0,0,0
481026,1,1,0,17,0,0,0,0,0,0,0,0
481026,2,1,0,7,0,0,0,0,0,0,0,0
481027,1,1,22,0,24,0,21,10,0,14,0,5
481028,1,1,0,0,0,0,0,0,0,0,0,0
481029,1,1,7,7,7,7,7,7,7,7,7,7
481029,2,1,0,0,0,0,0,0,0,0,0,0
481030,1,1,0,11,0,0,0,0,14,4,0,17
481031,1,1,0,0,0,0,0,0,0,0,0,0
481032,1,1,11,11,11,11,11,11,11,11,11,11
481033,1,1,0,0,0,0,35,0,0,10,0,0
481033,2,1,0,0,0,0,0,0,0,0,17,0
481034,1,1,17,17,17,17,17,17,17,17,17,17
481035,1,1,0,0,0,0,0,0,0,0,0,0
481035,2,1,0,0,0,0,0,0,0,0,0,0
481035,3,1,7,0,0,0,0,9,0,0,0,5
481035,4,1,0,0,0,0,0,0,0,0,0,0
481035,5,1,0,0,11,0,0,0,0,0,0,0
481036,0,1,0,5,0,0,4,0,0,0,0,0
481036,1,1,0,0,19,0,16,0,0,16,0,20
481037,1,1,0,0,0,0,13,0,0,0,0,0
481037,2,1,0,0,0,0,0,0,0,0,0,0
481037,3,1,0,0,0,0,0,0,0,0,0,0
481038,0,1,0,0,11,0,12,0,0,14,0,14
481038,0,2,20,0,0,31,0,34,0,0,0,0
481038,1,1,0,13,0,0,5,5,0,17,0,0
481039,1,1,0,0,0,0,0,0,0,10,0,0
481039,2,1,0,0,0,0,0,28,8,0,0,0
481040,0,1,5,0,0,0,0,0,0,0,0,0
481040,1,1,38,0,0,10,3,0,0,0,0,0
481041,1,1,21,0,19,35,0,15,0,0,0,0
481041,2,1,0,0,0,25,0,0,0,12,0,0
481042,1,1,4,0,0,0,0,23,0,0,21,0
481042,2,1,0,0,4,0,0,9,22,8,12,0
481043,1,1,0,0,0,0,0,0,0,0,0,0
481043,2,1,0,9,0,0,0,0,0,0,27,9
481044,1,1,0,17,0,0,0,0,0,0,0,14
481044,2,1,0,0,0,0,0,0,0,0,0,0
481045,0,1,0,0,0,0,0,0,0,0,0,0
481045,1,1,0,0,0,0,0,0,0,0,0,0
481046,1,1,0,30,0,0,12,0,0,10,0,0
481046,2,1,34,34,34,34,34,34,34,34,34,34
481047,0,1,0,25,0,25,0,14,0,0,0,0
481047,1,1,0,0,0,15,0,0,6,26,27,0
481048,1,1,0,19,9,15,0,0,0,0,0,0
481048,2,1,11,0,0,22,0,0,0,0,0,11
481049,1,1,0,0,0,0,0,0,0,0,0,0
481049,2,1,0,0,0,0,0,0,0,0,0,0
481049,3,1,0,0,0,0,0,0,0,0,0,17
481049,4,1,0,0,3,0,8,0,0,0,0,0
481050,1,1,22,14,13,0,0,0,9,6,5,0
481051,1,1,0,0,0,0,0,0,0,0,9,0
481051,2,1,17,17,17,17,17,17,17,17,17,17
481052,1,1,15,0,0,0,0,0,0,0,0,0
481053,1,1,24,24,24,24,24,24,24,24,24,24
481054,1,1,18,0,0,0,0,15,0,0,0,0
481054,2,1,0,0,15,0,0,0,0,0,0,0
481055,0,1,0,0,0,0,0,0,15,0,0,0
481055,1,1,13,0,0,0,0,0,0,0,0,0
481056,1,1,0,17,0,0,0,0,0,0,19,6
481056,2,1,19,0,0,0,0,0,0,0,0,0
481057,0,1,27,0,0,31,30,0,0,0,37,5
481057,0,2,0,0,19,0,25,21,20,0,23,12
481057,0,3,33,18,7,0,41,0,6,0,0,0
481057,1,1,12,12,12,12,12,12,12,12,12,12
481058,1,1,0,0,0,0,0,0,17,0,0,0
481059,1,1,0,0,0,0,0,0,0,0,0,0
481059,2,1,0,0,16,19,0,4,0,0,0,0
481060,1,1,0,0,0,0,0,0,0,0,0,0
481061,1,1,0,0,12,16,19,11,0,0,28,0
481062,1,1,0,0,0,0,0,26,0,0,8,0
481062,2,1,0,0,21,0,0,0,0,0,0,0
481063,0,1,21,21,21,21,21,21,21,21,21,21
481063,1,1,0,0,24,4,0,20,19,14,4,0
481063,2,1,0,12,0,0,14,0,22,0,15,0
481065,1,1,15,15,15,15,15,15,15,15,15,15
481065,2,1,13,13,13,13,13,13,13,13,13,13
481066,1,1,0,0,0,0,0,0,0,0,0,0
481066,2,1,0,0,0,0,0,0,0,0,0,0
481067,0,1,0,0,0,16,0,0,0,0,18,10
481067,1,1,0,0,0,0,0,0,0,29,0,0
481068,1,1,0,0,0,0,0,21,6,16,11,0
481069,1,1,16,0,17,0,0,0,0,0,0,0
481070,1,1,0,0,0,0,0,0,0,12,0,0
481071,1,1,0,0,0,0,0,0,0,0,0,0
481072,1,1,25,25,25,25,25,25,25,25,25,25
481072,2,1,9,0,13,12,29,0,14,14,0,0
481073,0,1,0,0,0,0,0,0,0,0,0,0
481073,1,1,0,0,0,0,0,0,0,0,0,0
481075,1,1,15,15,15,15,15,15,15,15,15,15
481075,2,1,0,0,0,11,0,11,0,0,0,0
481076,1,1,16,16,16,16,16,16,16,16,16,16
481076,2,1,0,0,12,5,0,0,0,0,11,0
481077,1,1,0,29,45,19,25,9,21,11,18,10
481078,1,1,12,12,12,12,12,12,12,12,12,12
481078,2,1,0,0,0,0,0,0,17,0,0,0
481079,1,1,0,0,0,0,0,0,0,0,0,0
481079,2,1,0,0,0,0,9,0,31,0,0,0
481080,1,1,0,0,0,19,15,0,0,0,0,27
481080,2,1,0,0,0,13,0,0,0,0,0,0
481081,1,1,0,0,0,0,0,0,0,0,0,0
481081,2,1,0,0,7,0,9,0,0,0,0,0
481082,1,1,0,0,0,6,0,0,28,0,0,0
481083,1,1,17,17,17,17,17,17,17,17,17,17
481084,0,1,4,4,4,4,4,4,4,4,4,4
481084,1,1,10,0,0,21,0,11,29,20,0,0
481085,1,1,0,0,0,0,0,0,0,0,0,0
481085,2,1,2,2,2,2,2,2,2,2,2,2
481086,1,1,22,24,35,0,0,3,6,5,17,0
481087,0,1,0,0,0,0,0,0,0,0,0,0
481087,1,1,8,19,14,11,21,11,29,0,14,11
481088,1,1,22,0,0,0,0,0,22,11,0,0
481089,1,1,9,20,15,0,7,14,0,16,0,0
481090,1,1,0,0,0,0,0,0,0,0,0,0
481090,2,1,18,0,0,0,0,0,0,0,0,0
481091,0,1,0,0,0,0,0,0,0,0,0,0
481091,1,1,25,7,0,0,0,16,0,0,0,23
481092,1,1,0,0,0,0,0,0,0,0,0,0
481093,1,1,14,0,7,0,0,9,0,0,17,20
481093,2,1,0,0,0,9,16,0,0,0,0,0
481093,3,1,0,0,0,0,0,0,0,0,0,0
481094,1,1,0,0,0,25,15,15,12,0,0,14
481094,2,1,0,0,0,0,0,0,0,0,0,0
481095,1,1,0,0,0,0,0,0,0,0,0,0
481096,1,1,10,0,0,0,0,0,0,0,0,0
481096,2,1,0,0,25,0,0,0,0,0,0,0
481097,1,1,0,0,0,0,0,0,0,0,0,0
481097,2,1,16,16,16,16,16,16,16,16,16,16
481098,1,1,0,0,0,0,0,0,0,0,0,0
481098,2,1,0,0,0,0,0,24,0,24,0,0
481099,1,1,0,0,0,0,0,0,0,0,0,0
481099,2,1,23,0,3,15,8,22,14,26,8,20
481100,0,1,15,15,15,15,15,15,15,15,15,15
481100,1,1,0,0,0,0,0,0,13,0,0,0
481101,0,1,24,24,24,24,24,24,24,24,24,24
481101,1,1,1,1,1,1,1,1,1,1,1,1
481101,2,1,0,0,0,0,0,0,8,0,0,0
481102,1,1,0,0,17,0,0,0,0,8,0,0
481102,2,1,0,0,6,6,7,0,0,0,2,11
481103,0,1,27,0,18,8,24,43,19,17,35,0
481103,1,1,16,15,36,13,11,0,0,0,0,0
481104,1,1,0,0,0,0,0,0,0,0,0,0
481104,2,1,0,0,0,0,15,0,15,0,0,0
481105,1,1,0,0,0,0,0,0,0,0,0,0
481105,2,1,0,0,0,0,0,0,0,14,0,31
481106,1,1,0,0,0,0,0,0,0,0,0,0
481106,2,1,0,0,0,0,23,0,0,0,0,0
481106,3,1,0,28,25,0,0,0,0,0,0,0
481107,1,1,27,27,27,27,27,27,27,27,27,27
481108,1,1,19,19,19,19,19,19,19,19,19,19
481108,2,1,5,5,5,5,5,5,5,5,5,5
481109,1,1,0,0,13,0,0,0,0,0,0,0
481109,2,1,0,6,0,23,0,0,13,0,0,0
481109,3,1,0,0,0,6,27,0,0,14,12,0
481110,1,1,18,18,18,18,18,18,18,18,18,18
481111,1,1,0,0,0,3,0,13,0,0,0,0
481112,1,1,0,20,0,8,11,18,0,0,0,8
481112,2,1,5,13,0,0,18,0,11,0,0,0
481113,1,1,21,21,0,0,0,25,0,18,13,20
481114,1,1,0,0,0,0,0,0,0,0,0,0
481114,2,1,4,0,8,8,0,13,5,0,0,0
481115,1,1,0,14,0,0,0,0,0,0,0,0
481115,2,1,0,0,0,0,0,0,0,0,0,0
481116,1,1,13,13,13,13,13,13,13,13,13,13
481116,2,1,26,26,26,26,26,26,26,26,26,26
481117,1,1,0,0,0,0,0,0,5,0,0,0
481117,2,1,4,0,0,0,0,0,0,0,0,9
481118,0,1,8,0,14,0,24,0,0,0,39,33
481118,1,1,0,0,18,17,0,0,0,17,0,26
481118,2,1,0,0,19,7,0,0,11,20,0,0
481119,1,1,0,0,0,0,0,0,0,0,0,0
481120,1,1,0,0,0,0,0,0,0,0,0,0
481121,0,1,0,0,0,0,0,0,0,0,0,0
481121,1,1,10,0,34,1,0,0,15,0,16,0
481122,1,1,0,30,0,24,0,0,0,0,20,10
481123,1,1,16,16,16,16,16,16,16,16,16,16
481123,2,1,0,14,0,0,14,40,0,0,0,0
481124,1,1,0,0,0,0,0,0,0,0,0,0
481124,2,1,0,0,0,0,0,0,0,0,0,0
481124,3,1,0,0,0,0,0,0,0,0,0,0
481125,1,1,13,16,8,0,7,0,2,0,27,2
481126,1,1,24,24,24,24,24,24,24,24,24,24
481127,1,1,20,20,20,20,20,20,20,20,20,20
481128,0,1,0,0,0,0,0,0,0,0,0,0
481128,1,1,0,0,0,0,0,0,0,0,0,0
481129,1,1,0,0,0,0,0,0,0,0,0,0
481129,2,1,0,0,0,0,0,0,0,0,0,0
481130,0,1,0,0,50,0,0,0,0,14,0,0