ST_CASE,VEH_NO,PER_NO,P1,P2,P3,P4,P5,P6,P7,P8,P9,P10
481710,2,1,0,0,0,0,0,0,0,0,0,0
481711,1,1,9,34,0,0,23,15,0,0,0,24
481712,1,1,0,0,0,0,0,0,0,0,0,9
481712,2,1,0,38,0,0,45,0,5,0,0,0
481713,0,1,32,32,32,32,32,32,32,32,32,32
481713,1,1,21,17,11,10,3,0,21,12,15,7
481714,1,1,0,19,13,0,23,7,17,4,16,15
481714,2,1,0,0,0,0,0,0,0,0,0,0
481714,3,1,0,0,0,0,0,0,0,0,0,0
481715,1,1,15,15,15,15,15,15,15,15,15,15
481716,1,1,21,21,21,21,21,21,21,21,21,21
481717,1,1,19,19,19,19,19,19,19,19,19,19
481718,1,1,0,0,0,0,0,8,0,0,0,0
481719,1,1,0,0,0,0,0,0,0,0,0,0
481719,2,1,0,0,0,0,0,0,0,0,0,0
481720,1,1,0,0,0,0,0,0,0,0,0,0
481721,0,1,0,28,0,0,23,0,0,0,0,0
481721,1,1,0,0,0,0,0,0,26,0,0,0
481722,1,1,12,12,12,12,12,12,12,12,12,12
481723,1,1,0,0,0,26,0,0,29,0,20,0
481724,1,1,0,27,0,0,0,8,6,25,17,0
481725,0,1,19,0,23,22,32,0,11,0,0,12
481725,1,1,0,0,0,0,0,0,0,19,0,0
481726,1,1,0,0,0,0,0,0,9,0,0,0
481726,2,1,0,0,0,0,0,0,0,0,9,0
481727,1,1,0,0,0,0,0,0,0,0,0,0
481727,2,1,0,0,0,0,0,0,0,0,0,0
481728,1,1,0,0,0,0,0,8,0,0,0,0
481729,1,1,0,4,0,0,0,0,0,0,0,0
481729,2,1,0,0,0,0,0,0,0,0,0,0
481730,0,1,33,32,7,14,0,0,16,9,17,26
481730,1,1,19,9,7,8,0,0,0,12,0,19
481731,1,1,14,14,14,14,14,14,14,14,14,14
481732,1,1,22,12,0,0,1,17,0,13,0,14
481732,2,1,0,26,0,14,0,0,0,0,19,0
481733,1,1,16,14,10,0,0,15,0,0,0,0
481733,2,1,0,0,0,0,0,0,0,0,0,0
481734,1,1,0,0,0,14,0,0,0,5,0,0
481735,1,1,0,0,0,0,0,0,0,0,0,0
481736,1,1,0,0,0,0,0,0,0,0,0,0
481736,2,1,0,0,8,30,0,0,26,13,0,0
481737,1,1,0,16,0,0,0,0,0,0,0,0
481737,2,1,0,0,0,0,0,0,0,0,0,0
481738,1,1,19,0,10,16,0,17,24,0,0,13
481739,1,1,0,19,22,0,19,3,0,0,0,0
481740,1,1,17,17,17,17,17,17,17,17,17,17
481740,2,1,0,0,7,0,0,0,0,15,0,0
481741,1,1,5,12,9,4,18,0,8,0,14,13
481742,1,1,0,0,0,0,0,9,0,0,0,0
481742,2,1,0,0,0,0,6,0,0,0,0,0
481742,3,1,17,0,0,13,0,0,0,0,8,0
481743,1,1,0,0,0,0,0,0,0,0,0,0
481743,2,1,0,0,0,0,15,0,0,0,0,0
481744,1,1,0,0,0,0,0,0,0,14,0,0
481744,2,1,0,0,0,12,0,0,0,2,0,0
481745,1,1,6,0,22,29,0,34,0,7,0,41
481746,1,1,18,0,0,0,0,0,0,9,0,0
481747,0,1,33,33,33,33,33,33,33,33,33,33
481747,1,1,0,3,14,26,5,12,0,0,20,0
481748,1,1,0,0,0,0,0,0,0,0,0,0
481749,1,1,0,0,0,0,0,0,0,0,0,0
481749,2,1,0,0,0,0,0,0,0,0,0,0
481750,1,1,0,0,0,0,0,0,0,0,0,0
481750,2,1,0,0,0,0,0,0,0,0,0,0
481751,1,1,0,0,0,0,0,0,0,0,0,0
481751,2,1,0,0,0,0,0,0,0,0,0,0
481752,1,1,14,14,14,14,14,14,14,14,14,14
481753,1,1,0,0,0,0,0,0,0,0,8,9
481753,2,1,0,21,0,0,0,0,14,0,0,0
481754,1,1,0,16,10,8,1,0,0,0,0,0
481754,2,1,0,0,0,0,0,0,0,0,0,0
481755,1,1,33,0,0,0,0,0,10,0,0,0
481756,1,1,0,0,0,0,0,10,0,11,0,0
481756,2,1,0,0,20,0,0,0,0,0,0,0
481757,1,1,0,0,0,0,0,0,0,0,0,0
481757,2,1,0,0,0,0,0,0,0,0,0,0
481758,1,1,9,13,33,0,19,7,19,13,19,22
481758,2,1,0,10,0,0,0,0,0,20,0,0
481759,1,1,29,23,30,0,0,26,15,0,11,8
481760,1,1,6,0,0,0,27,0,17,16,15,14
481761,1,1,0,0,0,0,0,0,0,0,0,0
481761,2,1,0,0,0,0,0,0,0,0,0,0
481762,1,1,0,0,0,0,0,0,0,0,0,0
481763,1,1,0,0,0,0,0,0,0,0,0,0
481763,2,1,0,0,27,0,0,22,0,0,0,0
481764,1,1,0,30,0,0,0,0,0,0,17,0
481764,2,1,0,0,0,0,0,0,0,0,0,0
481765,1,1,0,0,0,17,0,0,0,0,0,0
481765,2,1,0,0,0,0,0,0,0,0,0,0
481766,1,1,1,0,0,37,31,47,0,0,26,0
481766,2,1,0,0,0,3,0,0,0,0,0,0
481767,1,1,0,0,0,0,0,0,0,0,0,0
481767,2,1,17,0,0,0,0,31,0,15,0,0
481768,1,1,0,17,7,0,14,21,31,5,12,0
481769,0,1,11,11,11,11,11,11,11,11,11,11
481769,1,1,0,0,0,0,0,0,0,0,0,0
481770,1,1,26,26,26,26,26,26,26,26,26,26
481771,1,1,3,0,5,0,0,0,0,14,5,0
481772,1,1,28,28,28,28,28,28,28,28,28,28
481773,1,1,26,26,26,26,26,26,26,26,26,26
481773,2,1,0,0,0,0,0,0,0,0,0,0
481774,0,1,0,0,0,23,0,23,21,0,0,25
481774,1,1,0,0,0,12,0,8,0,0,9,0
481775,1,1,26,26,26,26,26,26,26,26,26,26
481775,2,1,0,25,0,5,0,0,0,11,0,16
481776,1,1,5,5,5,5,5,5,5,5,5,5
481777,0,1,0,22,0,0,0,0,0,39,16,0
481777,1,1,12,0,3,0,0,3,7,31,0,0
481778,0,1,0,0,0,0,0,0,0,0,0,0
481778,1,1,18,0,11,21,3,0,5,0,15,6
481779,1,1,27,27,27,27,27,27,27,27,27,27
481779,2,1,0,0,0,30,0,0,5,6,3,0
481780,0,1,3,3,3,3,3,3,3,3,3,3
481780,1,1,20,20,20,20,20,20,20,20,20,20
481781,1,1,3,3,3,3,3,3,3,3,3,3
481781,2,1,20,20,20,20,20,20,20,20,20,20
481782,1,1,6,0,4,14,8,0,0,20,4,15
481783,1,1,0,0,0,0,0,0,0,0,0,0
481783,2,1,0,0,0,0,0,0,0,0,0,0
481784,1,1,0,0,0,0,0,0,0,0,0,0
481784,2,1,0,0,0,0,0,0,0,0,0,0
481785,0,1,19,19,19,19,19,19,19,19,19,19
481785,1,1,0,0,11,0,5,0,0,0,0,0
481786,1,1,0,0,0,0,0,0,0,0,0,0
481787,1,1,0,0,0,0,0,0,0,0,18,0
481787,2,1,0,0,0,19,0,0,0,0,0,0
481788,1,1,15,0,0,0,13,0,0,0,0,16
481788,2,1,0,25,3,6,0,7,14,11,0,19
481789,1,1,20,20,20,20,20,20,20,20,20,20
481789,2,1,0,0,0,0,0,0,0,0,0,0
481790,1,1,0,0,0,0,0,0,0,0,0,0
481791,1,1,16,16,16,16,16,16,16,16,16,16
481792,1,1,0,0,4,0,0,0,0,0,17,0
481793,1,1,0,0,0,0,0,0,0,0,0,0
481793,2,1,0,0,0,0,0,0,0,0,0,0
481794,0,1,0,6,0,0,0,0,0,0,0,0
481794,1,1,0,0,0,0,0,0,0,0,0,0
481795,1,1,0,0,0,26,0,0,0,0,0,0
481796,1,1,0,0,0,0,0,0,0,0,0,0
481797,0,1,9,0,20,0,0,26,33,0,2,17
481797,1,1,7,0,0,0,0,0,0,0,15,20
481797,2,1,24,23,8,0,13,0,0,8,0,0
481797,3,1,0,0,0,0,0,0,0,8,14,11
481798,1,1,0,0,0,0,0,0,0,0,0,0
481798,2,1,0,0,5,11,11,0,9,5,22,13
481799,0,1,18,23,10,25,0,13,33,0,0,0
481799,1,1,0,0,0,0,20,0,0,34,0,0
481799,2,1,0,17,0,0,0,0,0,0,0,0
481799,3,1,0,0,0,0,0,11,0,0,0,11
481799,4,1,0,22,9,0,0,8,0,4,0,0
481799,5,1,0,6,10,0,0,0,0,0,0,0
481799,6,1,0,19,9,5,0,24,0,0,25,0
481800,0,1,0,22,0,16,16,0,0,34,18,0
481800,1,1,0,0,15,0,0,0,10,0,0,11
481801,1,1,0,0,0,0,0,0,14,0,0,0
481801,2,1,17,0,0,0,18,0,0,0,0,0
481802,1,1,0,0,0,0,17,0,0,0,0,0
481802,2,1,0,0,0,0,0,0,0,0,0,0
481802,3,1,0,15,0,0,0,0,0,23,0,0
481803,1,1,0,0,0,0,0,0,9,0,0,0
481803,2,1,0,0,0,0,0,0,0,0,0,0
481804,1,1,10,10,10,10,10,10,10,10,10,10
481805,1,1,17,0,0,0,0,33,0,0,14,17
481806,1,1,0,0,0,0,0,0,0,0,0,0
481807,1,1,0,0,0,0,0,0,0,0,0,0
481808,1,1,0,0,0,0,0,0,0,0,0,0
481808,2,1,0,7,0,0,0,0,0,13,0,0
481808,3,1,0,0,0,0,9,0,0,0,0,0
481808,4,1,0,10,0,0,0,0,0,0,0,0
481808,5,1,0,0,0,0,0,5,0,0,0,0
481809,1,1,0,4,0,14,0,0,23,0,0,0
481810,1,1,0,0,5,27,15,12,11,0,0,0
481812,1,1,0,0,16,15,20,0,0,0,0,0
481812,2,1,0,27,0,0,0,0,9,0,0,0
481812,3,1,0,0,0,26,0,0,17,7,0,0
481813,1,1,0,0,0,0,17,22,0,0,0,0
481813,2,1,8,3,0,0,20,0,0,26,5,0
481814,1,1,0,0,0,10,0,9,0,0,16,0
481814,2,1,0,0,0,0,0,0,0,0,0,0
481815,1,1,14,0,0,0,0,0,12,0,0,0
481816,0,1,0,23,0,20,0,22,0,0,0,9
481816,1,1,10,0,0,0,8,13,11,0,0,0
481817,0,1,0,0,0,0,0,0,0,0,0,0
481817,1,1,0,0,0,0,0,0,0,32,0,0
481818,1,1,15,0,22,5,0,11,0,18,8,0
481819,1,1,15,10,10,17,20,7,0,7,44,11
481819,2,1,18,18,18,18,18,18,18,18,18,18
481819,3,1,18,22,0,0,0,0,15,0,9,0
481820,1,1,21,4,0,27,0,27,0,0,0,0
481820,2,1,9,0,0,0,0,0,0,0,4,0
481821,1,1,0,0,0,0,0,0,0,0,0,0
481822,0,1,0,0,0,0,19,0,0,0,0,8
481822,1,1,0,0,0,0,25,0,0,0,0,0
481823,1,1,0,7,0,8,0,0,0,0,0,0
481824,0,1,42,19,0,0,0,24,18,0,0,19
481824,1,1,0,16,0,0,0,0,0,0,0,23
481824,2,1,5,0,0,0,0,0,0,0,0,0
481825,1,1,0,0,0,0,0,0,0,0,0,0
481825,2,1,7,7,7,7,7,7,7,7,7,7
481826,1,1,36,0,4,13,25,34,15,19,12,0
481828,1,1,0,0,0,7,0,0,0,0,0,0
481828,2,1,24,0,0,0,0,0,0,0,0,0
481829,0,1,21,21,21,21,21,21,21,21,21,21
481829,1,1,6,0,0,0,0,0,0,0,0,0
481830,1,1,19,8,0,14,0,0,0,22,0,15
481831,1,1,16,16,16,16,16,16,16,16,16,16
481831,2,1,0,0,0,8,7,0,0,6,25,0
481832,1,1,0,0,0,0,0,0,0,0,0,0
481832,2,1,0,0,0,0,29,33,2,0,0,0
481833,1,1,11,0,0,18,15,0,0,23,0,5
481833,2,1,0,0,0,4,0,0,0,0,19,0
481833,3,1,0,0,0,0,0,0,0,0,0,0
481834,1,1,0,0,0,0,0,0,0,0,0,9
481834,2,1,0,0,0,0,0,0,0,0,0,0
481834,3,1,0,0,0,0,0,3,0,0,0,0
481835,0,1,0,0,0,0,0,0,0,0,0,19
481835,0,2,0,0,0,0,0,0,0,0,0,0
481835,1,1,0,0,0,0,0,0,0,0,0,0
481836,1,1,23,0,7,34,10,13,14,0,22,0
481837,0,1,0,0,0,0,0,0,0,0,0,22
481837,1,1,7,0,14,14,0,11,23,11,0,0
481838,1,1,15,11,7,22,13,21,22,24,0,10
481838,2,1,3,0,5,14,0,0,0,0,0,6
481839,1,1,10,10,10,10,10,10,10,10,10,10
481839,2,1,13,0,0,19,0,8,14,0,0,0
481840,0,1,18,18,18,18,18,18,18,18,18,18
481840,1,1,28,17,0,7,0,0,0,21,0,0
481841,1,1,0,0,0,0,0,0,0,0,0,0
481842,1,1,0,0,19,8,0,0,0,6,0,0
481842,2,1,27,0,0,0,0,33,0,0,0,0
481843,1,1,0,0,0,13,8,0,0,7,0,0
481844,1,1,16,16,16,16,16,16,16,16,16,16
481845,1,1,0,0,0,0,4,10,0,0,0,0
481846,1,1,0,0,0,0,0,0,0,0,0,0
481846,2,1,0,0,0,0,0,0,0,0,0,0
481847,1,1,0,0,0,0,0,18,24,12,23,0
481848,1,1,12,0,23,14,29,7,29,0,0,0
481849,1,1,0,0,0,0,0,0,0,0,0,0
481849,2,1,9,0,0,0,0,0,0,12,12,0
481850,1,1,0,10,17,24,0,7,0,9,12,16
481851,1,1,9,17,11,8,8,37,24,4,22,7
481852,1,1,23,23,23,23,23,23,23,23,23,23
481853,1,1,14,18,0,0,15,17,17,0,0,0
481853,2,1,4,11,0,0,19,0,0,27,0,19
481854,1,1,0,3,18,22,14,18,31,0,3,19
481855,0,1,2,2,2,2,2,2,2,2,2,2
481855,1,1,17,17,17,17,17,17,17,17,17,17
481856,1,1,32,32,32,32,32,32,32,32,32,32
481857,0,1,0,0,0,0,0,0,0,0,0,0
481857,1,1,0,28,13,0,13,13,23,0,13,23
481858,1,1,0,0,11,0,0,0,0,0,0,0
481858,2,1,0,0,0,0,0,0,0,0,0,0
481858,3,1,0,0,0,0,0,0,0,0,4,0
481860,0,1,0,27,21,18,12,4,26,44,0,0
481860,1,1,0,0,0,0,0,0,0,0,0,0
481861,0,1,4,27,0,0,26,0,29,0,19,0
481861,1,1,0,19,0,12,14,0,2,0,7,17
481862,1,1,0,0,4,0,0,24,0,0,2,0
481863,0,1,0,0,0,0,17,0,0,0,0,0
481863,1,1,0,0,0,0,0,0,0,0,0,0
481864,0,1,0,0,0,0,0,0,0,0,0,0
481864,1,1,10,0,24,0,0,0,22,0,6,6
481865,1,1,7,0,0,0,0,0,0,0,0,37
481865,2,1,0,0,0,0,0,0,0,0,0,0
481865,3,1,0,0,0,0,0,0,0,0,0,7
481866,1,1,0,0,0,0,0,0,10,0,0,0
481866,2,1,0,6,0,0,0,0,0,16,21,0
481867,1,1,0,0,22,17,0,0,26,7,0,17
481868,1,1,12,12,12,12,12,12,12,12,12,12
481868,2,1,0,0,0,0,16,0,15,19,0,0
481869,1,1,32,32,32,32,32,32,32,32,32,32
481870,1,1,0,0,0,0,0,0,0,0,11,0
481870,2,1,4,24,0,0,7,0,0,12,16,0
481871,1,1,0,0,0,15,0,0,0,19,0,0
481872,1,1,0,0,0,0,19,16,0,0,22,0
481872,2,1,7,10,15,0,0,0,0,0,0,10
481873,1,1,15,0,0,0,0,5,0,0,24,0
481873,2,1,0,0,0,0,0,0,0,2,0,0
481874,1,1,0,0,0,0,0,0,0,0,0,0
481874,2,1,0,0,0,0,0,0,0,0,0,0
481874,3,1,0,0,0,0,0,0,0,0,0,0
481874,4,1,6,0,0,0,0,0,0,6,0,0
481875,0,1,0,0,0,0,0,0,0,0,0,0
481875,1,1,0,0,0,0,0,0,0,0,0,0
481876,1,1,8,8,8,8,8,8,8,8,8,8
481877,1,1,0,0,0,0,0,13,0,0,0,0
481877,2,1,0,0,0,0,0,0,24,15,9,0
481877,3,1,0,0,11,0,0,0,0,0,0,0
481877,4,1,24,0,0,0,12,0,14,0,9,0
481877,5,1,1,1,1,1,1,1,1,1,1,1
481878,1,1,0,0,0,0,0,0,0,0,0,0
481878,2,1,0,0,0,0,0,0,0,0,0,0
481879,1,1,0,0,26,18,13,12,7,15,0,21
481880,1,1,0,21,0,0,0,0,0,0,0,0
481880,2,1,0,0,0,0,0,0,0,0,0,32
481881,1,1,15,15,15,15,15,15,15,15,15,15
481882,1,1,1,1,1,1,1,1,1,1,1,1
481883,1,1,0,24,0,8,25,13,0,16,0,30
481884,1,1,0,0,0,0,0,0,0,0,0,0
481885,1,1,0,23,0,27,0,8,0,0,24,15
481886,0,1,0,0,0,0,0,0,0,0,0,0
481886,1,1,0,0,16,0,0,0,10,0,0,0
481887,1,1,8,10,0,8,15,0,0,15,0,28
481888,1,1,0,0,0,0,0,0,0,0,0,0
481888,2,1,0,0,0,0,0,0,0,0,0,0
481889,1,1,20,20,20,20,20,20,20,20,20,20
481889,2,1,4,17,7,17,0,16,0,0,31,8
481890,0,1,10,10,10,10,10,10,10,10,10,10
481890,1,1,5,5,5,5,5,5,5,5,5,5
481891,0,1,0,24,0,0,0,22,0,0,13,0
481891,1,1,0,0,0,0,0,0,0,0,0,0
481891,2,1,0,0,0,0,0,0,0,0,0,0
481892,1,1,49,49,49,49,49,49,49,49,49,49
481893,1,1,15,15,15,15,15,15,15,15,15,15
481893,2,1,13,0,0,34,0,17,0,0,0,0
481894,1,1,0,0,0,4,0,0,0,0,0,0
481894,2,1,0,0,0,0,0,0,0,0,0,0
481895,1,1,14,14,14,14,14,14,14,14,14,14
481896,1,1,0,0,0,0,2,0,0,0,0,0
481896,2,1,0,0,0,0,7,0,0,0,0,0
481897,1,1,4,13,15,0,16,0,31,19,0,17
481898,1,1,20,20,20,20,20,20,20,20,20,20
481898,2,1,0,10,0,0,0,0,0,0,0,3
481898,3,1,22,13,0,0,0,0,0,0,0,0
481898,4,1,0,0,0,0,0,0,17,0,0,0
481899,1,1,23,23,23,23,23,23,23,23,23,23
481900,1,1,10,10,10,10,10,10,10,10,10,10
481901,1,1,0,0,0,0,0,0,0,0,0,0
481902,0,1,0,0,0,0,0,0,0,0,0,0
481902,1,1,0,0,0,0,0,0,0,0,0,0
481902,2,1,20,0,0,0,0,0,20,0,0,0
481903,1,1,17,17,17,17,17,17,17,17,17,17
481904,1,1,3,3,3,3,3,3,3,3,3,3
481905,1,1,0,6,15,0,5,0,15,7,7,10
481906,1,1,6,16,12,12,7,27,6,19,11,12
481907,1,1,0,0,0,0,21,0,0,0,24,0
481908,1,1,0,0,0,0,16,0,14,0,0,0
481908,2,1,0,0,0,0,0,0,0,0,0,0
481909,1,1,0,20,29,0,30,10,0,0,0,0
481910,1,1,5,7,0,10,0,0,0,15,15,0
481910,2,1,9,0,28,0,0,0,0,0,0,0
481910,3,1,0,0,12,10,0,5,0,0,0,0
481911,1,1,0,0,0,0,0,0,0,0,0,0
481911,2,1,7,7,7,7,7,7,7,7,7,7
481912,1,1,3,3,3,3,3,3,3,3,3,3
481912,2,1,7,7,7,7,7,7,7,7,7,7
481913,0,1,43,0,0,26,24,0,0,13,10,0
481913,1,1,0,0,18,0,0,0,0,0,0,0
481914,1,1,27,27,27,27,27,27,27,27,27,27
481915,0,1,0,0,26,0,0,0,0,40,0,23
481915,1,1,0,0,0,0,0,0,15,0,0,0
481915,2,1,0,0,16,21,0,0,9,16,0,8
481916,1,1,0,0,0,3,0,0,22,7,0,8
481916,2,1,0,0,16,0,15,0,6,0,0,0
481917,1,1,0,10,0,0,0,0,0,22,23,0
481917,2,1,0,0,0,0,0,0,15,0,0,10
481918,1,1,0,0,0,0,0,0,31,0,0,0
481919,1,1,0,0,0,0,0,0,0,0,0,0
481919,2,1,33,0,0,0,0,0,29,17,0,0
481920,1,1,0,0,19,0,0,0,0,0,36,0
481920,2,1,0,0,0,0,0,0,0,0,0,0
481921,1,1,0,0,0,20,0,0,0,0,0,0
481921,2,1,0,0,0,0,0,6,0,0,0,7
481922,1,1,8,8,8,8,8,8,8,8,8,8
481923,1,1,0,21,0,0,0,0,0,0,0,0
481924,0,1,0,0,6,0,22,16,0,0,0,0
481924,1,1,0,0,0,0,0,0,14,0,0,0
481925,1,1,0,0,0,0,15,0,14,0,0,0
481925,2,1,0,0,21,0,8,0,14,8,0,5
481926,0,1,0,28,0,0,0,0,0,0,0,14
481927,1,1,0,7,0,0,0,17,13,0,0,0
481929,1,1,9,9,9,9,9,9,9,9,9,9
481930,1,1,0,0,0,0,0,0,0,0,0,0
481931,1,1,0,0,0,0,0,0,0,0,0,0
481932,1,1,0,0,0,0,0,0,0,0,0,0
481933,0,1,19,19,19,19,19,19,19,19,19,19
481933,1,1,0,0,0,0,0,35,0,15,3,0
481934,0,1,0,0,0,0,0,0,0,0,0,0
481934,1,1,0,13,10,4,0,0,9,0,0,0
481934,2,1,0,0,0,0,0,0,0,0,0,0
481935,1,1,0,0,0,0,0,0,0,0,17,0
481935,2,1,0,0,0,0,16,0,10,0,0,0
481936,1,1,0,0,0,0,0,0,0,0,0,0
481936,2,1,0,0,0,0,0,0,0,0,0,0
481937,1,1,10,10,10,10,10,10,10,10,10,10
481938,0,1,0,0,0,15,0,0,15,21,0,23
481938,1,1,0,0,0,0,3,0,0,0,0,0
481939,1,1,0,0,0,8,41,0,0,0,0,0
481939,2,1,0,0,0,0,0,0,0,0,0,0
481940,1,1,0,0,0,0,0,0,0,0,0,0
481941,0,1,6,6,6,6,6,6,6,6,6,6
481941,1,1,9,9,9,9,9,9,9,9,9,9
481942,1,1,16,16,16,16,16,16,16,16,16,16
481943,1,1,1,1,1,1,1,1,1,1,1,1
481944,0,1,0,0,0,31,0,12,21,35,33,0
481944,1,1,0,0,0,0,0,0,0,0,15,0
481945,1,1,0,0,0,0,28,0,0,0,29,0
481946,1,1,0,9,0,0,0,0,0,12,0,0
481947,1,1,19,19,19,19,19,19,19,19,19,19
481948,1,1,0,0,0,0,0,0,0,0,0,0
481949,1,1,0,0,17,0,0,0,3,13,0,0
481950,1,1,21,21,21,21,21,21,21,21,21,21
481950,2,1,0,0,0,0,0,0,0,0,0,0
481951,1,1,0,0,0,16,0,26,0,0,0,11
481951,2,1,0,18,0,0,19,0,0,0,0,16
481952,1,1,0,0,0,0,0,0,0,0,0,0
481952,2,1,0,0,0,0,0,0,0,0,0,0
481953,1,1,0,0,0,0,0,0,0,0,0,0
481953,2,1,15,0,0,0,0,0,0,0,24,0
481954,1,1,0,0,0,0,0,0,0,0,0,0
481954,2,1,0,13,0,0,0,0,0,0,0,0
481956,0,1,0,0,16,0,0,0,0,0,0,0
481956,1,1,0,3,0,0,0,0,0,13,0,15
481957,1,1,0,0,0,16,0,0,0,0,0,0
481958,1,1,0,0,0,0,0,0,0,0,0,0
481958,2,1,0,0,0,0,0,4,0,0,0,0
481959,0,1,8,8,8,8,8,8,8,8,8,8
481959,1,1,0,22,35,7,34,15,17,0,20,0
481960,1,1,0,0,0,17,0,27,0,0,25,0
481960,2,1,0,0,0,0,10,0,0,0,9,0
481961,1,1,0,0,0,0,0,0,0,0,2,0
481962,1,1,4,23,0,23,5,0,0,43,0,0
481962,2,1,0,0,5,28,7,0,33,0,0,0
481963,0,1,0,0,0,0,0,0,0,0,0,0
481963,1,1,0,0,0,0,0,0,0,0,0,0
481964,1,1,9,9,9,9,9,9,9,9,9,9
481965,1,1,27,11,0,0,0,0,0,0,21,28
481967,1,1,0,0,0,0,0,10,0,0,0,0
481968,1,1,0,0,0,0,0,0,0,0,0,0
481968,2,1,0,0,0,0,0,0,0,0,0,0
481969,1,1,0,0,0,0,0,0,0,0,0,0
481970,1,1,17,17,17,17,17,17,17,17,17,17
481971,1,1,25,25,25,25,25,25,25,25,25,25
481972,1,1,7,13,19,0,0,21,0,13,0,0
481972,2,1,34,0,27,0,18,0,8,35,22,21
481973,0,1,24,0,34,18,10,19,21,18,28,0
481973,1,1,23,8,0,0,0,0,10,12,0,38
481975,1,1,12,12,12,12,12,12,12,12,12,12
481975,2,1,12,12,12,12,12,12,12,12,12,12
481976,1,1,0,0,0,0,0,0,0,0,0,0
481977,1,1,0,0,0,0,0,0,10,0,0,0
481977,2,1,0,15,0,0,0,0,0,0,0,12
481978,1,1,1,1,1,1,1,1,1,1,1,1
481979,1,1,5,5,5,5,5,5,5,5,5,5
481979,2,1,0,0,0,0,0,0,0,0,0,0
481980,1,1,0,0,0,9,18,0,0,0,0,19
481980,2,1,0,0,0,0,0,0,0,0,0,0
481981,0,1,0,0,0,0,0,0,0,0,0,0
481981,1,1,0,0,0,0,0,0,0,0,0,0
481981,2,1,0,16,19,0,0,0,0,0,11,0
481982,1,1,0,0,0,0,0,0,0,0,0,0
481982,2,1,10,10,10,10,10,10,10,10,10,10
481983,1,1,0,0,0,0,0,18,22,0,0,16
481984,1,1,6,6,6,6,6,6,6,6,6,6
481984,2,1,0,0,0,0,4,0,12,0,0,0
481985,1,1,0,19,13,0,0,0,11,0,17,0
481985,2,1,0,0,0,0,0,0,0,0,0,0
481986,1,1,18,18,18,18,18,18,18,18,18,18
481987,0,1,0,0,0,0,0,0,0,0,0,0
481987,1,1,11,0,0,0,0,0,0,0,18,0
481988,1,1,0,0,0,0,0,0,0,0,0,0
481989,1,1,18,18,18,18,18,18,18,18,18,18
481989,2,1,0,0,0,0,0,0,0,0,0,0
481990,1,1,0,0,0,0,0,0,0,0,0,0
481990,2,1,0,0,0,0,0,0,0,0,0,0
481991,1,1,9,13,8,24,0,0,8,0,10,14
481992,1,1,0,0,0,0,0,0,0,0,0,0
481992,2,1,0,0,0,0,0,0,0,0,0,0
481993,1,1,15,15,15,15,15,15,15,15,15,15
481993,2,1,0,11,39,0,0,19,0,29,3,0
481994,1,1,0,10,9,0,24,22,0,21,3,0
481994,2,1,11,19,0,29,0,22,0,0,15,0
481995,1,1,19,18,17,11,7,8,6,13,17,19
481995,2,1,7,0,13,0,21,0,0,0,0,0
481996,1,1,0,0,5,0,0,18,0,0,0,0
481996,2,1,0,0,0,0,0,0,0,0,0,0
481997,1,1,14,14,14,14,14,14,14,14,14,14
481997,2,1,12,0,5,22,0,0,12,0,19,0
481998,1,1,0,0,0,0,0,0,0,0,14,0
481999,1,1,0,0,0,0,0,0,0,0,12,0
481999,2,1,0,16,0,17,17,18,0,0,0,0
482000,1,1,20,0,9,0,0,0,0,12,0,0
482001,1,1,0,0,0,0,0,0,0,0,0,0
482001,2,1,0,0,0,0,0,0,0,0,0,0
482002,0,1,16,16,16,16,16,16,16,16,16,16
482002,1,1,12,7,0,0,14,0,15,27,0,0
482003,1,1,14,0,0,9,0,8,11,16,0,15
482004,1,1,0,0,0,0,11,0,0,0,0,0
482004,2,1,0,0,0,0,0,0,0,0,0,0
482005,1,1,0,0,0,0,0,0,0,0,0,0
482006,0,1,18,18,18,18,18,18,18,18,18,18
482006,1,1,0,29,0,33,0,0,7,6,20,0
482006,2,1,12,12,5,33,12,7,30,14,0,0
482007,1,1,14,14,14,14,14,14,14,14,14,14
482008,0,1,19,19,19,19,19,19,19,19,19,19
482008,1,1,14,10,0,0,9,0,30,0,3,0
482009,1,1,19,23,24,8,33,0,37,0,0,0
482010,1,1,0,0,0,0,0,0,0,0,0,0
482011,1,1,21,0,0,20,0,0,18,0,0,0