ST_CASE,VEH_NO,PER_NO,P1,P2,P3,P4,P5,P6,P7,P8,P9,P10
482012,1,1,8,7,26,8,35,6,2,23,18,8
482013,1,1,8,9,7,19,0,4,0,0,0,0
482014,1,1,0,20,0,0,0,0,21,0,0,16
482015,0,1,29,0,6,0,0,0,11,0,0,4
482015,1,1,21,22,6,0,22,22,32,0,0,19
482015,2,1,0,0,0,17,0,0,0,33,11,0
482016,0,1,0,0,0,0,0,0,0,0,0,0
482016,1,1,21,19,0,22,5,25,17,9,19,17
482017,1,1,0,0,0,0,0,0,0,0,0,0
482017,2,1,0,0,0,0,0,0,0,0,0,0
482018,1,1,0,13,0,0,0,0,0,0,0,0
482018,2,1,0,0,0,0,0,0,0,0,0,0
482018,3,1,0,21,0,0,0,0,0,0,7,0
482019,1,1,16,16,16,16,16,16,16,16,16,16
482019,2,1,16,0,0,0,9,0,0,12,0,9
482020,1,1,21,21,21,21,21,21,21,21,21,21
482021,1,1,0,0,0,0,0,0,0,0,0,0
482021,2,1,0,0,0,0,0,0,0,0,0,0
482022,0,1,0,0,0,0,0,0,0,0,0,0
482022,1,1,21,15,0,13,20,6,0,8,32,8
482023,1,1,0,0,0,6,11,0,18,0,0,0
482023,2,1,18,30,24,13,13,8,3,13,13,20
482023,3,1,6,0,4,0,0,15,2,0,5,15
482024,1,1,27,27,27,27,27,27,27,27,27,27
482025,0,1,20,12,0,0,13,0,17,0,0,0
482025,1,1,0,11,0,0,12,0,0,0,13,3
482026,0,1,0,0,16,0,25,18,0,15,23,0
482026,1,1,18,18,18,18,18,18,18,18,18,18
482027,1,1,0,0,0,0,0,11,0,24,0,0
482028,0,1,0,0,0,0,0,0,0,0,0,0
482028,1,1,0,0,0,0,0,0,0,0,11,0
482029,1,1,0,0,0,13,0,0,32,0,26,0
482029,2,1,0,0,0,0,0,0,16,0,0,0
482030,1,1,0,0,0,0,11,0,0,0,0,0
482031,1,1,16,16,16,16,16,16,16,16,16,16
482031,2,1,0,0,0,0,0,0,0,23,0,0
482032,1,1,18,18,18,18,18,18,18,18,18,18
482032,2,1,26,0,24,0,0,9,0,0,0,0
482033,1,1,0,0,10,0,0,0,0,0,0,3
482033,2,1,0,0,0,0,0,0,0,22,0,0
482033,3,1,0,0,0,0,0,0,0,0,0,0
482033,4,1,6,11,0,0,0,0,0,0,0,0
482034,1,1,0,0,0,0,0,0,0,7,0,0
482034,2,1,11,0,0,0,12,0,0,0,0,0
482035,1,1,0,0,0,5,0,0,0,0,0,0
482035,2,1,0,0,0,0,0,0,0,0,0,0
482035,3,1,0,0,0,0,0,0,0,0,0,0
482036,0,1,2,2,2,2,2,2,2,2,2,2
482036,0,2,0,0,0,12,27,0,3,29,0,0
482036,1,1,17,17,17,17,17,17,17,17,17,17
482037,1,1,26,26,26,26,26,26,26,26,26,26
482038,1,1,0,18,8,18,15,14,18,20,0,9
482039,0,1,36,0,0,0,0,14,0,0,0,43
482039,1,1,0,0,0,0,0,17,0,0,0,12
482039,2,1,0,8,0,0,0,0,0,0,0,0
482040,1,1,0,0,0,0,0,0,0,0,0,0
482040,2,1,23,23,0,0,0,0,0,0,27,0
482041,1,1,10,22,16,25,22,24,0,18,24,9
482042,1,1,22,13,9,10,18,13,30,16,12,15
482042,2,1,24,17,0,20,21,0,16,0,0,34
482043,1,1,22,22,22,22,22,22,22,22,22,22
482044,1,1,0,0,0,0,0,0,0,0,0,0
482044,2,1,3,3,3,3,3,3,3,3,3,3
482046,1,1,5,5,5,5,5,5,5,5,5,5
482047,1,1,26,26,26,26,26,26,26,26,26,26
482047,2,1,0,0,0,0,25,0,10,13,0,0
482048,1,1,0,0,0,0,0,0,0,0,0,0
482049,1,1,0,0,0,0,27,0,0,0,0,24
482049,2,1,12,0,0,0,15,21,0,0,0,0
482050,1,1,0,0,0,0,0,0,0,0,0,29
482050,2,1,0,0,0,0,0,0,0,0,0,0
482051,1,1,0,0,0,0,0,0,0,0,0,0
482052,1,1,0,56,0,0,0,0,0,0,0,0
482053,0,1,21,15,0,22,0,4,0,0,25,0
482053,0,2,0,0,0,13,29,29,0,0,0,0
482053,1,1,0,11,14,0,0,16,11,0,7,0
482054,1,1,12,12,12,12,12,12,12,12,12,12
482054,2,1,0,0,0,0,0,9,15,7,0,0
482055,1,1,0,0,0,0,0,0,0,0,0,37
482056,0,1,0,0,0,11,12,39,0,17,0,29
482056,1,1,0,0,34,0,20,0,0,0,0,0
482057,1,1,0,0,0,0,0,29,0,0,0,0
482058,1,1,0,0,0,0,0,0,0,0,0,0
482058,2,1,0,0,0,0,0,0,0,0,0,0
482059,0,1,0,0,0,0,0,0,0,0,0,0
482059,0,2,0,0,17,17,0,0,0,5,0,0
482059,1,1,0,0,0,0,0,0,0,0,0,0
482060,1,1,0,0,0,0,0,0,0,0,0,0
482060,2,1,0,0,0,0,0,0,0,0,0,0
482060,3,1,0,0,0,0,0,0,0,0,0,2
482061,1,1,0,0,0,20,28,0,35,0,0,0
482062,0,1,0,0,0,0,0,0,0,0,0,0
482062,1,1,0,0,0,0,0,0,0,0,0,0
482063,1,1,0,0,41,11,6,12,0,24,31,10
482064,0,1,27,0,0,0,17,32,16,50,0,20
482064,1,1,0,0,0,0,0,0,0,7,14,0
482065,1,1,0,0,0,0,0,0,0,0,0,0
482066,0,1,17,35,28,17,0,13,16,28,0,29
482066,1,1,0,0,0,16,15,0,17,0,0,0
482067,1,1,0,0,0,0,0,0,0,0,0,0
482067,2,1,0,0,0,0,0,0,0,0,0,0
482067,3,1,0,0,0,0,0,21,0,0,9,0
482067,4,1,0,0,0,0,22,0,0,0,0,0
482068,1,1,0,30,0,0,0,0,0,0,0,0
482068,2,1,0,0,0,0,0,0,0,0,20,0
482069,1,1,0,0,0,0,0,0,0,0,0,0
482070,1,1,42,8,15,17,0,0,0,19,19,0
482071,1,1,17,11,15,17,0,12,0,0,30,25
482072,1,1,0,0,21,0,22,0,0,0,0,0
482072,2,1,0,0,0,0,0,5,0,0,0,0
482073,1,1,0,0,0,0,0,0,0,0,0,0
482073,2,1,17,0,0,0,0,0,0,6,0,0
482074,1,1,11,11,11,11,11,11,11,11,11,11
482074,2,1,12,12,12,12,12,12,12,12,12,12
482075,0,1,0,12,34,0,11,29,0,0,26,40
482075,1,1,0,0,0,0,0,20,0,0,9,10
482075,2,1,0,21,0,0,0,0,0,0,0,4
482076,1,1,10,10,10,10,10,10,10,10,10,10
482078,0,1,0,24,0,0,12,0,0,0,13,17
482078,1,1,0,10,19,0,0,0,23,3,13,0
482079,0,1,0,0,0,0,0,0,0,0,0,18
482079,1,1,0,0,6,0,0,0,0,0,0,0
482080,0,1,21,21,21,21,21,21,21,21,21,21
482080,1,1,0,0,18,0,0,0,0,0,12,11
482081,1,1,0,0,7,33,0,0,0,0,7,0
482082,1,1,0,0,0,0,0,0,0,0,0,0
482082,2,1,0,0,0,0,0,3,0,0,0,0
482083,0,1,21,21,21,21,21,21,21,21,21,21
482083,1,1,0,0,0,0,9,0,0,0,12,0
482083,2,1,0,28,0,0,0,20,28,0,0,0
482084,1,1,0,0,0,0,0,0,0,0,0,0
482084,2,1,0,0,0,0,0,0,0,0,0,7
482084,3,1,0,0,0,0,0,0,0,0,0,0
482085,1,1,0,0,0,0,0,0,0,0,0,0
482085,2,1,0,0,0,0,0,0,0,0,0,0
482085,3,1,0,0,0,0,0,0,0,0,0,0
482086,1,1,0,0,0,0,0,0,0,0,0,0
482087,1,1,0,0,0,28,0,0,0,21,16,0
482087,2,1,0,0,0,0,0,0,0,0,0,0
482088,1,1,0,0,0,0,0,0,0,0,0,0
482088,2,1,0,0,0,0,0,0,0,14,0,0
482089,1,1,0,0,0,26,0,0,0,12,0,19
482089,2,1,0,0,0,0,0,0,0,0,0,0
482089,3,1,0,0,0,5,0,0,18,0,14,17
482089,4,1,0,0,0,0,0,0,0,0,0,0
482090,1,1,0,0,0,0,0,0,0,0,0,0
482090,2,1,0,0,0,0,0,0,0,0,0,0
482091,0,1,21,21,21,21,21,21,21,21,21,21
482091,1,1,9,29,18,0,3,12,9,15,0,25
482092,1,1,11,11,11,11,11,11,11,11,11,11
482093,1,1,0,0,0,0,0,24,0,0,0,0
482094,1,1,0,0,12,8,0,0,0,2,0,0
482095,1,1,0,0,15,0,0,0,11,0,0,0
482096,1,1,0,0,0,0,0,0,0,0,0,0
482096,2,1,0,16,14,0,0,0,0,22,30,0
482097,0,1,18,18,18,18,18,18,18,18,18,18
482097,1,1,24,34,9,0,17,0,42,21,30,19
482098,1,1,20,20,20,20,20,20,20,20,20,20
482099,0,1,0,0,0,0,0,0,0,0,40,32
482099,1,1,0,10,0,0,0,22,0,0,0,0
482100,1,1,0,0,0,0,0,0,0,0,0,0
482101,1,1,0,0,0,0,0,0,0,0,0,0
482101,2,1,16,0,0,0,0,0,0,0,0,0
482102,1,1,3,3,3,3,3,3,3,3,3,3
482103,1,1,19,19,19,19,19,19,19,19,19,19
482103,2,1,16,16,16,16,16,16,16,16,16,16
482104,0,1,19,0,0,13,26,26,0,21,0,0
482104,1,1,0,4,0,0,3,0,14,18,14,23
482104,2,1,0,0,0,0,0,0,0,0,0,0
482105,1,1,9,0,0,0,0,0,0,0,0,0
482105,2,1,0,0,0,0,0,0,0,0,0,0
482105,3,1,0,0,0,11,0,0,12,0,0,0
482106,1,1,0,0,0,0,0,0,0,0,0,0
482107,1,1,0,0,0,0,0,0,0,0,0,0
482108,0,1,0,0,0,0,0,0,0,0,0,0
482108,1,1,0,0,14,0,15,0,0,0,0,0
482108,2,1,0,0,0,0,0,0,13,0,0,0
482109,1,1,0,0,0,0,0,0,0,22,0,0
482109,2,1,0,0,0,0,0,0,0,0,0,0
482109,3,1,0,8,0,0,0,0,0,0,0,0
482109,4,1,0,0,10,0,0,0,0,0,0,0
482110,1,1,17,0,25,14,0,0,4,0,0,0
482111,1,1,0,0,0,0,0,0,0,0,0,0
482111,2,1,0,0,14,0,0,4,11,7,0,0
482112,1,1,10,0,0,0,16,0,0,0,13,0
482112,2,1,0,0,0,0,0,0,0,0,0,0
482113,0,1,0,0,0,0,0,0,0,0,0,0
482113,0,2,27,0,16,0,0,0,0,24,15,0
482113,1,1,0,0,0,0,0,0,0,23,0,0
482114,1,1,2,2,2,2,2,2,2,2,2,2
482114,2,1,0,0,0,0,0,0,0,0,0,0
482115,1,1,0,0,0,0,0,0,0,0,0,0
482115,2,1,0,0,0,0,0,0,0,0,0,0
482116,1,1,12,12,12,12,12,12,12,12,12,12
482117,1,1,0,0,0,23,0,0,0,21,0,0
482118,0,1,0,0,0,0,0,0,0,0,0,0
482118,1,1,0,0,0,14,0,9,0,10,0,0
482119,1,1,24,24,24,24,24,24,24,24,24,24
482120,1,1,0,0,0,0,0,0,0,0,0,0
482120,2,1,0,0,0,0,0,0,0,0,0,0
482121,1,1,0,0,0,0,0,0,0,0,0,0
482121,2,1,0,34,0,0,0,0,0,0,0,16
482122,1,1,0,12,20,11,19,12,21,0,22,12
482123,0,1,20,11,20,0,8,0,0,0,0,0
482123,1,1,25,3,22,4,7,8,30,49,8,35
482124,1,1,20,20,20,20,20,20,20,20,20,20
482125,1,1,27,27,27,27,27,27,27,27,27,27
482126,1,1,0,0,0,0,0,0,0,0,14,0
482126,2,1,0,0,0,0,13,0,0,0,0,0
482127,0,1,0,0,0,0,19,0,0,0,0,0
482127,1,1,9,0,0,0,14,13,0,0,16,0
482128,1,1,0,0,0,0,0,0,0,0,0,0
482128,2,1,0,6,0,0,0,25,0,0,0,0
482129,1,1,0,0,18,0,0,0,0,0,0,0
482130,1,1,16,0,0,11,0,16,0,19,0,0
482131,1,1,0,0,0,0,0,0,0,0,0,0
482131,2,1,12,12,12,12,12,12,12,12,12,12
482132,1,1,0,0,0,0,15,0,0,0,0,0
482132,2,1,0,0,0,0,0,0,0,0,12,0
482133,1,1,8,0,16,3,0,0,0,20,0,0
482133,2,1,7,7,7,7,7,7,7,7,7,7
482134,0,1,0,0,0,0,0,0,0,0,0,0
482134,1,1,0,0,14,0,5,0,15,18,0,0
482135,1,1,0,0,0,0,0,0,0,0,0,0
482136,1,1,0,0,0,0,0,0,0,0,0,0
482137,0,1,0,0,0,0,0,0,14,26,0,19
482137,1,1,0,15,0,0,0,0,0,0,0,0
482138,1,1,16,16,16,16,16,16,16,16,16,16
482138,2,1,0,0,0,0,0,0,8,0,0,22
482138,3,1,0,3,10,0,0,0,0,27,0,0
482139,1,1,0,0,0,0,0,0,0,0,0,0
482139,2,1,0,0,0,0,0,0,0,0,0,0
482140,1,1,15,15,15,15,15,15,15,15,15,15
482140,2,1,0,0,0,0,0,0,0,0,0,0
482141,1,1,14,0,0,12,0,0,0,11,0,10
482141,2,1,16,0,22,0,8,0,12,0,20,0
482142,0,1,34,34,34,34,34,34,34,34,34,34
482142,1,1,11,0,0,0,7,7,0,0,0,0
482143,1,1,16,16,16,16,16,16,16,16,16,16
482144,0,1,0,0,19,15,25,0,0,12,9,0
482144,1,1,16,10,35,17,10,10,13,0,0,13
482145,0,1,0,20,23,0,19,0,16,24,0,18
482145,1,1,15,0,0,24,0,14,0,0,19,0
482146,1,1,11,11,11,11,11,11,11,11,11,11
482147,0,1,3,3,3,3,3,3,3,3,3,3
482147,0,2,0,0,0,0,0,0,0,0,0,0
482147,1,1,14,16,0,0,15,0,7,0,0,0
482148,1,1,0,0,0,12,0,0,0,0,0,16
482148,2,1,0,21,0,0,9,0,0,0,14,0
482149,0,1,0,0,10,12,0,0,0,0,0,0
482149,0,2,22,0,0,0,13,0,0,26,33,0
482149,1,1,0,20,0,0,0,0,0,0,0,0
482150,1,1,0,15,0,0,0,0,0,0,18,0
482151,0,1,0,0,0,0,0,16,0,0,0,0
482151,1,1,0,0,0,0,0,0,0,0,0,0
482153,1,1,8,20,0,0,0,0,0,0,0,0
482154,1,1,11,11,11,11,11,11,11,11,11,11
482155,1,1,23,23,23,23,23,23,23,23,23,23
482155,2,1,0,0,8,0,23,13,0,13,0,8
482156,0,1,36,36,36,36,36,36,36,36,36,36
482156,1,1,0,0,0,6,0,9,6,0,0,0
482156,2,1,13,0,0,0,0,0,0,7,0,23
482157,1,1,14,14,14,14,14,14,14,14,14,14
482157,2,1,17,0,6,20,0,0,18,10,2,0
482158,2,1,0,0,0,0,0,0,0,0,0,0
482159,1,1,0,0,0,0,0,0,0,0,0,0
482160,1,1,29,29,29,29,29,29,29,29,29,29
482161,1,1,10,0,0,0,0,0,30,0,0,0
482161,2,1,0,0,0,0,0,0,0,0,0,0
482162,0,1,28,0,0,21,10,0,0,23,9,0
482162,1,1,0,0,0,0,0,15,0,0,0,0
482163,1,1,5,15,0,0,10,0,29,12,17,8
482165,1,1,0,0,25,0,0,0,0,0,0,0
482165,2,1,0,10,0,0,0,0,0,0,0,0
482166,1,1,0,0,17,6,8,9,0,8,8,21
482166,2,1,0,10,14,8,0,0,0,0,13,0
482166,3,1,0,0,16,27,0,0,7,0,7,0
482167,1,1,0,0,0,0,17,0,7,0,0,0
482167,2,1,14,0,0,0,0,0,13,0,0,0
482168,0,1,0,9,0,5,11,29,25,0,26,0
482168,1,1,15,0,0,15,0,23,0,0,0,21
482169,1,1,0,0,0,0,0,0,0,0,0,0
482169,2,1,15,15,15,15,15,15,15,15,15,15
482170,0,1,0,12,25,0,0,0,13,0,0,0
482170,1,1,21,0,0,0,23,0,13,16,11,7
482170,2,1,0,15,0,0,0,23,0,0,9,26
482171,1,1,0,0,0,6,0,0,0,0,0,0
482171,2,1,0,0,0,0,0,0,0,0,0,0
482172,1,1,0,0,0,0,0,0,0,0,0,0
482173,1,1,20,20,20,20,20,20,20,20,20,20
482174,1,1,0,0,13,9,24,0,23,19,0,0
482175,1,1,0,0,0,0,0,0,0,0,0,0
482175,2,1,0,0,0,0,0,0,0,0,0,0
482176,1,1,0,0,0,0,0,0,0,0,0,0
482176,2,1,0,0,0,0,0,0,0,0,0,0
482177,1,1,15,5,25,14,21,22,0,0,0,0
482178,0,1,0,0,0,0,0,0,0,0,0,0
482178,1,1,0,0,0,0,0,0,0,0,0,0
482179,1,1,0,0,0,0,0,5,0,9,0,0
482180,1,1,0,0,0,0,0,0,0,0,14,12
482180,2,1,0,0,0,0,0,0,0,0,0,0
482180,3,1,0,6,0,0,0,0,0,0,0,11
482180,4,1,0,0,0,20,0,0,0,9,18,0
482180,7,1,0,0,0,12,0,0,0,0,0,0
482181,1,1,0,0,0,0,0,0,0,0,25,0
482181,2,1,0,0,0,0,0,0,0,0,0,0
482182,1,1,0,0,0,0,0,0,0,0,0,0
482183,1,1,16,16,16,16,16,16,16,16,16,16
482183,2,1,8,0,19,6,9,28,0,0,11,0
482184,1,1,16,16,16,16,16,16,16,16,16,16
482185,1,1,0,11,0,0,0,0,0,0,0,0
482185,2,1,0,0,0,0,11,0,0,0,0,0
482186,1,1,19,19,19,19,19,19,19,19,19,19
482187,1,1,9,17,0,13,27,0,10,5,13,0
482188,1,1,15,15,15,15,15,15,15,15,15,15
482188,2,1,0,0,0,0,0,0,0,0,0,0
482189,1,1,0,0,0,0,0,0,0,0,0,0
482190,1,1,0,0,0,0,0,20,0,0,0,0
482191,1,1,14,0,3,0,0,10,0,9,0,15
482191,2,1,6,9,2,13,10,17,0,10,0,0
482191,3,1,0,13,12,0,0,23,0,0,0,9
482192,1,1,19,19,19,19,19,19,19,19,19,19
482193,0,1,12,12,12,12,12,12,12,12,12,12
482193,1,1,20,0,0,23,0,13,18,0,0,0
482194,1,1,0,22,0,0,0,0,29,30,27,16
482195,1,1,17,19,4,0,0,0,0,0,29,8
482197,1,1,0,0,0,0,0,0,0,0,0,0
482198,1,1,15,0,0,25,0,0,0,0,0,0
482198,2,1,0,0,0,0,0,0,0,0,0,0
482199,1,1,11,0,0,37,37,0,7,18,0,6
482200,1,1,5,14,6,4,14,5,9,21,21,22
482201,0,1,0,0,0,0,0,0,0,0,0,0
482201,1,1,6,6,6,6,6,6,6,6,6,6
482202,1,1,0,0,0,0,0,0,0,0,0,0
482203,1,1,19,16,0,0,0,0,0,0,0,0
482203,2,1,0,0,0,12,0,0,0,8,14,16
482204,1,1,0,0,0,0,9,0,0,0,0,0
482204,2,1,0,0,0,0,0,0,0,0,0,0
482205,1,1,21,21,21,21,21,21,21,21,21,21
482206,1,1,0,0,18,0,0,6,0,0,0,0
482207,1,1,0,0,0,0,0,0,0,0,0,0
482207,2,1,0,0,0,0,0,0,0,0,19,0
482208,1,1,11,11,11,11,11,11,11,11,11,11
482209,1,1,11,12,0,0,0,0,0,0,0,0
482209,2,1,0,0,0,0,0,0,0,13,0,0
482210,1,1,0,0,0,0,20,0,22,0,0,0
482210,2,1,0,0,0,0,0,0,0,0,0,0
482211,1,1,0,0,0,0,0,0,0,0,0,0
482211,2,1,0,9,0,0,0,0,0,0,0,0
482212,0,1,16,0,16,0,11,0,35,13,30,0
482212,1,1,17,0,3,21,9,0,0,0,0,0
482213,1,1,9,0,0,0,13,25,3,4,26,6
482214,1,1,26,0,0,0,0,0,22,9,0,19
482215,0,1,12,12,12,12,12,12,12,12,12,12
482215,1,1,22,0,0,0,8,23,21,0,12,0
482215,2,1,0,0,0,0,0,0,0,0,4,0
482216,1,1,29,29,29,29,29,29,29,29,29,29
482216,2,1,0,15,14,18,0,0,0,0,0,0
482217,1,1,0,0,0,0,0,0,0,0,0,0
482218,1,1,0,0,0,0,0,0,0,0,0,0
482218,2,1,0,0,0,0,0,5,0,0,0,0
482219,0,1,4,0,0,0,0,0,0,0,0,24
482219,1,1,0,0,0,12,16,0,27,0,0,0
482220,0,1,0,0,0,0,0,0,0,0,0,0
482220,0,2,37,0,24,28,0,0,0,0,0,0
482222,1,1,28,28,28,28,28,28,28,28,28,28
482222,2,1,0,0,0,0,0,0,0,0,0,0
482223,1,1,0,0,0,0,0,0,0,0,0,0
482223,2,1,0,0,0,0,0,0,0,0,0,5
482223,3,1,0,0,0,0,0,0,0,0,0,0
482224,1,1,0,0,7,0,29,0,22,0,0,24
482225,1,1,13,13,13,13,13,13,13,13,13,13
482225,2,1,0,0,0,0,0,0,0,0,0,0
482226,0,1,0,27,10,5,29,27,0,26,0,0
482226,1,1,0,0,0,0,0,0,0,14,0,7
482227,0,1,0,14,0,0,0,27,18,0,0,0
482227,1,1,0,0,0,0,0,0,0,0,0,0
482228,1,1,0,0,0,0,0,0,0,0,0,0
482229,1,1,27,27,27,27,27,27,27,27,27,27
482230,1,1,20,20,20,20,20,20,20,20,20,20
482230,2,1,0,20,19,11,0,0,0,0,20,0
482231,1,1,0,0,0,0,0,0,0,0,0,34
482231,2,1,0,0,0,0,0,0,0,0,0,0
482231,3,1,0,0,11,0,0,0,0,0,0,0
482231,4,1,0,3,0,0,0,0,15,0,0,12
482232,1,1,0,0,0,0,0,0,0,0,0,0
482232,2,1,0,0,0,0,0,0,0,0,0,0
482232,3,1,0,0,0,0,0,10,0,0,0,0
482232,4,1,0,0,0,0,0,0,0,0,0,0
482232,5,1,0,0,0,0,0,25,0,23,0,0
482232,6,1,0,0,0,0,0,0,0,0,0,0
482232,7,1,0,0,0,0,0,0,0,0,0,0
482232,8,1,18,0,10,0,20,0,0,0,0,0
482232,9,1,6,0,0,0,0,0,0,0,0,0
482233,1,1,0,0,0,0,0,0,0,0,0,0
482233,2,1,0,0,0,0,0,0,0,0,0,0
482234,1,1,30,30,30,30,30,30,30,30,30,30
482235,1,1,0,0,0,12,28,0,0,0,0,8
482236,0,1,0,0,16,5,32,21,0,19,0,28
482236,1,1,0,0,0,0,24,0,0,0,0,23
482236,2,1,0,8,14,0,8,9,9,0,0,0
482236,3,1,5,6,0,0,0,0,0,0,0,0
482237,1,1,0,0,0,0,0,0,0,0,0,0
482237,2,1,0,0,0,0,0,0,0,0,0,0
482237,3,1,0,0,11,0,0,0,11,0,0,13
482238,1,1,20,0,18,0,0,0,0,0,0,0
482239,0,1,0,0,0,0,0,0,16,0,0,0
482239,1,1,0,0,0,0,0,0,0,0,0,0
482240,1,1,25,25,25,25,25,25,25,25,25,25
482241,1,1,36,31,0,0,0,0,0,0,21,0
482241,2,1,0,0,0,0,0,0,16,0,0,0
482242,1,1,0,0,0,0,19,0,0,0,0,7
482243,0,1,18,18,18,18,18,18,18,18,18,18
482243,1,1,0,0,0,0,0,0,5,0,29,0
482243,2,1,0,0,18,11,0,0,0,0,0,15
482243,3,1,0,0,0,0,0,9,21,0,0,12
482244,1,1,0,0,0,0,37,0,0,0,0,0
482244,2,1,0,10,0,16,0,0,12,0,0,0
482245,1,1,14,19,6,8,0,20,0,25,7,20
482245,2,1,0,0,0,0,0,0,0,0,0,0
482246,0,1,14,0,0,0,27,0,0,30,0,31
482246,1,1,0,0,0,0,0,4,0,0,0,0
482247,0,1,0,0,0,0,0,0,0,0,0,0
482247,1,1,0,0,32,10,10,0,33,0,0,0
482248,1,1,0,0,0,0,0,0,0,0,0,0
482248,2,1,0,0,0,0,0,0,0,0,0,16
482249,1,1,0,0,0,0,0,18,0,0,0,14
482250,0,1,6,6,6,6,6,6,6,6,6,6
482250,1,1,0,0,15,15,0,0,0,8,0,0
482251,0,1,5,5,5,5,5,5,5,5,5,5
482251,0,2,13,13,13,13,13,13,13,13,13,13
482251,1,1,0,19,0,0,0,0,0,14,0,21
482251,4,1,6,16,7,0,50,0,0,0,7,0
482252,0,1,0,0,0,0,0,0,0,0,0,0
482253,0,1,3,3,3,3,3,3,3,3,3,3
482253,1,1,18,17,7,6,0,5,16,20,0,0
482253,2,1,0,20,17,0,0,0,29,0,9,15
482255,1,1,0,0,0,0,0,0,29,0,0,0
482255,2,1,0,0,0,0,0,0,6,0,2,0
482256,0,1,0,0,0,0,0,0,0,0,0,0
482256,1,1,22,3,0,14,14,0,0,14,0,17
482257,0,1,32,0,0,0,24,21,0,31,0,0
482257,1,1,0,16,0,13,10,17,0,0,0,0
482258,0,1,2,41,14,22,41,0,28,17,5,0
482258,1,1,0,0,0,0,0,0,0,0,0,0
482259,1,1,12,12,12,12,12,12,12,12,12,12
482259,2,1,15,0,0,17,0,0,0,18,20,0
482260,1,1,39,39,39,39,39,39,39,39,39,39
482261,1,1,0,12,10,0,0,13,6,0,0,8
482262,1,1,19,10,11,0,0,0,0,0,11,0
482263,0,1,0,0,0,8,0,0,20,18,0,0
482263,1,1,18,9,20,17,24,16,35,12,11,5
482264,1,1,0,0,0,0,0,0,0,0,0,0
482264,2,1,0,0,0,0,0,7,0,0,0,0
482265,1,1,0,0,0,0,0,19,0,0,26,20
482265,2,1,0,0,0,0,0,0,0,0,0,0
482266,1,1,0,0,0,0,0,0,0,0,0,0
482266,2,1,0,19,0,27,0,0,0,0,0,0
482266,3,1,0,0,0,9,0,0,0,0,0,0
482267,0,1,0,0,0,0,0,0,0,0,0,0
482267,1,1,0,0,0,0,0,0,0,0,0,0
482268,0,1,0,0,33,0,0,0,9,13,0,9
482268,1,1,10,0,0,0,0,0,32,0,19,0
482269,1,1,12,0,0,0,0,0,0,0,0,17
482269,2,1,0,0,0,0,0,0,0,20,0,0
482270,1,1,0,0,5,0,15,0,0,0,9,0
482271,0,1,0,27,0,0,18,0,33,0,0,0
482271,1,1,0,0,0,0,0,0,0,0,0,0
482271,2,1,0,0,0,0,0,0,0,0,0,0
482271,3,1,0,0,8,0,0,0,0,0,0,0
482272,1,1,0,0,0,0,0,0,0,0,0,0
482273,1,1,22,22,22,22,22,22,22,22,22,22
482273,2,1,0,0,27,0,0,0,0,0,0,0
482274,1,1,18,0,4,13,0,11,0,11,0,17
482275,1,1,15,15,15,15,15,15,15,15,15,15
482276,1,1,9,9,9,9,9,9,9,9,9,9
482276,2,1,0,0,0,0,14,8,0,0,12,0
482277,0,1,0,23,0,0,31,14,21,0,30,0
482277,1,1,0,3,0,10,0,0,0,11,38,16
482277,2,1,18,0,17,0,8,0,0,5,0,0
482277,3,1,0,0,0,0,0,0,6,0,0,0
482278,1,1,0,0,0,0,0,0,0,0,0,0
482278,2,1,0,0,0,7,0,31,0,21,0,3
482279,1,1,11,0,0,0,17,18,12,7,17,23
482280,1,1,0,0,0,0,0,0,0,0,0,0
482281,1,1,0,0,0,0,0,0,0,0,0,0
482281,2,1,0,0,0,0,0,0,0,0,0,0
482282,1,1,0,0,0,0,0,0,0,0,0,0
482282,2,1,0,0,0,0,0,0,0,0,0,0
482283,0,1,0,0,0,0,0,0,0,0,0,0
482283,1,1,0,6,0,0,0,0,16,0,8,0
482284,1,1,9,9,9,9,9,9,9,9,9,9
482284,2,1,0,0,0,2,0,0,0,0,0,10
482285,1,1,16,16,16,16,16,16,16,16,16,16
482285,2,1,0,0,0,0,26,0,12,0,18,0
482286,0,1,0,0,0,0,0,0,0,0,0,0
482286,1,1,11,7,16,11,35,12,3,15,6,13
482287,1,1,0,0,0,0,0,0,0,0,0,0