ST_CASE,VEH_NO,PER_NO,P1,P2,P3,P4,P5,P6,P7,P8,P9,P10
482287,2,1,18,0,17,0,12,0,0,0,10,0
482288,1,1,0,0,0,0,0,0,0,0,0,0
482288,2,1,0,0,0,0,0,0,0,0,0,0
482289,1,1,0,0,0,0,0,0,0,0,0,0
482290,1,1,0,0,0,0,0,0,0,0,0,0
482290,2,1,0,0,0,3,0,0,0,0,0,0
482291,1,1,0,5,0,0,0,0,9,16,0,0
482292,0,1,18,0,0,0,0,25,33,46,13,0
482292,1,1,0,0,0,0,0,0,0,0,0,0
482293,1,1,0,0,0,0,0,0,0,0,0,0
482293,2,1,0,0,0,24,25,0,0,20,15,0
482294,1,1,0,0,0,0,0,11,0,0,0,7
482295,0,1,9,0,31,0,10,0,29,15,3,0
482295,1,1,0,0,0,0,0,0,0,10,3,0
482296,1,1,15,15,15,15,15,15,15,15,15,15
482296,2,1,0,16,0,0,0,5,0,10,19,0
482297,1,1,0,16,0,0,30,19,0,0,7,0
482298,1,1,0,0,0,37,14,0,0,0,8,13
482299,1,1,4,0,0,11,0,0,0,0,0,0
482299,2,1,0,0,23,0,0,0,31,0,0,0
482300,1,1,0,0,15,19,18,20,0,0,10,0
482301,1,1,18,18,18,18,18,18,18,18,18,18
482302,1,1,0,0,0,0,0,0,0,0,0,0
482302,2,1,0,0,15,0,0,0,0,0,0,8
482303,1,1,0,10,0,0,0,0,13,0,0,0
482303,2,1,0,0,0,0,0,21,0,0,0,0
482304,1,1,28,0,0,0,0,0,0,8,0,20
482305,1,1,0,0,9,14,12,0,14,0,14,0
482306,0,1,14,14,14,14,14,14,14,14,14,14
482306,1,1,0,10,0,19,0,11,0,0,0,0
482306,2,1,22,0,0,0,8,0,0,9,0,17
482307,0,1,10,0,23,0,0,0,0,0,17,0
482307,1,1,0,0,0,0,0,27,14,0,0,0
482308,1,1,9,0,0,0,0,0,0,10,0,0
482308,2,1,0,0,0,0,0,0,0,0,0,0
482308,3,1,0,0,0,0,0,0,0,0,0,0
482309,1,1,19,19,19,19,19,19,19,19,19,19
482310,1,1,0,0,0,0,0,0,0,0,0,0
482311,1,1,0,0,0,0,0,0,0,0,0,0
482311,2,1,0,0,16,0,0,25,0,19,12,0
482312,1,1,7,7,7,7,7,7,7,7,7,7
482313,1,1,10,10,10,10,10,10,10,10,10,10
482313,2,1,0,27,9,0,20,20,17,18,0,26
482313,3,1,24,10,15,0,0,5,0,0,0,0
482314,0,1,22,22,22,22,22,22,22,22,22,22
482314,1,1,11,0,0,30,0,0,0,0,0,12
482315,1,1,0,0,0,0,0,0,0,0,0,0
482315,2,1,0,0,0,0,0,0,0,0,0,0
482316,1,1,0,0,0,0,0,0,0,0,0,0
482317,1,1,0,0,0,0,0,3,0,4,19,0
482319,1,1,0,0,23,0,5,0,0,0,0,0
482319,2,1,41,41,41,41,41,41,41,41,41,41
482320,1,1,0,0,0,0,0,0,0,0,30,0
482320,2,1,0,0,0,0,0,0,0,0,12,0
482320,3,1,17,25,22,0,0,10,0,0,0,0
482320,4,1,7,0,0,0,0,0,0,0,5,11
482320,5,1,0,0,0,0,0,0,0,0,0,0
482321,1,1,0,0,0,0,0,0,0,0,0,0
482321,2,1,0,0,0,0,0,0,0,0,0,9
482322,1,1,13,13,13,13,13,13,13,13,13,13
482323,1,1,0,13,0,0,6,5,13,0,0,0
482324,1,1,0,0,0,0,0,0,0,0,0,0
482325,1,1,13,25,10,35,14,14,30,15,10,12
482326,1,1,0,0,0,0,0,0,0,0,0,0
482326,2,1,0,0,0,0,0,0,7,0,0,0
482326,3,1,8,0,0,0,13,0,0,0,0,0
482326,4,1,0,6,0,0,0,0,0,6,0,10
482327,1,1,0,0,0,17,0,0,0,0,0,0
482327,2,1,0,0,0,0,0,0,0,3,0,0
482328,0,1,0,0,0,0,0,0,0,0,0,0
482328,1,1,0,0,0,0,0,0,0,0,0,0
482329,1,1,25,25,25,25,25,25,25,25,25,25
482330,1,1,0,0,0,0,0,0,0,0,0,0
482330,2,1,0,0,0,0,0,0,0,0,0,0
482331,1,1,13,13,13,13,13,13,13,13,13,13
482332,1,1,0,0,4,0,0,0,0,0,0,0
482332,2,1,0,0,0,0,0,16,0,0,0,0
482332,3,1,0,0,0,0,0,0,0,0,0,0
482332,4,1,24,0,19,0,0,0,0,0,0,0
482333,1,1,0,0,0,0,0,0,0,0,0,0
482334,1,1,5,21,0,0,0,15,0,0,0,28
482334,2,1,0,3,0,15,0,10,12,0,11,0
482335,0,1,0,0,0,0,0,0,0,0,0,0
482335,1,1,0,0,0,0,0,0,0,0,0,0
482336,1,1,0,0,0,0,0,0,0,0,0,0
482336,2,1,0,0,0,0,0,0,0,0,0,0
482336,3,1,0,0,0,9,0,0,6,0,0,0
482336,4,1,0,0,0,0,0,0,0,0,0,0
482336,5,1,25,0,0,0,0,0,0,0,21,0
482336,6,1,0,0,21,0,0,0,8,0,0,0
482336,7,1,0,0,0,19,0,0,0,0,0,0
482336,8,1,0,0,0,1,0,0,0,0,0,0
482337,1,1,0,0,0,0,0,9,24,0,0,0
482337,2,1,0,0,0,0,0,0,9,0,0,0
482338,1,1,0,0,0,0,0,0,0,0,0,0
482338,2,1,0,0,0,14,0,0,0,0,0,0
482339,1,1,5,5,5,5,5,5,5,5,5,5
482340,1,1,0,0,0,0,0,19,0,0,0,0
482340,2,1,0,0,0,0,0,0,0,0,0,0
482341,0,1,0,0,0,41,11,0,0,0,20,0
482341,0,2,0,0,0,0,0,0,0,0,0,0
482341,1,1,0,16,0,0,13,0,0,0,0,0
482342,1,1,0,0,12,13,12,0,0,0,19,0
482342,2,1,0,0,0,0,0,0,0,24,0,0
482343,0,1,21,21,21,21,21,21,21,21,21,21
482343,1,1,0,0,0,0,0,11,0,0,26,0
482343,2,1,30,0,22,14,28,14,0,0,3,11
482344,1,1,26,8,6,24,0,13,21,4,10,14
482344,2,1,15,7,0,0,0,12,0,0,9,9
482345,1,1,21,0,0,0,0,0,0,0,23,0
482345,2,1,0,8,26,0,6,0,11,10,0,0
482346,1,1,0,0,0,0,0,0,0,0,0,0
482346,2,1,12,0,0,0,9,0,14,4,0,0
482346,3,1,23,0,0,0,0,0,0,0,21,27
482347,1,1,0,0,0,0,0,10,0,0,0,0
482348,1,1,0,0,0,0,0,0,0,0,0,0
482348,2,1,0,0,0,0,0,0,0,0,0,0
482349,1,1,0,0,0,0,0,0,0,0,0,0
482350,1,1,0,0,0,0,0,0,0,0,0,0
482350,2,1,0,0,0,0,0,0,0,0,0,0
482351,1,1,0,0,0,0,0,0,0,0,0,0
482351,2,1,0,0,17,7,0,0,0,9,0,0
482351,3,1,0,0,0,0,0,0,0,0,0,0
482351,4,1,0,0,4,0,0,17,0,0,0,0
482351,5,1,0,0,0,0,0,0,0,0,0,0
482352,0,1,0,0,22,24,3,0,0,3,0,0
482352,1,1,0,0,18,0,33,0,18,19,0,0
482352,2,1,0,0,41,5,0,0,13,0,9,0
482353,0,1,0,0,0,0,0,0,0,0,0,0
482353,1,1,0,0,11,7,0,15,0,14,10,0
482354,1,1,0,0,0,0,0,0,0,0,0,0
482354,2,1,0,0,0,0,0,0,0,0,0,0
482355,0,1,28,28,28,28,28,28,28,28,28,28
482355,1,1,0,0,0,0,0,0,0,0,0,0
482356,1,1,21,21,21,21,21,21,21,21,21,21
482356,2,1,0,0,0,0,0,0,0,0,0,0
482356,3,1,0,0,0,0,12,0,18,0,0,0
482357,1,1,0,0,0,0,0,0,0,0,0,0
482357,2,1,0,0,0,0,0,0,0,0,0,0
482358,0,1,0,0,0,0,0,41,11,0,0,0
482358,1,1,0,0,0,20,21,0,0,0,0,0
482359,1,1,21,17,0,16,10,0,13,17,16,0
482360,1,1,0,3,0,14,0,0,0,0,0,0
482360,2,1,0,0,0,0,0,0,21,0,0,19
482361,0,1,5,39,20,20,0,0,0,25,12,0
482361,1,1,0,0,0,0,0,0,0,0,0,0
482362,1,1,18,18,18,18,18,18,18,18,18,18
482363,1,1,24,10,7,0,13,22,21,0,21,0
482364,1,1,0,0,0,9,9,0,13,0,14,0
482365,1,1,0,0,0,0,0,0,0,0,0,0
482365,2,1,0,0,0,9,0,0,0,0,0,12
482366,1,1,21,21,21,21,21,21,21,21,21,21
482367,1,1,2,2,2,2,2,2,2,2,2,2
482368,1,1,18,18,18,18,18,18,18,18,18,18
482369,1,1,0,0,0,0,0,0,0,0,0,0
482369,2,1,0,0,0,0,0,0,0,0,0,0
482370,1,1,0,10,0,0,17,0,0,14,0,23
482371,1,1,16,16,16,16,16,16,16,16,16,16
482372,1,1,13,11,0,0,0,16,0,26,0,0
482372,2,1,0,0,0,0,0,31,0,20,0,0
482373,1,1,0,0,0,0,0,0,0,0,0,0
482373,2,1,0,0,0,0,0,0,0,0,0,0
482374,1,1,0,0,0,14,0,0,0,0,0,0
482374,2,1,21,0,0,17,0,0,0,0,0,0
482375,1,1,0,0,0,0,0,12,0,0,16,26
482376,0,1,23,10,0,0,20,0,0,0,30,0
482376,1,1,0,26,0,8,17,0,0,0,12,9
482377,0,1,0,0,0,0,0,0,0,0,0,0
482377,1,1,0,0,0,0,0,0,19,0,0,0
482378,1,1,0,12,0,24,0,12,0,0,0,13
482379,0,1,25,0,9,7,0,6,19,0,0,14
482379,1,1,0,17,0,0,9,28,0,0,15,5
482380,1,1,0,0,0,0,0,0,0,0,0,0
482380,2,1,0,0,18,23,0,7,0,0,0,25
482381,1,1,0,0,0,0,0,0,0,0,0,0
482381,2,1,0,0,0,0,0,0,0,0,0,0
482382,1,1,6,19,0,0,0,0,0,10,0,0
482383,1,1,0,6,0,0,9,0,7,0,0,0
482383,2,1,0,0,12,0,0,0,0,5,0,0
482384,1,1,0,0,12,22,0,23,0,0,27,0
482384,2,1,0,0,0,0,0,0,0,0,0,0
482385,1,1,15,15,15,15,15,15,15,15,15,15
482385,2,1,0,0,0,0,0,0,0,0,0,0
482387,1,1,0,0,25,0,0,0,0,0,21,0
482388,0,1,0,0,0,0,0,0,0,0,0,0
482388,1,1,0,0,33,0,0,0,0,0,0,0
482389,1,1,0,0,0,0,0,0,0,0,0,0
482389,2,1,0,0,2,0,0,0,0,0,0,0
482390,1,1,0,0,0,0,0,0,0,0,0,0
482391,0,1,0,0,0,0,0,0,0,0,0,0
482391,1,1,15,0,0,0,0,0,0,0,0,14
482393,1,1,7,0,0,0,0,0,10,0,0,0
482393,2,1,0,0,0,0,0,14,11,0,0,0
482394,0,1,0,0,0,0,0,0,0,0,0,0
482394,1,1,0,0,0,0,0,0,0,0,0,0
482395,0,1,0,0,0,0,0,0,0,0,0,0
482395,0,2,0,38,0,30,32,0,0,0,19,6
482395,1,1,10,10,10,10,10,10,10,10,10,10
482396,1,1,11,11,11,11,11,11,11,11,11,11
482396,2,1,0,0,0,0,12,0,19,16,0,0
482397,1,1,15,15,15,15,15,15,15,15,15,15
482397,2,1,0,14,8,0,18,0,0,0,0,0
482397,3,1,0,0,0,0,17,0,0,0,0,0
482397,4,1,0,0,17,6,0,0,0,0,0,0
482398,1,1,22,18,20,3,26,26,16,25,6,32
482398,2,1,0,0,0,0,0,0,0,0,0,0
482399,0,1,18,0,0,0,0,15,0,0,0,0
482399,1,1,0,0,8,0,0,0,27,16,18,0
482399,3,1,20,0,7,11,10,0,0,11,6,19
482400,1,1,0,0,0,0,0,0,0,0,0,0
482400,2,1,0,0,0,11,0,0,0,0,0,0
482400,3,1,0,0,0,0,0,10,0,0,0,0
482401,1,1,17,17,17,17,17,17,17,17,17,17
482402,1,1,33,0,0,0,0,0,0,35,0,7
482402,2,1,19,0,0,0,0,17,0,0,0,0
482403,0,1,8,8,8,8,8,8,8,8,8,8
482403,1,1,0,0,0,0,0,0,23,11,0,0
482404,1,1,16,16,16,16,16,16,16,16,16,16
482405,1,1,16,16,16,16,16,16,16,16,16,16
482406,1,1,32,32,32,32,32,32,32,32,32,32
482407,1,1,8,13,0,0,21,0,0,17,0,25
482407,2,1,16,16,16,16,16,16,16,16,16,16
482408,1,1,0,0,0,0,0,5,0,0,0,0
482408,2,1,0,0,0,0,0,0,0,0,0,0
482409,0,1,9,0,0,4,0,0,17,0,19,0
482409,1,1,0,0,0,0,0,12,0,13,0,0
482410,1,1,0,0,9,0,0,10,0,12,0,0
482410,2,1,0,0,0,0,6,7,0,0,0,15
482411,1,1,0,0,0,0,0,0,0,0,0,0
482412,1,1,15,18,13,24,10,18,39,25,21,26
482413,1,1,0,0,0,0,15,0,0,0,0,0
482414,1,1,19,0,0,0,9,0,0,0,0,24
482414,2,1,0,0,0,2,0,0,0,0,0,0
482415,1,1,0,0,0,0,6,0,0,0,0,0
482415,2,1,0,0,0,0,0,0,0,0,0,0
482416,1,1,13,13,13,13,13,13,13,13,13,13
482417,1,1,0,0,0,0,0,0,0,0,0,0
482417,2,1,15,0,0,13,0,0,16,0,0,0
482418,1,1,23,23,23,23,23,23,23,23,23,23
482418,2,1,27,27,27,27,27,27,27,27,27,27
482420,1,1,23,23,23,23,23,23,23,23,23,23
482421,1,1,0,0,0,0,0,0,0,0,0,0
482421,2,1,0,0,7,0,0,0,6,16,0,0
482422,1,1,0,0,0,0,0,0,0,0,16,0
482423,1,1,18,18,18,18,18,18,18,18,18,18
482424,1,1,0,0,0,0,0,0,0,0,0,0
482424,2,1,0,0,0,0,0,0,0,0,0,0
482425,1,1,26,26,26,26,26,26,26,26,26,26
482425,2,1,0,4,5,0,0,0,0,0,0,0
482426,1,1,0,0,0,0,12,0,16,0,0,0
482426,2,1,0,13,0,0,0,17,0,0,0,0
482426,3,1,5,0,0,0,0,0,0,0,24,0
482427,0,1,0,25,16,0,0,0,18,0,0,0
482427,1,1,17,0,0,35,0,18,0,13,0,0
482428,0,1,0,0,0,0,0,0,0,0,0,0
482428,1,1,0,0,21,0,9,0,0,0,14,18
482429,1,1,15,24,0,0,15,14,0,10,10,13
482430,1,1,22,0,0,0,0,0,0,0,20,15
482432,1,1,0,0,0,0,0,0,0,0,0,0
482433,1,1,0,23,0,0,9,0,15,0,31,0
482434,1,1,0,0,0,0,0,0,0,0,0,0
482434,2,1,0,8,0,0,0,0,0,0,0,0
482435,1,1,0,2,0,0,0,0,0,0,0,0
482436,1,1,0,0,0,0,0,0,0,0,0,0
482437,1,1,0,0,0,0,0,0,0,0,0,0
482437,2,1,22,22,22,22,22,22,22,22,22,22
482438,1,1,0,0,0,0,0,14,16,0,0,0
482438,2,1,0,0,0,0,0,0,0,0,0,0
482439,0,1,5,5,5,5,5,5,5,5,5,5
482439,1,1,0,0,0,0,3,0,6,13,0,21
482440,1,1,0,0,0,0,0,0,0,0,0,0
482440,2,1,0,0,0,0,0,0,0,0,0,0
482441,1,1,0,0,0,12,0,0,0,0,0,13
482441,2,1,15,15,0,0,0,0,13,0,26,23
482442,1,1,0,0,0,0,0,0,0,0,0,0
482442,2,1,1,1,1,1,1,1,1,1,1,1
482442,3,1,0,0,0,0,0,9,9,0,0,19
482442,4,1,0,0,0,0,11,0,0,0,0,0
482443,1,1,0,13,29,17,0,0,0,18,5,0
482443,2,1,0,0,0,12,0,0,0,0,0,0
482444,0,1,0,0,0,0,0,0,0,0,0,0
482444,1,1,21,0,12,0,1,11,22,0,0,23
482445,1,1,9,9,9,9,9,9,9,9,9,9
482446,1,1,0,0,0,10,0,0,15,8,0,0
482447,0,1,4,4,4,4,4,4,4,4,4,4
482447,1,1,0,11,0,0,0,0,17,0,18,0
482448,1,1,0,0,0,0,0,0,0,0,0,0
482448,2,1,0,0,22,0,0,0,0,0,0,0
482449,1,1,0,0,0,0,0,0,0,0,0,0
482450,1,1,24,24,24,24,24,24,24,24,24,24
482451,1,1,8,8,8,8,8,8,8,8,8,8
482453,1,1,0,0,0,5,0,9,0,0,0,0
482453,2,1,0,0,0,12,0,40,0,0,0,0
482454,1,1,6,6,6,6,6,6,6,6,6,6
482454,2,1,0,0,0,0,0,0,0,0,0,0
482455,1,1,0,22,18,5,15,0,0,0,8,0
482457,1,1,0,0,0,15,0,0,0,0,0,15
482458,1,1,25,25,25,25,25,25,25,25,25,25
482458,2,1,7,7,7,7,7,7,7,7,7,7
482459,0,1,0,0,0,0,0,0,0,0,0,0
482459,1,1,19,8,16,0,0,0,9,0,21,0
482460,1,1,0,0,0,0,25,0,29,21,0,0
482460,2,1,0,0,0,0,6,0,0,0,0,0
482461,0,1,22,22,22,22,22,22,22,22,22,22
482461,1,1,0,0,0,0,0,0,0,0,0,0
482461,2,1,12,5,0,0,13,0,0,20,0,0
482461,3,1,16,0,0,11,15,0,0,0,16,0
482462,1,1,0,0,0,0,0,0,0,0,0,0
482462,2,1,0,13,0,0,2,0,0,0,17,0
482462,3,1,0,0,0,0,0,0,7,0,0,0
482463,1,1,0,0,0,0,0,0,0,0,0,0
482464,0,1,9,9,9,9,9,9,9,9,9,9
482464,1,1,0,0,0,8,0,0,0,0,0,3
482465,1,1,0,0,0,0,0,0,0,0,0,11
482465,2,1,0,0,0,0,0,0,6,0,12,0
482466,1,1,14,14,14,14,14,14,14,14,14,14
482467,1,1,0,0,0,0,0,0,0,0,0,0
482467,2,1,0,0,0,0,0,17,0,0,0,0
482468,1,1,0,0,0,27,0,0,0,0,0,6
482468,2,1,0,0,0,0,0,0,0,0,0,0
482469,0,1,0,0,0,0,0,0,0,0,26,62
482469,1,1,0,0,0,0,0,0,0,0,0,24
482470,1,1,5,5,5,5,5,5,5,5,5,5
482471,1,1,0,0,0,0,0,0,0,0,0,0
482471,2,1,27,16,0,22,24,0,22,22,3,0
482473,1,1,0,0,14,26,8,0,13,0,0,0
482473,2,1,23,0,22,0,14,0,12,0,11,2
482474,0,1,0,0,0,16,0,39,17,0,19,0
482474,1,1,0,0,0,0,0,0,0,0,0,19
482475,0,1,1,1,1,1,1,1,1,1,1,1
482475,1,1,0,0,0,0,0,0,0,0,0,0
482476,1,1,0,0,0,0,0,0,0,0,0,0
482477,1,1,0,0,0,0,0,0,0,0,0,0
482478,0,1,0,16,16,0,0,26,38,10,5,0
482478,1,1,0,0,0,0,13,0,0,0,0,0
482479,1,1,0,0,0,0,0,0,0,0,0,0
482480,1,1,0,0,0,0,0,0,0,0,0,0
482480,2,1,0,0,0,0,0,0,0,0,0,0
482481,0,1,0,0,0,0,0,0,0,0,0,0
482481,1,1,0,0,0,5,0,0,0,0,22,21
482482,1,1,0,0,0,0,0,0,0,0,0,0
482483,1,1,0,0,0,0,0,0,0,0,0,0
482483,2,1,0,0,15,26,16,0,14,17,17,35
482484,0,1,0,0,0,0,0,0,0,0,0,0
482484,1,1,0,0,0,0,0,0,0,0,15,0
482485,0,1,19,18,0,0,0,0,0,0,0,0
482485,1,1,0,0,0,0,0,0,0,0,0,0
482486,1,1,19,19,19,19,19,19,19,19,19,19
482487,1,1,0,0,0,0,0,0,0,16,0,15
482487,2,1,0,0,0,0,0,0,0,0,0,0
482487,3,1,0,0,0,0,0,0,12,0,0,0
482488,1,1,0,0,10,0,0,0,0,0,0,8
482488,2,1,0,0,0,19,0,0,0,0,0,0
482489,0,1,26,0,0,0,0,0,0,0,0,0
482489,1,1,0,0,0,0,0,19,13,6,0,0
482490,1,1,0,0,4,0,0,0,0,0,0,0
482490,2,1,0,0,0,0,0,0,0,0,0,0
482492,1,1,25,25,25,25,25,25,25,25,25,25
482493,1,1,6,6,6,6,6,6,6,6,6,6
482494,1,1,0,0,0,0,0,0,0,0,0,0
482494,2,1,0,0,0,20,0,0,18,0,0,0
482495,1,1,0,8,0,0,0,0,0,0,0,0
482495,2,1,0,0,0,0,0,0,0,0,0,0
482495,3,1,0,0,0,0,0,0,0,0,0,0
482495,4,1,0,0,0,0,0,0,0,0,0,0
482495,5,1,0,0,3,0,0,4,0,0,0,0
482496,1,1,11,35,9,16,19,18,21,14,27,7
482497,1,1,0,0,0,0,0,0,0,0,0,0
482497,2,1,2,2,2,2,2,2,2,2,2,2
482497,3,1,0,0,0,0,0,0,0,0,0,0
482497,4,1,10,0,0,0,0,0,0,0,0,0
482497,5,1,0,0,0,0,0,0,0,22,0,0
482497,6,1,0,0,0,0,0,0,0,0,5,0
482498,1,1,0,0,0,0,0,0,0,0,0,0
482499,0,1,25,26,0,30,0,0,0,0,6,0
482499,1,1,0,0,0,0,0,17,13,17,0,12
482500,1,1,0,0,0,19,0,0,0,20,0,0
482500,2,1,0,3,10,0,0,0,0,0,0,0
482500,3,1,0,11,0,0,0,0,0,0,0,0
482501,0,1,0,0,0,24,0,0,13,7,26,35
482501,1,1,10,0,22,28,4,0,20,21,29,18
482502,1,1,8,0,0,0,0,15,16,0,14,0
482503,1,1,0,0,0,0,0,0,0,19,0,0
482503,2,1,0,0,0,0,0,0,0,0,0,0
482504,0,1,0,0,0,0,0,0,0,0,0,0
482504,1,1,8,8,8,8,8,8,8,8,8,8
482505,0,1,30,30,30,30,30,30,30,30,30,30
482505,1,1,0,0,24,16,0,19,0,0,0,0
482506,1,1,24,37,0,0,13,8,16,0,31,17
482506,2,1,5,0,0,18,0,0,0,0,0,0
482506,3,1,0,0,0,0,0,0,7,0,11,0
482507,0,1,0,0,39,11,0,0,0,0,0,12
482507,1,1,0,0,0,0,0,0,0,0,0,0
482507,2,1,0,0,0,0,0,0,0,0,0,0
482507,3,1,0,17,0,0,0,0,0,0,0,0
482508,1,1,21,18,12,16,0,20,0,0,10,13
482509,1,1,0,0,29,0,0,0,0,0,0,0
482509,2,1,0,0,0,0,13,0,0,0,13,0
482510,1,1,19,19,19,19,19,19,19,19,19,19
482511,1,1,0,0,0,0,0,7,0,0,26,0
482511,2,1,0,0,0,0,0,0,0,0,0,0
482512,1,1,0,16,0,0,0,11,0,36,0,0
482513,1,1,10,10,10,10,10,10,10,10,10,10
482513,2,1,0,0,10,0,0,0,0,0,9,0
482514,1,1,0,8,23,19,19,14,0,15,0,12
482515,1,1,18,29,10,0,0,0,18,0,11,34
482516,1,1,0,0,0,0,0,0,0,5,0,0
482516,2,1,0,0,0,0,0,0,0,0,0,0
482517,0,1,33,33,33,33,33,33,33,33,33,33
482517,1,1,0,5,0,0,11,0,0,14,0,0
482518,1,1,0,0,0,0,8,0,0,0,0,0
482518,2,1,0,0,23,13,0,0,0,0,0,0
482518,3,1,0,0,0,0,0,0,0,0,0,0
482518,4,1,13,0,0,11,0,17,0,0,0,0
482518,5,1,12,22,0,5,0,17,0,25,0,25
482520,1,1,0,0,0,0,0,0,0,0,0,0
482520,2,1,0,0,0,0,0,0,0,0,0,0
482521,1,1,0,0,0,0,23,0,0,0,0,0
482522,1,1,0,0,0,0,0,0,0,0,0,0
482522,2,1,0,0,0,0,0,0,0,0,0,0
482523,1,1,0,0,0,0,0,0,0,0,0,0
482523,2,1,0,0,0,0,0,0,0,0,0,0
482524,1,1,0,0,0,0,0,0,0,0,0,0
482524,2,1,0,0,0,0,0,0,0,17,0,0
482525,0,1,14,0,0,0,0,14,0,0,12,0
482525,1,1,0,5,8,0,0,6,0,0,0,0
482526,1,1,17,17,17,17,17,17,17,17,17,17
482526,2,1,0,0,0,0,0,0,0,0,0,0
482527,1,1,22,22,22,22,22,22,22,22,22,22
482527,2,1,0,0,0,0,0,0,0,0,0,0
482528,0,1,0,0,0,40,0,0,0,0,21,0
482528,1,1,0,0,16,16,0,0,0,0,14,0
482529,1,1,0,0,0,0,0,0,0,0,0,0
482530,1,1,23,0,0,0,0,0,0,0,0,0
482531,0,1,0,0,0,15,0,0,0,0,30,0
482531,0,2,0,0,0,0,0,0,0,0,9,0
482531,0,3,0,0,0,0,0,0,0,0,0,0
482531,0,4,0,0,0,0,0,0,0,0,0,0
482531,1,1,10,21,13,17,3,13,0,0,11,23
482532,1,1,0,0,0,0,0,0,0,0,0,0
482533,1,1,14,14,14,14,14,14,14,14,14,14
482534,0,1,0,0,0,0,0,0,0,0,0,0
482534,1,1,0,0,0,0,0,0,0,0,0,0
482535,1,1,29,29,29,29,29,29,29,29,29,29
482535,2,1,14,13,18,8,12,15,25,3,14,19
482536,1,1,0,20,0,0,0,0,0,0,0,0
482536,2,1,0,0,0,0,17,0,0,11,0,21
482537,1,1,14,14,14,14,14,14,14,14,14,14
482537,2,1,0,0,0,0,0,0,0,0,0,0
482537,3,1,0,0,17,0,12,0,28,0,0,12
482538,1,1,22,22,22,22,22,22,22,22,22,22
482538,2,1,4,36,12,0,0,0,6,0,0,0
482539,0,1,0,0,0,0,0,0,0,0,0,0
482539,1,1,15,0,5,5,0,11,21,11,0,19
482540,1,1,0,0,0,0,0,0,0,0,6,0
482541,1,1,0,0,0,0,8,19,0,0,0,20
482541,2,1,0,15,0,0,0,0,4,0,0,0
482542,1,1,0,0,0,0,0,14,0,0,0,3
482543,1,1,9,9,9,9,9,9,9,9,9,9
482544,1,1,0,0,0,0,15,30,0,0,0,0
482545,1,1,0,0,0,6,0,0,0,0,0,0
482545,2,1,0,7,0,0,0,0,14,0,0,12
482546,1,1,0,0,0,0,0,0,0,0,0,0
482546,2,1,0,0,0,0,0,0,17,0,16,0
482547,1,1,9,0,29,24,20,28,26,23,0,17
482547,2,1,6,9,0,5,0,0,18,25,16,14
482548,1,1,0,0,0,0,0,0,0,0,0,0
482548,2,1,0,0,0,12,0,0,0,0,0,0
482549,1,1,0,0,0,0,0,0,0,0,0,21
482549,2,1,0,0,0,0,0,0,0,5,0,0
482550,1,1,0,0,0,0,0,0,0,0,0,0
482551,1,1,24,16,30,0,26,21,11,0,25,0
482552,1,1,0,0,0,0,0,0,0,0,0,0
482552,2,1,0,31,0,0,0,0,0,0,0,0
482553,1,1,0,0,0,0,0,0,0,0,9,0
482554,1,1,22,0,26,20,0,0,0,0,0,0
482556,0,1,0,0,0,0,0,0,0,0,0,0
482556,1,1,0,0,0,18,0,0,23,0,0,0
482557,1,1,0,0,0,0,0,17,8,0,10,0
482557,2,1,0,0,0,0,0,0,0,0,0,0
482558,0,1,7,0,9,0,0,13,0,9,0,27
482558,1,1,0,0,0,6,0,0,0,0,0,0
482559,1,1,0,0,0,0,0,0,0,0,0,0
482560,0,1,18,18,18,18,18,18,18,18,18,18
482560,1,1,0,0,0,0,0,22,0,0,23,15
482560,2,1,19,0,0,0,11,0,0,9,0,0
482561,1,1,0,0,0,0,0,0,0,0,0,25
482561,2,1,0,0,0,0,0,0,0,0,0,0
482562,0,1,0,0,0,21,17,0,0,20,26,0
482562,1,1,0,5,0,0,6,0,0,0,17,14
482563,1,1,0,0,0,0,0,0,10,0,0,0
482563,2,1,0,0,0,0,0,0,0,0,0,0
482564,1,1,0,0,0,0,0,0,0,0,0,0
482565,1,1,0,0,0,0,0,10,0,0,0,0
482565,2,1,0,0,0,0,0,0,0,0,0,15
482566,1,1,0,0,0,0,25,0,13,13,0,0
482568,1,1,0,0,0,0,0,0,0,0,0,0
482569,1,1,0,0,0,0,0,0,0,0,0,0
482570,1,1,30,0,0,0,0,0,0,0,0,0
482570,2,1,20,0,0,0,0,0,13,0,0,6
482571,1,1,0,0,0,0,0,0,0,0,0,0
482571,2,1,0,0,0,0,0,13,0,0,0,0
482572,1,1,0,0,13,0,5,17,0,0,0,0
482572,2,1,15,0,0,15,11,0,0,0,15,0
482573,0,1,3,3,3,3,3,3,3,3,3,3