ST_CASE,VEH_NO,PER_NO,P1,P2,P3,P4,P5,P6,P7,P8,P9,P10
482573,1,1,10,20,0,0,11,0,0,0,0,0
482574,0,1,0,0,0,0,0,0,0,0,0,0
482574,1,1,0,0,0,20,0,19,11,0,0,10
482575,1,1,1,1,1,1,1,1,1,1,1,1
482576,0,1,0,0,0,0,0,0,0,0,0,0
482576,1,1,0,9,12,0,0,0,14,0,0,0
482577,0,1,25,25,25,25,25,25,25,25,25,25
482577,1,1,0,16,0,14,0,0,0,13,0,20
482578,1,1,8,0,0,12,0,12,0,0,4,0
482578,2,1,0,0,0,0,0,0,0,0,0,0
482578,3,1,0,0,0,0,0,0,0,0,0,21
482579,1,1,0,0,0,0,0,0,0,0,0,0
482580,1,1,22,0,0,0,0,0,0,0,0,0
482580,2,1,0,0,0,0,0,8,0,0,0,0
482581,1,1,0,0,0,0,0,0,0,0,0,0
482581,2,1,0,0,0,0,0,0,0,0,0,0
482582,1,1,11,0,1,16,0,19,8,0,9,7
482582,2,1,12,13,22,16,11,16,9,11,34,21
482583,1,1,0,0,0,0,0,0,0,0,0,0
482583,2,1,0,0,0,11,0,4,0,0,0,0
482584,1,1,25,22,0,0,0,12,20,17,15,0
482585,0,1,0,0,0,0,21,0,10,0,0,0
482585,1,1,0,0,0,0,0,0,9,0,0,0
482586,0,1,0,0,0,0,0,0,0,0,0,0
482586,1,1,0,0,0,0,0,0,0,0,0,0
482587,1,1,20,24,10,2,8,4,27,0,19,11
482588,1,1,16,16,16,16,16,16,16,16,16,16
482588,2,1,0,0,0,0,0,0,0,0,0,0
482588,3,1,0,0,0,0,15,0,5,20,7,0
482589,0,1,14,14,14,14,14,14,14,14,14,14
482589,1,1,26,0,0,0,0,0,0,0,0,0
482590,0,1,29,29,29,29,29,29,29,29,29,29
482590,1,1,14,14,14,14,14,14,14,14,14,14
482591,0,1,13,35,10,52,16,32,0,8,0,0
482591,1,1,17,17,17,17,17,17,17,17,17,17
482592,1,1,19,19,19,19,19,19,19,19,19,19
482592,2,1,0,0,0,0,0,0,0,0,0,0
482593,1,1,0,0,0,0,0,0,0,17,0,0
482593,2,1,0,22,0,0,0,0,0,9,0,0
482594,0,1,8,0,24,0,16,0,0,0,15,0
482594,1,1,0,0,0,0,0,0,0,0,0,0
482595,0,1,0,19,25,0,8,28,0,19,0,19
482595,1,1,11,16,20,16,23,0,0,0,0,0
482596,1,1,0,0,0,0,0,0,0,0,0,0
482596,2,1,0,0,0,0,0,0,27,0,0,0
482597,1,1,8,0,0,20,17,0,0,11,0,0
482598,0,1,0,0,0,0,0,0,0,0,0,0
482598,1,1,0,0,0,0,0,0,0,0,0,0
482599,1,1,0,16,0,0,0,0,0,0,0,0
482599,2,1,0,0,0,0,0,0,0,0,0,0
482600,1,1,21,0,0,35,0,6,0,0,0,15
482600,2,1,0,0,0,6,0,0,0,0,0,0
482600,3,1,0,0,0,0,0,0,0,0,0,0
482601,1,1,0,14,0,0,0,0,0,0,0,0
482601,2,1,0,0,0,0,0,0,0,0,10,0
482602,0,1,13,0,0,0,0,0,14,38,12,41
482602,1,1,0,8,22,21,23,12,12,13,9,9
482603,0,1,20,20,20,20,20,20,20,20,20,20
482603,1,1,0,0,14,5,0,0,0,0,0,17
482604,1,1,0,0,0,0,0,0,0,0,0,0
482604,2,1,13,13,13,13,13,13,13,13,13,13
482605,1,1,0,0,0,0,0,0,0,0,0,0
482605,2,1,14,26,39,29,27,15,23,32,16,17
482607,0,1,26,0,0,18,0,0,20,0,0,22
482607,1,1,0,0,29,0,0,0,6,31,11,10
482608,1,1,0,0,0,12,0,0,0,16,0,37
482608,2,1,0,0,0,0,0,0,0,0,0,0
482609,1,1,14,13,27,0,23,6,5,22,9,24
482609,2,1,0,0,3,0,0,0,0,10,0,0
482610,0,1,17,0,4,0,0,0,0,0,8,10
482610,1,1,0,22,21,33,0,43,25,0,16,0
482611,1,1,0,0,0,0,0,0,0,0,0,0
482612,1,1,16,16,16,16,16,16,16,16,16,16
482612,2,1,5,0,7,0,0,0,0,0,21,0
482613,1,1,0,0,0,0,0,25,27,0,20,0
482613,2,1,0,0,0,0,0,0,0,0,0,0
482614,1,1,0,5,0,15,0,0,26,11,17,0
482615,1,1,19,7,0,0,0,0,0,7,0,0
482615,2,1,0,0,0,0,7,27,0,0,11,0
482616,1,1,0,0,0,0,0,0,0,14,0,0
482616,2,1,28,0,0,0,18,0,0,0,0,22
482617,1,1,21,29,27,16,19,0,20,6,16,11
482618,0,1,0,0,0,0,0,0,0,0,0,0
482618,1,1,0,11,0,0,0,0,14,9,0,0
482619,0,1,0,0,0,0,0,0,0,21,11,0
482619,1,1,0,0,0,8,0,0,9,5,22,0
482620,1,1,0,0,0,0,0,0,0,0,0,0
482620,2,1,0,0,0,0,0,0,0,0,0,0
482621,0,1,0,0,0,0,0,0,0,0,0,0
482621,1,1,0,0,0,0,0,0,0,0,0,0
482622,0,1,0,13,12,10,0,0,32,36,14,0
482622,1,1,0,0,0,0,0,0,0,0,0,0
482623,1,1,18,6,10,25,15,13,18,29,14,11
482624,0,1,19,25,32,20,32,18,20,12,9,19
482624,1,1,0,0,0,0,0,18,17,0,28,38
482625,1,1,0,25,15,0,0,0,0,0,19,5
482625,2,1,0,0,13,19,0,0,0,0,0,0
482626,1,1,0,0,0,0,0,0,0,0,0,0
482626,2,1,0,0,0,0,0,0,0,0,0,0
482627,0,1,0,0,0,0,0,0,0,0,0,0
482627,1,1,0,0,0,0,0,0,0,0,0,0
482628,0,1,0,0,0,0,0,0,0,0,0,0
482628,1,1,0,0,0,0,0,0,0,0,14,0
482629,1,1,0,0,0,0,0,0,0,0,0,0
482630,0,1,10,10,10,10,10,10,10,10,10,10
482630,1,1,0,0,25,0,0,0,0,0,0,25
482632,0,1,0,0,0,0,0,0,0,0,0,0
482632,1,1,7,18,14,7,4,21,22,7,15,4
482632,2,1,0,17,0,0,6,0,42,13,0,47
482633,1,1,0,21,0,27,0,13,7,4,19,22
482634,1,1,8,0,5,10,0,0,8,30,11,18
482635,1,1,18,18,18,18,18,18,18,18,18,18
482636,1,1,16,16,16,16,16,16,16,16,16,16
482637,1,1,0,0,0,0,0,0,0,0,0,0
482638,1,1,0,5,0,0,0,0,0,0,0,0
482638,2,1,0,0,0,0,7,0,0,0,0,0
482639,1,1,23,12,10,12,16,18,8,36,33,0
482639,2,1,19,0,0,0,0,0,0,0,0,0
482640,1,1,0,0,0,0,0,0,8,12,0,0
482641,1,1,0,0,0,0,0,0,0,0,0,0
482642,1,1,25,25,25,25,25,25,25,25,25,25
482643,1,1,11,20,0,0,5,20,5,0,21,8
482644,1,1,0,0,0,16,0,13,0,0,0,0
482645,1,1,0,0,0,17,0,0,0,22,0,0
482645,2,1,0,0,8,0,0,0,0,0,0,0
482645,3,1,0,5,0,0,0,2,0,0,0,0
482646,1,1,0,0,0,0,0,11,0,22,0,39
482647,1,1,0,0,0,0,0,0,0,0,0,0
482648,2,1,0,0,0,0,0,0,19,0,0,0
482649,1,1,35,0,0,0,10,0,25,0,13,0
482650,1,1,0,0,0,0,0,0,0,0,0,0
482651,1,1,0,0,0,0,0,0,0,0,0,0
482652,0,1,8,8,8,8,8,8,8,8,8,8
482652,1,1,0,0,0,11,0,21,0,7,0,0
482652,2,1,6,0,0,2,8,0,0,0,0,9
482652,3,1,0,0,0,0,0,0,0,0,0,0
482653,0,1,22,22,22,22,22,22,22,22,22,22
482653,1,1,6,6,6,6,6,6,6,6,6,6
482654,1,1,0,0,0,0,26,0,0,0,0,0
482655,1,1,0,0,0,0,0,0,0,0,0,0
482656,1,1,0,0,0,0,0,0,0,0,0,0
482656,2,1,0,0,0,18,22,0,0,0,0,0
482657,1,1,18,18,18,18,18,18,18,18,18,18
482657,2,1,8,8,8,8,8,8,8,8,8,8
482658,1,1,0,0,0,0,0,0,0,0,0,0
482658,2,1,0,0,0,0,0,0,0,0,0,0
482658,3,1,0,0,0,0,18,0,0,0,0,0
482659,1,1,0,0,0,0,0,0,0,12,0,0
482659,2,1,0,0,0,0,0,0,0,0,0,0
482660,1,1,0,14,45,22,0,15,10,11,31,0
482661,1,1,15,10,18,0,0,0,18,31,0,0
482662,1,1,0,0,0,0,0,0,0,0,0,0
482663,0,1,0,0,0,0,0,0,0,0,0,0
482663,1,1,14,14,14,14,14,14,14,14,14,14
482664,0,1,35,35,35,35,35,35,35,35,35,35
482664,1,1,0,0,0,0,0,14,9,0,3,0
482665,1,1,0,0,0,0,21,0,0,0,0,0
482665,2,1,18,0,0,8,0,0,14,0,0,13
482666,1,1,0,0,0,0,0,0,0,0,0,0
482667,1,1,13,13,13,13,13,13,13,13,13,13
482668,1,1,10,0,9,0,0,0,0,0,0,0
482668,2,1,0,0,0,0,0,0,0,0,11,0
482669,0,1,29,0,0,0,0,0,23,0,0,0
482669,1,1,0,0,0,0,0,0,0,0,0,0
482670,1,1,0,0,0,8,0,0,0,0,40,0
482670,2,1,0,0,0,0,0,0,0,0,0,0
482671,1,1,0,0,0,0,0,0,0,15,0,0
482671,2,1,0,0,0,0,0,0,0,24,0,0
482672,1,1,0,21,19,0,0,26,0,0,0,0
482673,0,1,0,15,0,58,17,12,0,0,0,0
482673,1,1,12,0,0,0,0,0,0,0,0,0
482674,0,1,0,0,0,0,0,0,0,0,0,0
482674,1,1,0,0,0,8,0,0,0,0,0,0
482675,0,1,0,0,0,0,0,0,0,0,0,0
482675,1,1,0,11,0,26,0,0,0,0,0,0
482676,1,1,0,4,0,11,0,0,19,25,0,0
482677,0,1,0,0,0,0,0,0,0,0,0,0
482677,1,1,12,12,12,12,12,12,12,12,12,12
482678,1,1,0,0,0,0,0,0,0,0,0,0
482678,2,1,22,22,22,22,22,22,22,22,22,22
482679,1,1,11,0,0,9,0,0,0,0,31,0
482679,2,1,7,0,10,0,0,0,0,44,0,0
482680,1,1,23,23,23,23,23,23,23,23,23,23
482680,2,1,0,0,0,21,0,0,0,0,0,11
482680,3,1,0,0,0,0,0,0,26,0,0,0
482681,1,1,0,0,0,0,0,0,0,0,0,0
482681,2,1,0,0,0,0,8,0,13,0,0,18
482681,3,1,0,0,0,0,0,0,0,0,0,0
482681,4,1,0,0,0,0,0,0,0,0,17,22
482682,0,1,30,30,30,30,30,30,30,30,30,30
482682,1,1,0,0,12,0,0,0,0,0,0,0
482683,0,1,17,17,17,17,17,17,17,17,17,17
482683,1,1,0,18,12,22,0,16,0,17,0,15
482683,2,1,16,32,0,0,0,0,0,0,0,0
482684,0,1,0,0,0,0,13,0,28,12,0,0
482684,1,1,9,0,0,0,0,0,0,14,0,0
482685,0,1,0,0,0,0,0,0,0,0,0,0
482685,1,1,0,0,0,11,7,10,17,9,0,0
482686,0,1,0,0,0,0,0,15,0,0,32,0
482686,1,1,0,0,0,0,0,0,0,0,0,0
482686,2,1,0,0,0,0,0,0,0,0,0,0
482687,1,1,23,23,23,23,23,23,23,23,23,23
482687,2,1,0,0,0,0,0,0,6,0,0,0
482688,1,1,0,17,0,0,0,0,0,0,0,16
482688,2,1,0,0,0,0,0,0,0,0,0,26
482689,0,1,0,0,0,0,0,0,0,0,0,0
482689,1,1,0,0,0,0,0,0,0,0,0,0
482690,0,1,32,32,32,32,32,32,32,32,32,32
482690,1,1,0,22,0,7,21,0,0,0,0,14
482691,1,1,10,0,38,8,0,16,0,0,0,0
482693,1,1,0,22,0,0,0,0,29,0,0,0
482693,2,1,0,0,11,0,0,8,0,0,0,0
482694,0,1,0,0,19,0,0,0,0,0,0,0
482694,1,1,0,0,0,0,0,0,0,0,0,0
482695,1,1,0,19,6,0,0,12,8,0,0,19
482695,2,1,0,7,0,0,8,0,33,0,0,23
482696,1,1,13,13,13,13,13,13,13,13,13,13
482698,1,1,0,0,0,0,0,0,0,0,0,0
482698,2,1,0,19,0,0,0,7,0,14,0,14
482699,1,1,0,0,0,0,0,8,0,21,9,0
482699,2,1,0,0,0,0,0,0,0,0,10,24
482700,1,1,0,0,0,0,0,7,0,0,0,0
482700,2,1,7,0,0,0,0,0,0,0,0,0
482701,1,1,0,0,0,0,0,0,0,0,0,0
482701,2,1,0,0,0,10,0,0,0,0,0,0
482701,3,1,0,0,2,28,0,0,0,0,0,0
482702,0,1,0,0,0,0,0,0,0,0,0,0
482702,0,2,0,29,0,25,0,11,8,12,0,0
482702,1,1,8,5,7,11,18,17,11,15,10,24
482703,1,1,13,0,0,0,0,19,12,14,7,7
482703,2,1,0,0,0,28,0,0,0,13,0,0
482704,1,1,26,0,0,0,18,0,0,0,11,0
482705,1,1,0,0,0,3,0,0,0,17,3,0
482705,2,1,0,19,0,0,12,0,0,11,0,0
482706,1,1,26,0,0,0,0,20,19,0,0,0
482706,2,1,0,0,0,0,0,0,0,0,0,0
482707,1,1,0,0,0,12,0,0,0,0,0,0
482707,2,1,0,0,11,0,0,0,0,0,0,34
482709,1,1,0,0,0,0,0,0,0,0,0,0
482709,2,1,18,0,0,0,28,0,0,0,0,0
482709,3,1,0,0,0,0,0,0,4,21,0,0
482710,0,1,23,23,23,23,23,23,23,23,23,23
482710,1,1,0,0,0,20,0,8,0,10,0,0
482711,1,1,13,13,13,13,13,13,13,13,13,13
482712,1,1,0,0,0,0,0,0,0,0,0,13
482712,2,1,0,0,0,0,0,0,12,0,0,0
482714,1,1,11,11,11,11,11,11,11,11,11,11
482715,1,1,22,16,0,11,0,0,24,6,0,0
482716,1,1,0,0,0,0,0,0,0,0,0,0
482716,2,1,0,0,0,0,0,0,0,0,0,0
482717,1,1,33,33,33,33,33,33,33,33,33,33
482718,1,1,23,3,15,0,0,0,17,0,0,0
482719,1,1,18,18,18,18,18,18,18,18,18,18
482720,1,1,0,0,0,0,0,0,0,0,0,0
482720,2,1,0,0,26,0,0,0,0,15,0,0
482721,1,1,0,0,0,0,0,0,0,0,0,0
482721,2,1,0,0,0,0,0,0,0,0,0,0
482722,1,1,0,0,36,0,0,0,0,0,0,6
482722,2,1,0,0,0,0,0,0,0,0,0,0
482723,1,1,0,0,0,0,0,0,0,0,0,0
482723,2,1,0,4,0,6,0,0,11,0,0,0
482724,1,1,0,0,0,0,0,13,0,0,0,0
482724,2,1,0,0,0,0,0,0,0,0,0,0
482725,1,1,0,0,0,17,0,0,0,0,0,0
482726,0,1,22,22,22,22,22,22,22,22,22,22
482726,1,1,25,6,21,21,0,8,17,23,14,0
482726,2,1,14,9,23,23,40,26,0,21,27,3
482726,3,1,0,0,0,0,0,0,22,0,0,18
482727,1,1,23,23,23,23,23,23,23,23,23,23
482728,1,1,0,16,0,12,0,0,20,19,0,11
482728,2,1,0,0,13,7,0,0,0,0,0,0
482729,1,1,4,0,14,0,0,0,0,0,0,9
482729,2,1,0,14,0,0,0,0,0,0,0,0
482730,1,1,15,0,0,0,0,0,27,0,0,5
482730,2,1,0,0,0,0,0,0,0,0,0,0
482731,1,1,0,0,0,16,0,0,0,0,0,0
482731,2,1,0,0,0,0,0,0,0,0,0,0
482731,3,1,0,0,0,0,0,0,0,0,0,0
482731,4,1,0,5,0,0,0,0,0,0,0,0
482732,0,1,0,0,0,0,0,9,0,0,0,0
482732,1,1,0,0,0,0,0,0,0,0,0,0
482732,2,1,0,0,0,13,0,0,0,0,0,0
482733,0,1,15,20,29,0,0,0,0,21,10,0
482733,1,1,23,0,0,0,0,0,0,0,0,0
482734,1,1,0,0,0,17,0,22,0,7,14,0
482735,1,1,22,22,22,22,22,22,22,22,22,22
482736,1,1,0,0,0,0,0,0,0,0,30,0
482736,2,1,0,0,0,0,0,0,0,0,0,0
482737,1,1,0,0,0,0,0,0,0,0,0,0
482737,2,1,7,0,0,2,19,0,8,0,4,0
482738,1,1,6,16,7,0,0,0,0,0,0,0
482738,2,1,0,0,0,0,0,0,0,0,0,0
482739,1,1,0,0,6,0,17,0,10,15,0,0
482740,1,1,25,25,25,25,25,25,25,25,25,25
482740,2,1,0,0,17,0,0,0,0,0,0,0
482741,1,1,0,0,0,0,0,0,0,0,0,0
482741,2,1,0,0,0,0,0,0,0,0,0,0
482741,3,1,9,0,0,0,0,0,14,0,0,0
482742,1,1,0,0,0,0,0,0,0,0,0,0
482742,2,1,0,0,0,0,0,0,0,28,0,0
482743,1,1,0,0,0,0,7,0,0,0,0,3
482743,2,1,17,0,0,0,23,0,0,0,0,0
482744,1,1,0,0,6,7,0,0,0,0,0,0
482745,1,1,0,0,0,0,0,0,0,0,0,0
482746,1,1,0,0,0,0,0,0,0,0,0,0
482746,2,1,0,0,0,0,0,0,14,0,0,21
482747,1,1,0,0,0,0,0,0,0,0,0,0
482748,1,1,0,0,13,0,11,0,34,0,0,11
482748,2,1,0,2,0,0,0,0,0,0,9,0
482749,1,1,27,0,0,0,0,0,0,0,14,26
482749,2,1,0,0,0,0,0,0,0,0,0,0
482750,0,1,28,0,28,0,0,0,0,0,0,0
482750,1,1,0,0,0,0,0,0,0,0,0,0
482751,1,1,0,0,0,0,0,0,0,14,0,0
482751,2,1,0,0,0,0,0,33,0,0,6,0
482752,1,1,31,31,31,31,31,31,31,31,31,31
482753,1,1,0,0,0,0,0,0,0,0,0,0
482754,1,1,14,14,14,14,14,14,14,14,14,14
482755,1,1,18,18,18,18,18,18,18,18,18,18
482756,1,1,0,0,18,13,0,16,5,0,0,0
482756,2,1,0,11,0,17,0,0,13,9,0,0
482757,1,1,0,0,0,0,0,0,0,0,0,0
482757,2,1,0,0,0,0,0,0,0,0,0,0
482758,0,1,0,0,0,0,13,0,16,0,0,0
482758,1,1,0,23,0,0,0,0,0,0,0,0
482759,1,1,0,0,0,0,0,0,0,0,0,0
482759,2,1,0,0,0,0,20,0,0,0,0,0
482759,3,1,24,0,0,0,0,0,0,0,0,0
482759,4,1,0,0,10,8,0,0,0,13,0,0
482760,1,1,19,19,19,19,19,19,19,19,19,19
482762,0,1,0,0,0,0,0,0,0,0,0,0
482762,1,1,0,0,0,0,0,19,0,0,0,0
482763,1,1,22,22,22,22,22,22,22,22,22,22
482763,2,1,0,0,18,0,0,0,0,13,0,0
482764,0,1,12,12,12,12,12,12,12,12,12,12
482764,1,1,0,19,0,0,0,0,0,0,0,0
482766,1,1,0,0,0,0,0,0,0,0,0,0
482766,2,1,7,0,0,0,0,0,0,0,10,0
482767,1,1,18,18,18,18,18,18,18,18,18,18
482767,2,1,9,0,0,0,0,0,0,0,0,0
482768,1,1,0,0,4,0,0,0,0,0,0,0
482768,2,1,0,0,0,0,0,0,0,0,0,0
482769,1,1,0,0,0,15,0,0,27,15,25,11
482769,2,1,0,0,8,0,0,0,0,22,13,13
482770,1,1,18,18,18,18,18,18,18,18,18,18
482771,1,1,0,0,0,0,0,29,22,0,0,0
482772,1,1,32,9,9,19,23,6,9,22,18,20
482773,0,1,0,20,14,21,12,0,14,7,0,8
482773,1,1,11,0,0,3,0,0,7,0,9,5
482774,0,1,29,24,0,20,13,11,29,0,0,0
482774,1,1,0,5,0,0,0,0,0,0,0,0
482775,1,1,0,20,53,17,0,5,18,10,0,15
482775,2,1,0,17,5,0,0,11,0,10,0,15
482776,1,1,16,9,3,9,8,14,0,0,45,23
482777,1,1,28,28,28,28,28,28,28,28,28,28
482778,1,1,0,0,15,0,12,0,0,0,0,0
482778,2,1,0,0,0,0,24,0,0,0,0,0
482779,1,1,18,24,20,0,0,2,0,29,0,0
482780,0,1,0,0,0,0,0,0,0,0,0,0
482780,1,1,0,0,0,0,25,0,25,0,0,0
482780,2,1,0,0,0,0,0,0,14,0,0,12
482781,1,1,0,0,0,0,0,0,0,0,0,0
482781,2,1,0,0,0,19,11,0,0,0,0,0
482782,1,1,13,30,35,15,15,25,8,21,0,0
482783,1,1,0,0,0,0,0,0,0,22,0,0
482783,2,1,26,0,0,0,0,0,11,0,0,0
482784,0,1,14,0,0,26,20,5,12,21,0,0
482784,1,1,20,0,19,0,26,0,18,8,19,5
482784,2,1,12,19,11,0,0,0,10,6,0,0
482784,3,1,20,10,0,21,0,0,0,0,0,0
482784,4,1,0,11,21,14,0,0,0,0,0,24
482785,0,1,14,0,0,21,0,0,0,0,23,11
482785,1,1,0,0,0,0,0,0,0,0,0,0
482786,1,1,0,0,0,0,0,0,0,0,0,0
482787,1,1,19,19,19,19,19,19,19,19,19,19
482787,2,1,0,0,0,0,0,0,0,0,0,0
482788,1,1,0,0,0,0,0,0,0,0,0,0
482789,0,1,6,6,6,6,6,6,6,6,6,6
482789,1,1,0,0,0,0,9,0,0,0,0,0
482790,1,1,8,8,8,8,8,8,8,8,8,8
482791,1,1,0,0,0,0,0,0,0,9,12,0
482791,2,1,0,0,0,0,0,0,0,0,0,0
482792,0,1,0,0,0,0,0,0,0,0,0,0
482792,1,1,0,13,10,15,0,0,0,0,0,0
482793,0,1,0,0,0,0,0,0,0,0,0,0
482793,1,1,0,0,0,20,0,24,0,0,0,0
482794,0,1,0,0,0,0,0,0,24,11,0,0
482794,1,1,6,19,0,18,5,18,6,17,8,21
482795,1,1,0,0,0,0,0,0,0,0,0,0
482795,2,1,0,0,0,0,0,0,0,0,0,0
482796,1,1,1,1,1,1,1,1,1,1,1,1
482796,2,1,0,0,0,0,0,0,0,0,0,0
482796,3,1,0,0,0,31,0,2,17,0,0,0
482797,0,1,26,20,24,0,4,0,0,0,0,14
482797,1,1,0,0,0,0,0,0,0,0,0,0
482798,1,1,0,0,0,0,0,0,0,0,0,0
482798,2,1,0,0,0,0,0,0,0,0,0,0
482798,3,1,0,0,0,0,0,0,20,15,0,0
482798,4,1,0,0,0,0,0,0,0,0,0,0
482799,1,1,0,0,7,0,0,0,0,0,0,0
482800,0,1,0,0,0,0,0,0,0,0,0,0
482800,1,1,0,0,0,0,0,12,0,0,0,0
482801,1,1,0,0,0,0,15,20,39,21,0,0
482801,2,1,0,0,15,0,0,18,0,0,11,0
482802,1,1,0,0,0,0,0,14,0,0,0,0
482803,1,1,21,0,0,0,0,0,7,0,0,0
482803,2,1,0,0,0,0,0,0,0,0,0,0
482804,0,1,0,0,0,0,0,0,0,0,0,0
482804,1,1,18,0,0,0,0,16,0,0,0,18
482805,0,1,26,26,26,26,26,26,26,26,26,26
482805,1,1,0,6,0,0,0,15,0,16,0,23
482805,2,1,12,15,0,0,0,0,9,13,13,10
482806,1,1,18,0,0,0,0,0,0,17,0,0
482806,2,1,0,0,0,0,0,0,0,0,0,0
482807,1,1,0,13,0,0,0,0,0,0,0,0
482807,2,1,7,4,0,0,0,0,8,17,21,6
482808,1,1,0,0,24,0,0,29,0,0,23,0
482808,2,1,0,0,0,0,0,0,0,0,0,0
482809,0,1,0,42,0,0,7,8,0,20,0,27
482809,1,1,0,0,0,34,0,0,7,22,0,0
482810,1,1,0,0,0,0,0,0,0,0,0,0
482810,2,1,24,24,24,24,24,24,24,24,24,24
482811,1,1,0,0,0,0,0,0,0,0,0,0
482811,2,1,0,0,0,13,0,16,0,13,2,0
482812,1,1,19,19,19,19,19,19,19,19,19,19
482812,2,1,0,0,0,7,0,9,0,0,0,0
482813,1,1,25,0,0,0,19,26,23,10,24,0
482814,1,1,11,0,0,9,0,0,0,10,0,0
482815,1,1,0,17,0,0,0,7,0,0,0,0
482816,0,1,21,21,21,21,21,21,21,21,21,21
482816,1,1,0,0,19,0,0,0,0,0,0,0
482817,1,1,27,27,27,27,27,27,27,27,27,27
482818,1,1,24,24,24,24,24,24,24,24,24,24
482819,1,1,0,25,24,8,0,0,0,0,0,0
482820,1,1,29,19,45,0,20,0,0,0,0,0
482820,2,1,22,22,22,22,22,22,22,22,22,22
482821,1,1,13,13,13,13,13,13,13,13,13,13
482821,2,1,11,11,11,11,11,11,11,11,11,11
482822,1,1,0,28,16,0,0,17,0,0,0,25
482823,1,1,18,18,18,18,18,18,18,18,18,18
482824,0,1,14,20,23,0,0,18,0,0,25,0
482824,1,1,0,0,0,0,0,0,0,25,0,0
482825,1,1,12,12,12,12,12,12,12,12,12,12
482826,1,1,20,20,20,20,20,20,20,20,20,20
482827,0,1,0,0,0,0,0,0,0,0,0,0
482827,1,1,0,0,0,0,0,0,0,0,0,0
482828,1,1,0,0,0,0,0,0,0,0,0,0
482828,2,1,0,0,0,0,0,0,0,0,0,0
482828,3,1,0,0,0,0,17,0,0,0,0,0
482829,1,1,0,0,0,0,9,0,0,0,0,0
482829,2,1,0,3,0,0,0,0,0,0,0,25
482829,3,1,0,0,0,0,0,20,0,7,0,0
482829,4,1,0,0,0,0,0,0,0,0,0,0
482830,1,1,0,0,0,0,0,0,0,0,0,0
482830,2,1,16,14,28,0,0,21,26,0,16,0
482831,0,1,0,29,11,0,9,0,26,0,0,0
482831,1,1,0,26,38,0,19,8,0,15,0,11
482831,2,1,4,7,13,13,11,18,0,0,19,0
482832,0,1,0,0,0,0,0,0,0,0,0,0
482832,1,1,15,0,0,0,0,18,0,0,0,12
482833,1,1,0,0,0,0,0,0,0,0,6,0
482833,2,1,0,0,0,0,0,0,0,0,0,0
482834,1,1,9,13,0,0,14,0,16,0,0,0
482834,2,1,0,0,20,0,0,0,0,0,0,0
482834,3,1,0,0,0,0,0,0,0,0,0,0
482835,1,1,22,24,9,12,3,36,42,0,15,23
482836,1,1,0,17,0,20,0,0,0,0,33,20
482837,1,1,0,15,21,15,0,0,0,0,0,20
482837,2,1,15,0,0,0,0,0,0,0,15,0
482838,1,1,0,0,0,0,13,0,0,0,0,27
482838,2,1,0,0,0,0,0,0,0,0,0,0
482839,0,1,0,0,0,0,0,0,0,0,0,0
482839,1,1,0,0,0,6,0,0,0,4,0,9
482839,3,1,0,0,0,0,0,7,0,0,33,0
482840,1,1,12,12,12,12,12,12,12,12,12,12
482840,2,1,0,0,0,0,0,0,0,0,0,8
482841,1,1,18,15,14,0,0,14,0,9,0,0
482841,2,1,0,0,0,0,0,0,0,0,0,0
482842,1,1,23,23,23,23,23,23,23,23,23,23
482843,1,1,0,6,0,16,15,37,10,17,0,0
482844,1,1,21,21,21,21,21,21,21,21,21,21
482845,1,1,0,0,0,16,0,0,0,0,0,0
482846,1,1,16,0,0,0,3,0,0,0,0,0
482846,2,1,12,0,0,0,18,0,0,0,0,0
482847,0,1,10,10,10,10,10,10,10,10,10,10
482847,1,1,0,17,12,12,14,0,8,0,19,19
482847,2,1,23,17,22,11,0,0,17,8,18,6
482847,3,1,0,0,0,23,13,0,0,0,0,0
482848,0,1,26,26,26,26,26,26,26,26,26,26
482848,1,1,15,0,7,0,0,6,15,0,18,0
482849,1,1,0,0,14,0,0,0,0,0,0,0
482849,2,1,0,41,0,10,0,0,0,0,0,0
482849,3,1,0,0,0,6,0,0,0,0,0,0
482850,1,1,6,6,6,6,6,6,6,6,6,6
482850,2,1,0,0,30,12,0,0,0,8,0,18
482851,1,1,16,42,5,21,5,20,14,6,14,24
482852,0,1,15,25,17,0,0,0,8,0,32,9