ST_CASE,VEH_NO,PER_NO,P1,P2,P3,P4,P5,P6,P7,P8,P9,P10
510038,0,1,0,0,0,0,0,0,0,0,0,0
510038,1,1,0,0,0,0,0,0,0,30,0,0
510039,1,1,0,0,0,0,0,0,0,0,0,0
510039,2,1,0,0,0,0,0,0,0,0,0,0
510040,1,1,31,31,31,31,31,31,31,31,31,31
510041,1,1,0,0,0,0,0,0,0,0,0,0
510041,2,1,0,0,0,0,0,0,0,0,0,0
510042,1,1,0,0,0,0,0,19,0,0,0,23
510043,1,1,0,0,0,0,0,0,0,0,0,0
510044,1,1,8,8,8,8,8,8,8,8,8,8
510045,1,1,16,16,16,16,16,16,16,16,16,16
510046,1,1,0,0,0,0,0,0,0,0,0,0
510046,2,1,0,0,0,0,0,0,0,0,0,0
510047,1,1,22,22,22,22,22,22,22,22,22,22
510048,0,1,0,0,0,0,0,0,0,0,0,0
510048,1,1,0,0,0,0,0,0,0,0,0,19
510049,1,1,0,0,0,0,0,0,0,0,0,0
510049,2,1,13,0,0,0,0,0,0,0,0,0
510050,1,1,0,0,0,0,0,0,0,0,0,0
510050,2,1,13,0,0,0,0,0,0,0,0,0
510050,3,1,0,0,0,0,0,0,0,0,0,0
510051,1,1,28,28,28,28,28,28,28,28,28,28
510052,1,1,0,0,0,0,0,0,0,0,0,0
510053,0,1,0,0,0,0,0,0,0,0,0,0
510053,1,1,0,0,0,0,0,0,0,1,0,0
510054,1,1,0,0,0,0,0,0,0,0,0,0
510054,2,1,0,0,0,22,0,0,0,0,0,0
510055,0,1,22,22,22,22,22,22,22,22,22,22
510055,1,1,10,6,16,6,6,4,21,4,22,19
510056,0,1,26,26,26,26,26,26,26,26,26,26
510056,1,1,0,0,0,0,0,0,0,0,0,0
510057,0,1,34,0,0,0,0,0,0,0,0,0
510057,1,1,0,0,0,0,0,0,0,0,0,0
510058,1,1,0,0,0,0,0,0,0,0,0,0
510059,1,1,29,29,29,29,29,29,29,29,29,29
510060,1,1,0,0,0,0,19,0,0,0,0,0
510060,2,1,0,0,0,0,14,14,0,0,9,0
510061,1,1,0,0,0,0,0,0,0,0,0,0
510062,1,1,0,0,0,0,0,0,0,0,0,0
510062,2,1,0,0,0,0,0,0,0,0,0,10
510063,1,1,21,21,21,21,21,21,21,21,21,21
510064,1,1,0,0,0,0,0,0,0,0,0,0
510064,2,1,0,0,0,0,0,0,0,0,0,0
510064,3,1,0,0,0,0,0,0,0,0,0,0
510065,1,1,18,18,18,18,18,18,18,18,18,18
510065,2,1,0,0,16,0,0,0,0,0,0,0
510066,1,1,0,0,0,0,0,0,0,0,0,0
510066,2,1,0,0,0,0,0,0,0,0,0,0
510066,3,1,0,0,0,0,11,0,0,9,0,0
510067,1,1,0,0,0,0,0,0,0,0,0,0
510068,1,1,0,0,0,0,0,0,0,8,2,0
510068,2,1,0,0,0,0,0,0,0,0,0,0
510069,1,1,0,0,0,0,0,0,0,0,0,0
510070,1,1,0,0,0,0,0,0,0,0,0,0
510070,2,1,0,0,0,0,0,0,0,0,0,0
510071,1,1,10,10,10,10,10,10,10,10,10,10
510072,1,1,0,0,0,0,0,0,0,0,0,0
510072,2,1,0,0,0,0,0,0,0,0,0,0
510073,1,1,0,0,0,0,0,0,0,0,0,0
510073,2,1,8,8,8,8,8,8,8,8,8,8
510073,3,1,0,0,0,0,0,0,0,0,0,0
510073,4,1,0,0,0,0,0,0,0,0,0,0
510074,1,1,9,9,9,9,9,9,9,9,9,9
510074,2,1,0,0,0,0,0,0,0,0,0,0
510075,1,1,17,17,17,17,17,17,17,17,17,17
510076,1,1,0,0,0,0,0,0,0,0,0,0
510077,1,1,0,0,0,0,0,0,0,0,0,0
510078,1,1,0,0,0,0,0,0,0,0,0,0
510078,2,1,0,0,0,0,0,0,0,0,0,0
510079,1,1,0,7,0,0,0,0,0,0,0,0
510079,2,1,12,12,12,12,12,12,12,12,12,12
510080,0,1,23,23,23,23,23,23,23,23,23,23
510080,1,1,0,0,0,0,0,0,0,0,0,0
510081,1,1,0,0,0,0,0,0,0,0,0,0
510082,1,1,0,0,0,0,0,0,0,0,0,0
510083,0,1,0,0,0,0,0,0,0,0,0,0
510083,1,1,0,0,0,0,0,0,0,0,0,0
510084,1,1,0,0,0,0,0,0,0,0,0,0
510085,0,1,28,28,28,28,28,28,28,28,28,28
510085,1,1,0,0,0,0,0,0,6,0,0,0
510086,1,1,24,24,24,24,24,24,24,24,24,24
510087,1,1,0,0,0,0,0,0,0,0,0,0
510087,2,1,0,0,0,0,0,0,0,0,0,0
510088,1,1,0,0,0,0,0,0,0,0,0,0
510088,2,1,0,0,0,0,0,0,0,0,0,0
510089,1,1,0,0,0,0,0,0,0,0,0,0
510089,2,1,1,1,1,1,1,1,1,1,1,1
510090,0,1,0,0,0,0,0,0,0,0,0,0
510090,1,1,9,7,28,21,19,6,8,11,10,14
510091,1,1,0,0,0,0,0,0,0,0,0,0
510091,2,1,0,0,0,0,0,0,0,0,0,0
510092,1,1,0,0,0,0,0,0,0,0,0,0
510093,1,1,0,0,0,0,0,0,0,0,0,0
510093,2,1,0,0,0,0,0,0,0,0,0,0
510094,1,1,13,10,12,22,16,20,45,14,11,5
510095,1,1,0,0,0,0,0,0,0,0,0,0
510095,2,1,0,0,0,0,0,0,0,0,0,0
510096,1,1,14,14,14,14,14,14,14,14,14,14
510097,1,1,19,19,19,19,19,19,19,19,19,19
510098,0,1,0,0,0,0,0,0,0,0,0,0
510098,1,1,0,0,0,0,0,0,0,0,0,0
510098,2,1,0,0,0,0,0,0,0,0,13,0
510098,3,1,0,0,0,14,0,0,0,0,0,0
510098,4,1,0,0,0,0,0,0,0,0,0,0
510099,1,1,0,0,0,0,0,0,0,0,0,0
510099,2,1,0,21,0,0,0,0,0,0,0,0
510100,1,1,1,1,1,1,1,1,1,1,1,1
510100,2,1,0,0,0,0,0,0,0,0,0,0
510101,0,1,0,0,0,0,0,0,0,0,0,0
510101,1,1,0,0,0,0,0,0,0,20,0,0
510102,1,1,9,23,13,25,15,11,15,19,25,3
510103,1,1,0,0,0,0,0,0,0,0,0,0
510104,1,1,0,0,0,0,0,0,0,0,0,0
510104,2,1,0,0,0,0,0,0,0,0,0,0
510105,1,1,0,0,0,0,0,0,0,0,0,0
510106,0,1,22,22,22,22,22,22,22,22,22,22
510106,1,1,0,0,0,0,0,0,10,0,0,0
510107,1,1,0,0,0,0,0,2,0,0,0,0
510107,2,1,0,0,0,0,0,0,0,0,0,0
510107,3,1,0,0,0,0,0,0,0,0,0,0
510108,1,1,22,22,22,22,22,22,22,22,22,22
510109,1,1,0,0,0,0,0,0,0,0,0,0
510109,2,1,0,0,0,0,0,0,0,0,0,0
510110,1,1,0,0,0,0,0,0,0,0,0,0
510111,1,1,0,0,0,0,0,0,0,0,0,0
510112,1,1,0,0,0,0,0,0,0,0,0,0
510113,1,1,10,10,10,10,10,10,10,10,10,10
510113,2,1,0,10,0,0,0,0,0,0,0,0
510114,1,1,21,21,21,21,21,21,21,21,21,21
510115,1,1,20,20,20,20,20,20,20,20,20,20
510116,1,1,0,0,0,0,0,0,0,0,0,0
510117,1,1,0,0,0,0,0,0,0,0,0,0
510117,2,1,0,0,0,0,0,0,0,0,0,0
510117,3,1,0,0,0,0,11,0,0,0,4,0
510118,0,1,0,0,0,0,0,0,0,0,0,0
510118,1,1,14,21,4,14,9,14,23,12,11,9
510119,1,1,0,0,16,16,8,6,13,15,3,20
510120,0,1,0,0,0,0,12,0,0,0,0,18
510120,1,1,0,20,0,0,0,12,6,0,0,0
510121,1,1,12,12,12,12,12,12,12,12,12,12
510122,1,1,0,26,0,0,0,0,17,0,0,0
510122,2,1,0,0,0,0,0,0,0,0,0,0
510123,1,1,0,0,0,0,0,0,0,0,0,0
510124,1,1,0,0,0,0,0,0,0,0,0,0
510124,2,1,0,0,0,0,0,0,0,0,0,0
510125,1,1,0,0,0,0,0,0,0,0,0,0
510125,2,1,0,0,0,0,0,0,0,0,0,0
510126,1,1,0,0,0,0,0,0,0,0,0,0
510126,2,1,0,0,0,0,0,0,0,0,0,0
510127,1,1,18,18,18,18,18,18,18,18,18,18
510128,1,1,24,24,24,24,24,24,24,24,24,24
510129,0,1,0,0,0,0,0,0,0,0,0,0
510129,1,1,0,0,0,0,0,0,0,0,0,0
510130,0,1,26,26,26,26,26,26,26,26,26,26
510130,1,1,0,4,0,17,0,13,21,0,0,8
510131,0,1,1,1,1,1,1,1,1,1,1,1
510131,1,1,0,0,0,0,0,0,0,0,0,0
510131,2,1,0,0,0,25,0,0,0,0,0,0
510132,1,1,36,29,33,15,8,15,22,12,16,11
510133,1,1,31,31,31,31,31,31,31,31,31,31
510134,1,1,0,5,18,20,13,14,16,4,3,10
510134,2,1,0,0,0,24,0,0,0,0,0,0
510135,1,1,18,18,18,18,18,18,18,18,18,18
510136,1,1,26,0,12,4,0,10,15,7,29,8
510136,2,1,0,0,0,0,0,0,0,0,0,0
510137,1,1,0,0,0,0,0,0,0,0,0,0
510137,2,1,0,0,0,0,0,0,0,0,0,0
510137,3,1,0,0,0,0,0,0,0,0,0,0
510138,1,1,19,19,19,19,19,19,19,19,19,19
510139,1,1,0,0,0,0,0,0,0,0,0,0
510139,2,1,0,0,0,0,0,0,0,0,0,0
510139,3,1,0,0,0,0,0,0,0,12,0,0
510139,4,1,0,0,0,0,0,0,0,0,0,0
510140,1,1,0,11,0,0,0,0,0,0,0,12
510141,1,1,0,0,16,0,0,0,0,0,0,0
510141,2,1,0,0,0,0,0,0,0,0,0,0
510142,1,1,0,0,0,0,0,0,0,0,0,0
510142,2,1,0,0,0,0,0,0,0,0,0,0
510143,1,1,14,14,14,14,14,14,14,14,14,14
510144,1,1,21,21,21,21,21,21,21,21,21,21
510145,1,1,0,0,0,25,0,0,0,0,0,0
510146,1,1,33,33,33,33,33,33,33,33,33,33
510147,1,1,0,0,0,0,0,0,0,0,0,0
510148,1,1,12,19,10,17,8,0,5,24,20,17
510148,2,1,0,0,0,0,0,0,0,0,0,0
510149,0,1,29,29,29,29,29,29,29,29,29,29
510149,1,1,0,7,0,0,0,10,0,0,0,0
510150,1,1,0,0,0,0,0,0,0,0,0,0
510150,2,1,0,0,0,0,0,0,0,0,0,0
510151,1,1,0,0,6,0,0,0,0,0,0,0
510151,2,1,0,0,0,0,0,0,0,0,0,5
510151,3,1,0,0,0,0,0,0,0,0,0,0
510152,1,1,0,0,0,0,0,0,0,0,0,0
510152,2,1,0,0,0,0,0,0,0,0,0,0
510153,1,1,16,16,16,16,16,16,16,16,16,16
510154,0,1,0,0,0,0,0,0,4,0,7,0
510154,1,1,0,0,0,0,0,0,0,0,0,0
510155,1,1,14,14,14,14,14,14,14,14,14,14
510156,1,1,0,0,0,2,0,0,4,4,0,0
510157,1,1,0,0,0,0,0,0,0,0,0,0
510158,1,1,0,0,0,29,0,0,0,0,0,0
510158,2,1,0,6,0,0,0,0,0,0,0,0
510158,3,1,0,0,0,0,0,0,0,0,0,0
510159,1,1,41,41,41,41,41,41,41,41,41,41
510160,0,1,0,0,0,0,0,0,0,0,0,0
510160,1,1,0,0,0,0,0,0,0,0,0,0
510161,1,1,0,0,0,0,0,0,0,0,0,0
510161,2,1,0,0,0,0,0,0,0,0,0,0
510162,1,1,0,0,0,0,0,0,0,0,0,0
510162,2,1,0,0,0,0,0,0,0,0,0,0
510163,0,1,16,16,16,16,16,16,16,16,16,16
510163,1,1,0,0,0,0,0,0,0,13,0,0
510164,1,1,0,0,0,0,0,0,0,0,0,0
510164,2,1,0,0,0,0,0,0,0,0,0,0
510165,0,1,18,18,18,18,18,18,18,18,18,18
510165,1,1,0,0,18,0,8,0,0,0,0,0
510165,2,1,0,0,0,0,0,0,0,26,0,0
510165,3,1,21,12,0,0,0,0,12,0,7,0
510166,1,1,0,0,0,0,0,0,0,0,0,0
510167,1,1,0,0,0,0,0,0,0,0,0,0
510167,2,1,0,0,0,0,0,0,0,0,0,11
510168,1,1,0,0,0,0,0,0,0,22,0,0
510169,1,1,9,0,0,0,0,0,0,0,0,23
510170,1,1,20,20,20,20,20,20,20,20,20,20
510170,2,1,20,13,0,0,0,0,18,34,11,7
510171,1,1,0,0,0,0,0,0,0,0,0,0
510171,2,1,0,0,0,0,0,0,14,0,0,0
510172,1,1,17,17,17,17,17,17,17,17,17,17
510173,1,1,11,11,11,11,11,11,11,11,11,11
510174,0,1,0,0,0,0,0,0,0,0,0,0
510174,1,1,5,0,0,0,0,0,22,0,0,0
510174,2,1,0,0,0,0,0,0,0,0,19,0
510175,1,1,0,0,0,0,0,0,0,0,0,0
510176,1,1,1,1,1,1,1,1,1,1,1,1
510176,2,1,0,0,0,0,9,0,0,0,0,0
510177,1,1,0,0,0,0,0,0,0,0,0,0
510178,1,1,10,10,10,10,10,10,10,10,10,10
510179,1,1,0,0,0,0,0,0,0,0,0,0
510179,2,1,0,0,0,0,6,0,0,0,0,0
510180,1,1,22,22,22,22,22,22,22,22,22,22
510181,1,1,0,0,0,0,0,0,0,0,0,0
510182,0,1,0,0,0,0,0,0,0,0,0,0
510182,1,1,0,0,0,0,0,0,0,0,0,16
510183,1,1,18,18,18,18,18,18,18,18,18,18
510183,2,1,0,0,0,0,0,0,0,0,0,0
510184,1,1,13,13,13,13,13,13,13,13,13,13
510185,1,1,0,0,0,12,0,0,0,13,41,0
510186,1,1,0,0,0,0,0,0,0,0,0,0
510186,2,1,23,23,23,23,23,23,23,23,23,23
510187,1,1,0,0,0,0,0,0,0,0,0,0
510187,2,1,0,0,0,0,0,0,17,0,0,0
510188,1,1,0,0,0,0,0,0,0,0,0,0
510189,1,1,0,0,0,0,31,0,0,0,0,0
510191,1,1,1,1,1,1,1,1,1,1,1,1
510192,1,1,0,0,0,0,0,0,0,0,0,0
510192,2,1,0,0,0,0,0,0,0,0,0,0
510193,1,1,11,0,4,0,0,0,14,0,0,0
510193,2,1,0,0,0,0,0,0,0,0,0,0
510194,1,1,0,0,0,0,0,0,0,0,0,0
510194,2,1,0,0,0,0,0,0,0,0,0,0
510195,1,1,0,0,0,0,0,0,0,0,0,0
510195,2,1,0,0,0,0,0,0,0,0,0,0
510196,1,1,0,0,0,0,0,0,0,0,0,0
510196,2,1,0,0,0,0,0,0,0,0,0,0
510197,1,1,11,0,0,13,0,0,0,0,0,0
510198,1,1,0,0,0,0,0,0,0,0,0,0
510199,1,1,12,12,12,12,12,12,12,12,12,12
510200,0,1,0,0,0,0,0,0,0,0,0,0
510201,1,1,0,0,0,0,0,0,0,0,0,0
510202,1,1,0,0,0,0,0,0,0,0,0,0
510202,2,1,0,0,0,0,0,0,0,0,0,0
510203,1,1,0,0,0,0,0,0,0,0,0,0
510203,2,1,24,24,24,24,24,24,24,24,24,24
510204,1,1,0,0,0,0,0,0,0,0,0,0
510205,1,1,0,0,0,0,0,0,0,0,0,0
510206,0,1,0,0,0,0,0,0,0,0,0,0
510206,2,1,0,0,0,0,0,0,0,0,0,0
510206,3,1,0,0,0,0,0,0,0,0,0,0
510207,1,1,7,0,26,12,10,18,0,13,19,14
510208,1,1,20,10,16,26,17,10,21,16,8,5
510209,1,1,36,36,36,36,36,36,36,36,36,36
510209,2,1,0,0,0,0,12,0,8,0,0,0
510210,1,1,19,19,19,19,19,19,19,19,19,19
510211,1,1,0,0,0,0,0,0,0,0,0,0
510212,1,1,0,0,0,8,0,0,0,0,0,0
510213,1,1,0,0,0,0,0,0,0,0,0,0
510213,2,1,0,0,0,0,0,0,0,0,0,0
510214,1,1,0,0,0,0,0,0,0,0,0,0
510215,1,1,0,0,0,0,0,0,0,0,0,0
510215,2,1,0,0,0,0,0,0,0,0,0,0
510216,1,1,0,0,0,0,0,0,0,0,0,0
510216,2,1,0,0,0,0,0,0,0,0,0,0
510216,3,1,0,0,0,0,0,0,0,0,0,0
510217,1,1,16,16,16,16,16,16,16,16,16,16
510218,1,1,0,0,0,0,0,0,0,0,0,0
510219,1,1,13,13,13,13,13,13,13,13,13,13
510219,2,1,24,21,9,16,13,11,22,0,23,19
510220,0,1,17,0,0,0,0,0,0,0,0,0
510220,1,1,0,0,0,0,0,0,0,0,0,0
510221,1,1,0,0,0,0,0,0,0,0,0,0
510221,2,1,0,0,0,0,0,0,0,0,8,0
510222,1,1,14,31,9,11,15,18,17,36,4,29
510222,2,1,6,19,9,21,21,5,10,39,12,16
510223,1,1,3,3,3,3,3,3,3,3,3,3
510224,1,1,20,20,20,20,20,20,20,20,20,20
510224,2,1,0,0,0,0,0,0,0,0,0,0
510225,1,1,18,9,9,7,18,20,22,5,8,14
510226,1,1,3,3,3,3,3,3,3,3,3,3
510227,1,1,0,0,0,0,0,0,0,0,0,0
510227,2,1,0,0,0,5,0,0,0,0,0,0
510228,1,1,0,0,0,0,0,0,0,0,0,0
510229,1,1,0,0,0,0,0,0,0,0,0,0
510230,1,1,16,16,16,16,16,16,16,16,16,16
510231,1,1,7,7,7,7,7,7,7,7,7,7
510232,1,1,0,0,0,0,0,18,0,0,0,0
510233,1,1,0,0,8,0,0,0,0,0,0,0
510233,2,1,0,0,0,0,0,0,0,0,0,0
510234,1,1,0,0,0,0,0,0,0,0,0,0
510235,1,1,16,16,16,16,16,16,16,16,16,16
510236,1,1,15,0,16,21,22,14,31,9,11,16
510237,1,1,0,0,0,0,0,0,0,0,0,0
510237,2,1,0,0,0,0,0,0,0,0,0,0
510238,1,1,0,0,0,0,0,0,0,0,0,0
510238,2,1,0,0,0,0,0,0,0,0,0,0
510239,0,1,24,24,24,24,24,24,24,24,24,24
510239,1,1,0,0,0,0,0,0,0,0,0,0
510240,1,1,9,9,9,9,9,9,9,9,9,9
510241,1,1,11,0,12,11,21,31,27,13,10,3
510242,1,1,15,15,15,15,15,15,15,15,15,15
510243,1,1,10,10,10,10,10,10,10,10,10,10
510244,1,1,0,0,0,0,0,0,0,0,0,0
510244,2,1,0,0,0,0,0,0,0,0,0,0
510245,1,1,0,0,0,0,0,0,0,0,0,0
510246,1,1,0,0,0,0,0,0,0,0,0,0
510247,1,1,0,0,0,0,0,0,0,0,0,0
510247,2,1,0,0,0,0,0,0,0,0,0,0
510247,3,1,0,0,0,0,0,0,19,0,0,0
510248,1,1,0,0,0,0,0,0,0,0,0,0
510248,2,1,0,0,0,0,0,0,0,0,0,0
510249,1,1,0,0,0,0,0,10,6,0,18,0
510250,1,1,0,0,0,0,0,0,0,0,0,0
510250,2,1,0,0,0,0,0,0,0,0,0,0
510251,1,1,0,0,0,0,0,0,0,0,0,0
510251,2,1,0,0,22,0,0,0,0,0,0,0
510252,1,1,34,34,34,34,34,34,34,34,34,34
510252,2,1,0,0,0,0,0,0,0,22,0,0
510253,1,1,0,0,0,0,0,0,0,0,0,0
510253,2,1,0,0,0,0,0,0,0,0,0,0
510254,1,1,0,0,0,0,0,0,0,0,0,0
510254,2,1,0,0,17,0,0,0,0,0,0,0
510255,1,1,0,0,0,0,0,0,0,0,0,0
510255,2,1,0,0,0,0,0,0,0,0,0,0
510256,1,1,0,5,0,0,0,0,0,0,0,7
510257,1,1,0,0,0,0,0,0,0,0,0,0
510257,2,1,0,0,0,0,0,0,0,0,0,0
510258,0,1,16,16,16,16,16,16,16,16,16,16
510258,1,1,19,13,6,8,9,15,8,7,0,0
510259,1,1,0,0,0,0,0,0,0,0,0,0
510260,1,1,29,20,0,0,0,0,0,0,12,10
510261,1,1,2,2,2,2,2,2,2,2,2,2
510262,1,1,0,0,0,0,0,0,0,0,0,0
510263,1,1,0,0,0,0,0,0,0,0,0,0
510264,1,1,0,0,0,0,0,0,0,0,0,0
510265,1,1,0,0,0,0,0,0,0,0,0,5
510265,2,1,6,6,6,6,6,6,6,6,6,6
510266,1,1,0,0,0,0,0,0,0,0,0,0
510267,1,1,0,0,0,0,0,0,0,0,0,0
510268,1,1,0,0,0,0,0,0,0,0,0,0
510268,2,1,0,0,0,0,0,0,0,0,0,0
510268,3,1,0,0,0,0,0,0,0,0,0,0
510269,1,1,0,0,0,0,0,0,0,0,0,0
510270,1,1,11,11,11,11,11,11,11,11,11,11
510271,1,1,0,0,0,0,0,0,0,0,0,0
510271,2,1,0,0,0,0,0,0,0,0,0,0
510272,1,1,17,17,17,17,17,17,17,17,17,17
510273,1,1,0,0,0,0,0,0,0,0,0,0
510273,2,1,0,0,0,0,12,9,0,8,0,0
510273,3,1,0,0,0,0,0,0,10,0,0,0
510273,4,1,0,0,0,0,0,0,0,0,0,0
510274,1,1,0,0,0,0,0,0,0,0,0,0
510274,2,1,0,21,0,0,0,0,0,0,0,0
510275,0,1,6,6,6,6,6,6,6,6,6,6
510275,1,1,0,0,0,0,0,0,0,0,0,0
510275,2,1,0,0,0,0,0,0,0,0,0,0
510276,1,1,0,0,14,8,20,18,12,15,12,11
510277,1,1,15,15,15,15,15,15,15,15,15,15
510277,2,1,0,0,0,0,0,0,0,0,0,0
510278,1,1,19,19,19,19,19,19,19,19,19,19
510279,1,1,0,0,0,0,0,0,0,0,0,0
510279,2,1,0,0,0,0,0,0,0,0,0,0
510280,1,1,0,0,0,0,0,0,0,0,0,0
510280,2,1,0,0,0,0,0,0,0,0,0,0
510281,1,1,17,17,17,17,17,17,17,17,17,17
510282,1,1,0,0,0,0,0,0,0,0,0,0
510283,1,1,0,0,0,0,0,0,0,0,0,0
510284,0,1,27,27,27,27,27,27,27,27,27,27
510284,1,1,19,7,18,33,5,14,7,0,0,16
510284,2,1,26,0,0,0,0,0,0,0,0,0
510285,1,1,0,0,0,0,0,0,0,0,0,0
510286,1,1,0,0,0,0,0,0,0,0,0,0
510287,1,1,0,0,0,0,0,0,0,0,0,0
510288,1,1,16,11,25,0,0,16,4,9,12,0
510289,1,1,0,0,21,0,0,0,19,0,0,0
510290,1,1,0,9,0,0,0,19,0,0,0,0
510290,2,1,0,0,0,0,0,0,0,0,0,0
510290,3,1,0,0,0,0,0,0,0,0,0,0
510291,1,1,0,0,4,0,0,0,22,11,0,0
510291,2,1,0,0,0,0,0,7,0,0,0,0
510291,3,1,0,0,0,0,0,0,0,0,0,0
510292,1,1,0,0,0,0,0,0,0,0,0,0
510293,0,1,19,19,19,19,19,19,19,19,19,19
510293,1,1,0,0,0,0,0,0,0,0,0,0
510294,0,1,0,0,0,0,0,0,0,0,0,0
510294,1,1,0,0,0,0,0,0,0,0,0,0
510295,1,1,0,0,0,0,0,0,0,0,0,0
510295,2,1,0,0,0,0,0,0,0,0,0,0
510296,1,1,0,0,0,0,0,0,0,0,0,0
510296,2,1,0,0,0,0,0,0,0,0,0,0
510296,3,1,0,0,0,0,0,0,0,0,0,0
510297,1,1,0,0,0,0,0,0,0,0,0,0
510297,2,1,0,0,0,0,0,0,0,0,0,0
510297,3,1,0,0,0,0,0,0,0,0,0,0
510298,0,1,24,24,24,24,24,24,24,24,24,24
510298,1,1,0,0,0,12,0,0,0,0,0,14
510299,0,1,0,0,0,0,0,0,0,0,0,0
510299,1,1,0,0,0,0,0,0,0,0,0,0
510300,1,1,17,22,23,11,6,24,15,13,32,17
510300,2,1,0,0,0,0,0,0,0,0,0,0
510301,1,1,0,0,0,0,0,0,0,0,0,0
510302,1,1,0,0,0,0,0,0,0,0,0,0
510302,2,1,0,0,0,0,0,0,0,0,0,0
510303,1,1,0,20,0,6,0,0,25,18,0,0
510304,1,1,14,14,14,14,14,14,14,14,14,14
510304,2,1,0,0,0,0,31,0,0,0,0,0
510305,1,1,0,0,0,0,23,0,0,0,0,0
510306,1,1,19,19,19,19,19,19,19,19,19,19
510307,1,1,5,18,24,24,20,11,23,13,6,11
510307,2,1,0,0,0,0,0,0,0,0,0,0
510308,1,1,0,0,0,0,0,0,0,0,0,0
510308,2,1,0,0,0,0,0,0,0,0,0,12
510309,1,1,16,16,16,16,16,16,16,16,16,16
510310,1,1,0,0,0,0,0,0,0,0,0,0
510310,2,1,0,0,0,0,0,0,0,0,0,0
510311,1,1,0,0,5,35,0,0,0,20,0,0
510311,2,1,0,0,0,0,0,0,0,0,0,0
510312,1,1,25,25,25,25,25,25,25,25,25,25
510313,1,1,0,0,0,0,0,0,0,0,0,0
510313,2,1,0,0,0,0,0,0,0,0,0,0
510314,1,1,0,0,0,0,0,0,0,0,0,0
510315,1,1,0,0,0,0,0,0,0,0,0,0
510316,1,1,0,0,0,0,0,0,0,0,0,0
510317,1,1,0,0,0,0,0,0,0,0,0,0
510318,1,1,0,0,0,0,0,0,0,0,0,0
510318,2,1,0,0,20,0,0,0,0,0,0,0
510318,3,1,0,0,0,0,0,0,0,0,0,0
510319,1,1,16,16,16,16,16,16,16,16,16,16
510320,1,1,27,27,27,27,27,27,27,27,27,27
510321,1,1,0,0,0,0,0,0,0,0,0,0
510321,2,1,0,0,0,0,0,0,0,0,0,0
510321,3,1,0,0,0,0,0,0,0,0,0,0
510322,1,1,0,0,0,0,0,0,0,0,0,0
510323,1,1,0,0,0,0,0,0,0,0,0,0
510324,0,1,8,8,8,8,8,8,8,8,8,8
510324,1,1,0,0,0,0,0,0,0,0,0,0
510325,1,1,0,0,0,0,0,0,0,0,0,0
510325,2,1,0,0,0,0,0,0,0,0,0,0
510326,1,1,0,0,0,0,0,0,0,0,0,0
510327,0,1,0,0,0,0,0,0,0,0,0,0
510327,1,1,0,0,0,0,0,0,0,0,0,0
510328,1,1,33,9,24,17,11,23,20,11,6,9
510328,2,1,0,0,0,0,0,0,0,0,0,0
510329,1,1,0,18,0,0,0,0,0,0,0,0
510329,2,1,9,9,9,9,9,9,9,9,9,9
510330,1,1,0,0,0,0,0,0,0,0,0,0
510330,2,1,0,0,0,0,0,0,27,0,0,19
510331,1,1,2,2,2,2,2,2,2,2,2,2
510332,1,1,25,25,25,25,25,25,25,25,25,25
510333,1,1,0,0,0,0,0,0,0,0,0,0
510334,1,1,0,0,0,0,0,0,0,0,0,0
510334,2,1,5,0,0,0,0,0,0,0,0,0
510335,1,1,20,10,0,6,15,12,6,24,9,0
510336,1,1,11,9,28,0,31,33,20,20,21,12
510337,0,1,0,0,0,0,0,0,0,0,0,0
510337,1,1,0,0,0,0,0,0,0,0,0,0
510338,1,1,26,26,26,26,26,26,26,26,26,26
510339,1,1,0,0,0,0,0,0,17,0,0,0
510339,2,1,0,0,0,0,0,0,0,0,0,0
510339,3,1,0,0,0,0,0,0,0,0,0,0
510340,1,1,0,0,0,0,0,0,0,0,0,0
510341,1,1,0,0,0,0,0,0,0,0,0,0
510342,1,1,0,0,0,0,0,0,0,0,0,0
510342,2,1,0,0,0,0,0,0,0,0,0,0
510343,1,1,0,0,0,0,0,0,0,0,0,0
510344,1,1,0,0,0,0,0,0,0,0,0,0
510345,1,1,0,0,0,0,0,0,0,0,0,0
510346,1,1,0,0,0,0,0,0,0,0,0,0
510346,2,1,0,0,0,0,0,0,0,0,0,0
510347,1,1,28,0,0,0,0,0,0,0,0,0
510348,1,1,0,0,0,0,0,0,0,0,0,0
510348,2,1,0,0,0,0,0,0,0,0,0,0
510349,0,1,0,0,0,0,0,0,0,0,0,0
510349,0,2,9,9,9,9,9,9,9,9,9,9
510349,0,3,0,0,0,29,14,34,10,0,0,0
510349,1,1,0,0,0,0,0,0,0,0,0,0
510350,1,1,10,10,10,10,10,10,10,10,10,10
510351,0,1,0,0,0,0,0,0,0,0,0,0
510351,1,1,0,0,0,0,0,0,0,0,0,0