ST_CASE,VEH_NO,PER_NO,P1,P2,P3,P4,P5,P6,P7,P8,P9,P10
510352,0,1,19,19,19,19,19,19,19,19,19,19
510352,1,1,0,0,0,0,0,0,0,0,0,19
510353,1,1,12,12,12,12,12,12,12,12,12,12
510354,1,1,0,0,0,0,0,0,0,0,0,0
510355,0,1,34,34,34,34,34,34,34,34,34,34
510355,1,1,26,10,23,5,0,0,10,16,18,0
510356,1,1,0,24,0,0,0,0,0,0,0,0
510356,2,1,0,0,0,0,0,0,0,10,0,0
510357,1,1,0,0,0,0,0,0,0,0,0,0
510358,1,1,2,2,2,2,2,2,2,2,2,2
510359,1,1,0,0,0,0,0,0,0,0,0,0
510360,1,1,0,0,18,0,0,0,0,0,0,0
510360,2,1,0,0,0,0,0,0,0,0,0,0
510360,3,1,0,0,0,0,0,0,0,0,0,0
510361,1,1,0,0,0,0,0,0,0,0,0,0
510362,1,1,20,20,20,20,20,20,20,20,20,20
510363,1,1,0,0,0,0,0,0,0,0,0,0
510363,2,1,0,0,0,0,0,0,0,0,0,0
510363,3,1,0,0,0,0,0,0,0,0,0,0
510364,0,1,30,30,30,30,30,30,30,30,30,30
510364,1,1,0,0,26,2,0,0,0,0,0,8
510366,1,1,0,0,0,0,0,0,4,0,0,0
510366,2,1,0,0,18,0,0,0,0,0,0,0
510367,1,1,0,0,0,0,7,0,0,0,0,0
510368,1,1,0,0,0,0,0,0,0,0,0,0
510368,2,1,0,0,0,0,0,0,0,0,0,0
510369,1,1,8,4,16,4,25,15,12,15,15,9
510369,2,1,0,0,0,14,0,0,0,0,0,0
510370,1,1,0,0,0,0,0,0,0,0,0,0
510370,2,1,0,0,0,0,0,0,0,0,0,0
510371,1,1,0,0,0,0,0,19,15,0,0,0
510372,1,1,15,0,0,0,0,0,0,0,0,0
510373,0,1,29,29,29,29,29,29,29,29,29,29
510373,1,1,0,0,0,0,0,0,0,13,0,0
510374,1,1,0,0,0,0,0,0,0,0,0,0
510374,2,1,0,0,0,0,0,0,0,0,0,0
510375,1,1,9,9,9,9,9,9,9,9,9,9
510375,2,1,0,0,7,0,0,0,22,0,0,0
510376,1,1,15,15,15,15,15,15,15,15,15,15
510376,2,1,0,0,0,0,0,0,0,0,0,0
510377,1,1,25,25,25,25,25,25,25,25,25,25
510378,1,1,0,0,0,0,0,0,0,0,0,0
510379,1,1,11,11,11,11,11,11,11,11,11,11
510379,2,1,0,0,0,0,0,0,0,0,0,0
510379,3,1,0,0,0,0,0,0,0,0,0,0
510380,1,1,0,0,0,0,0,0,0,0,0,0
510380,2,1,0,0,0,15,0,0,0,0,0,0
510381,1,1,8,8,8,8,8,8,8,8,8,8
510381,2,1,0,0,0,0,8,0,0,0,0,0
510381,3,1,0,0,0,0,0,0,0,0,0,0
510382,1,1,0,0,0,0,0,0,0,0,0,0
510382,2,1,0,0,0,0,0,0,0,0,0,0
510383,0,1,11,11,11,11,11,11,11,11,11,11
510383,1,1,0,0,0,0,0,29,4,0,0,0
510384,1,1,16,16,16,16,16,16,16,16,16,16
510385,0,1,6,6,6,6,6,6,6,6,6,6
510385,1,1,0,0,16,23,0,0,0,0,0,0
510385,2,1,0,0,0,0,0,0,0,34,0,0
510386,1,1,23,13,20,0,34,10,6,24,0,8
510387,1,1,11,11,11,11,11,11,11,11,11,11
510388,0,1,0,0,0,0,0,0,0,0,0,0
510388,1,1,0,0,0,0,0,0,0,0,0,0
510389,1,1,0,0,0,0,0,0,0,0,0,0
510390,0,1,0,0,0,0,0,0,0,0,0,0
510390,1,1,0,25,0,0,0,0,0,0,0,0
510391,1,1,0,0,0,0,0,0,0,0,0,0
510391,2,1,0,0,0,0,0,0,0,0,0,0
510392,0,1,2,2,2,2,2,2,2,2,2,2
510392,1,1,0,0,0,0,0,0,0,22,0,0
510393,1,1,0,0,0,0,0,0,0,0,0,0
510393,2,1,0,0,0,0,0,0,0,0,0,0
510394,1,1,21,21,21,21,21,21,21,21,21,21
510395,0,1,0,0,0,0,0,0,0,0,0,0
510395,1,1,0,0,0,0,0,0,0,0,0,0
510396,0,1,0,0,0,0,0,0,0,0,0,0
510396,1,1,0,0,0,0,0,0,0,0,0,0
510396,2,1,0,0,0,0,0,0,0,0,0,0
510397,1,1,0,0,0,0,0,0,0,0,0,0
510397,2,1,0,9,0,0,0,0,0,0,0,0
510398,1,1,0,0,0,0,0,0,0,0,0,0
510398,2,1,0,0,11,0,0,0,23,0,0,0
510398,3,1,0,0,0,0,0,0,0,0,0,0
510399,1,1,0,0,0,0,0,0,0,0,0,0
510400,1,1,18,18,18,18,18,18,18,18,18,18
510401,0,1,25,25,25,25,25,25,25,25,25,25
510401,1,1,11,2,10,14,27,11,15,11,20,11
510402,1,1,0,0,0,0,0,0,0,0,0,0
510402,2,1,14,14,14,14,14,14,14,14,14,14
510402,3,1,0,0,0,0,0,0,0,0,0,0
510403,1,1,0,0,0,0,0,0,0,0,0,0
510403,2,1,0,0,0,0,0,0,0,0,0,0
510404,1,1,0,0,0,0,0,0,15,0,0,0
510404,2,1,0,0,0,0,0,17,0,15,14,0
510405,0,1,0,0,0,0,0,0,0,0,0,0
510405,1,1,0,0,0,0,0,0,0,5,0,0
510406,1,1,0,0,0,0,0,0,0,0,0,0
510406,2,1,0,0,0,0,0,24,0,0,0,0
510407,1,1,0,0,20,0,0,0,13,0,22,0
510408,1,1,0,0,0,0,0,0,0,0,0,0
510408,2,1,0,0,0,0,0,0,0,0,0,0
510409,1,1,0,0,0,0,0,0,0,0,0,0
510410,1,1,0,0,0,0,0,0,0,0,0,0
510410,2,1,0,0,0,0,0,0,0,0,0,0
510411,1,1,29,29,29,29,29,29,29,29,29,29
510412,1,1,9,9,9,9,9,9,9,9,9,9
510413,1,1,0,0,0,0,0,0,0,0,0,0
510414,1,1,5,5,5,5,5,5,5,5,5,5
510415,1,1,0,0,0,0,0,0,0,0,0,0
510415,2,1,0,0,0,0,0,0,0,0,0,0
510416,1,1,0,0,0,0,0,0,0,5,26,0
510416,2,1,0,0,0,0,0,0,0,0,0,0
510417,1,1,0,0,0,0,0,0,0,0,0,6
510417,2,1,0,0,0,0,0,0,0,0,0,0
510418,1,1,0,12,24,14,0,0,0,16,0,0
510419,1,1,0,0,0,0,0,0,0,0,0,0
510420,0,1,0,0,0,0,0,0,0,0,0,0
510420,1,1,0,0,0,0,0,0,0,0,0,0
510421,1,1,0,0,0,0,0,0,0,0,0,0
510422,1,1,0,0,0,0,0,0,0,0,0,0
510422,2,1,0,0,0,0,0,0,0,0,0,0
510423,1,1,0,0,0,0,0,0,0,0,0,0
510423,2,1,0,0,0,0,0,0,0,0,0,0
510424,1,1,0,0,0,0,0,0,0,0,0,0
510424,2,1,0,0,0,0,0,0,0,0,0,0
510425,1,1,16,16,16,16,16,16,16,16,16,16
510426,1,1,0,0,0,0,0,0,0,0,0,0
510427,1,1,0,0,0,0,0,0,0,0,0,0
510428,1,1,0,0,0,0,0,0,0,0,0,0
510429,1,1,0,0,0,0,0,0,0,0,0,0
510430,1,1,0,0,0,0,0,0,0,0,0,0
510430,2,1,0,0,0,0,0,0,0,0,0,0
510430,3,1,14,0,0,0,0,0,0,0,0,0
510431,1,1,0,0,0,0,0,0,0,0,0,0
510431,2,1,0,0,0,0,0,0,0,0,0,0
510431,3,1,0,0,0,0,0,0,0,0,0,0
510431,4,1,0,0,0,0,0,0,0,0,0,0
510432,1,1,0,0,0,0,0,0,0,0,0,0
510433,1,1,0,0,12,0,25,0,5,0,10,0
510433,2,1,0,0,0,0,0,0,0,0,0,0
510434,1,1,0,21,9,0,0,0,0,0,0,0
510434,2,1,1,1,1,1,1,1,1,1,1,1
510435,1,1,24,24,24,24,24,24,24,24,24,24
510435,2,1,0,0,0,0,0,14,0,0,0,0
510436,1,1,26,12,24,29,13,22,6,8,7,11
510437,1,1,0,0,0,0,0,0,0,0,0,0
510438,1,1,0,0,0,0,0,14,0,0,0,0
510438,2,1,0,0,0,9,0,0,0,0,0,0
510439,0,1,7,7,7,7,7,7,7,7,7,7
510439,1,1,0,0,0,0,0,0,0,0,0,0
510439,2,1,0,0,0,0,0,0,0,0,0,0
510440,1,1,0,0,0,0,0,0,0,0,0,0
510441,1,1,19,19,19,19,19,19,19,19,19,19
510442,0,1,0,0,0,0,0,0,0,0,0,0
510442,1,1,6,0,0,0,0,0,0,0,0,0
510443,1,1,20,16,2,13,4,7,7,20,10,4
510443,2,1,0,0,0,0,0,0,0,0,0,0
510444,0,1,0,0,0,0,0,0,0,0,0,0
510444,1,1,0,15,0,0,0,21,0,0,0,0
510445,1,1,0,0,0,6,0,0,0,0,21,0
510446,1,1,0,0,0,0,5,0,0,0,0,11
510446,2,1,0,0,0,0,0,0,0,0,0,0
510447,1,1,0,0,0,0,0,0,0,0,0,0
510447,2,1,0,0,17,0,0,0,0,0,0,0
510448,1,1,0,0,21,0,0,0,0,26,0,0
510448,2,1,17,0,0,0,8,0,0,0,0,0
510448,3,1,0,0,0,0,0,0,0,0,0,0
510449,1,1,0,0,0,0,0,0,0,15,0,0
510450,1,1,0,0,0,0,0,0,0,0,0,0
510451,1,1,0,0,0,0,0,0,13,0,0,0
510452,1,1,16,16,16,16,16,16,16,16,16,16
510452,2,1,39,17,0,0,15,0,11,0,0,7
510453,1,1,4,4,4,4,4,4,4,4,4,4
510454,1,1,18,18,18,18,18,18,18,18,18,18
510455,1,1,14,14,14,14,14,14,14,14,14,14
510456,1,1,17,17,17,17,17,17,17,17,17,17
510456,2,1,0,0,0,0,0,0,0,0,0,0
510457,0,1,21,21,21,21,21,21,21,21,21,21
510457,1,1,0,0,0,0,0,0,0,0,0,0
510458,1,1,0,0,0,0,0,0,0,0,0,0
510459,1,1,0,0,0,0,0,0,0,0,0,0
510459,2,1,0,19,0,0,0,0,0,0,0,0
510460,1,1,0,0,0,0,0,0,0,0,0,0
510460,2,1,0,0,0,0,0,0,0,0,0,0
510461,1,1,21,21,21,21,21,21,21,21,21,21
510461,2,1,0,0,0,0,0,0,0,0,0,0
510462,0,1,17,17,17,17,17,17,17,17,17,17
510462,1,1,0,0,0,7,0,0,0,0,0,0
510463,1,1,0,0,0,0,0,0,14,0,0,0
510464,1,1,0,0,0,7,0,0,0,0,0,0
510465,1,1,26,26,26,26,26,26,26,26,26,26
510465,2,1,19,21,5,28,0,19,16,0,26,2
510466,1,1,0,0,0,0,0,0,0,0,0,0
510467,1,1,22,22,22,22,22,22,22,22,22,22
510468,1,1,12,12,12,12,12,12,12,12,12,12
510469,1,1,0,0,0,0,0,0,0,0,0,0
510469,2,1,0,0,0,0,0,0,0,0,0,0
510470,0,1,0,0,0,0,0,0,0,0,0,0
510470,1,1,0,20,0,0,0,0,30,0,0,0
510471,1,1,22,22,22,22,22,22,22,22,22,22
510472,1,1,22,22,22,22,22,22,22,22,22,22
510473,0,1,0,0,0,0,0,0,0,0,0,0
510473,1,1,0,0,0,0,0,0,0,0,0,0
510474,0,1,0,0,0,0,0,0,0,0,0,0
510474,1,1,0,0,0,13,0,0,0,0,0,0
510475,1,1,0,0,0,0,0,0,0,0,0,0
510475,2,1,0,0,0,0,0,0,0,0,0,0
510476,1,1,0,0,0,0,0,0,0,0,0,0
510477,1,1,1,1,1,1,1,1,1,1,1,1
510477,2,1,0,0,0,0,0,0,0,5,0,23
510478,0,1,0,0,0,0,0,0,0,0,0,0
510478,1,1,32,2,0,13,7,9,3,32,10,13
510479,1,1,10,7,16,0,11,17,4,9,14,7
510479,2,1,0,0,0,0,0,0,0,0,0,6
510479,3,1,0,0,0,0,0,0,0,9,0,0
510480,1,1,25,25,25,25,25,25,25,25,25,25
510481,1,1,6,6,6,6,6,6,6,6,6,6
510481,2,1,0,14,0,0,4,0,0,0,0,0
510482,1,1,2,2,2,2,2,2,2,2,2,2
510482,2,1,23,12,22,11,14,18,10,24,17,14
510483,1,1,0,0,0,0,0,0,0,0,0,0
510483,2,1,0,0,0,0,0,0,0,0,0,0
510483,3,1,2,2,2,2,2,2,2,2,2,2
510484,1,1,3,9,0,0,18,10,5,33,15,19
510484,2,1,8,24,11,8,11,0,20,4,22,17
510485,1,1,0,0,0,0,0,0,0,0,0,0
510485,2,1,0,0,0,0,0,0,0,0,0,0
510486,1,1,20,20,20,20,20,20,20,20,20,20
510487,1,1,5,0,23,22,23,17,12,21,10,3
510487,2,1,9,9,9,9,9,9,9,9,9,9
510488,1,1,0,0,0,0,0,0,0,0,0,0
510488,2,1,0,0,0,0,0,0,0,0,0,0
510489,1,1,0,0,0,0,0,0,0,0,0,0
510489,2,1,0,0,0,0,0,0,0,0,0,0
510490,1,1,6,6,6,6,6,6,6,6,6,6
510491,1,1,18,18,18,18,18,18,18,18,18,18
510492,1,1,3,0,0,0,0,0,0,24,0,0
510492,2,1,0,0,0,0,0,0,0,0,0,0
510493,1,1,0,0,0,0,0,0,0,0,0,0
510494,1,1,0,0,0,0,0,0,0,0,0,0
510495,1,1,0,0,0,0,0,0,0,0,0,0
510496,1,1,22,22,22,22,22,22,22,22,22,22
510497,1,1,0,0,0,0,0,0,0,0,0,0
510498,1,1,0,0,0,0,0,0,0,0,0,0
510498,2,1,0,0,0,0,0,0,0,0,0,0
510499,1,1,26,26,26,26,26,26,26,26,26,26
510500,1,1,0,0,0,0,0,0,0,0,0,0
510501,0,1,11,11,11,11,11,11,11,11,11,11
510501,1,1,0,0,0,0,17,0,0,3,0,0
510502,1,1,23,0,0,0,0,0,0,0,0,0
510502,2,1,0,13,3,0,0,0,12,0,0,0
510503,1,1,6,6,6,6,6,6,6,6,6,6
510504,1,1,10,0,20,0,15,23,0,0,13,5
510505,1,1,0,0,16,0,0,0,0,0,0,13
510506,1,1,11,21,18,8,32,5,0,31,6,8
510507,1,1,0,0,0,0,30,0,0,0,0,0
510508,1,1,10,10,10,10,10,10,10,10,10,10
510509,1,1,12,18,2,9,12,19,5,16,13,0
510509,2,1,0,0,0,0,0,0,0,0,0,0
510510,1,1,0,0,0,0,0,0,0,0,0,0
510511,1,1,0,0,0,0,0,0,0,0,0,0
510511,2,1,0,0,0,0,0,0,0,0,0,0
510512,1,1,30,0,0,0,0,0,0,0,0,0
510512,2,1,0,0,0,0,0,0,0,0,0,0
510513,1,1,0,0,0,0,34,0,0,0,0,0
510513,2,1,0,0,0,0,0,0,0,0,0,0
510514,1,1,32,32,32,32,32,32,32,32,32,32
510515,1,1,0,0,0,20,0,0,28,0,18,16
510516,1,1,0,0,0,0,0,0,0,0,0,0
510516,2,1,0,0,0,0,0,0,0,0,0,0
510516,3,1,0,0,0,0,0,0,0,0,0,34
510517,1,1,19,19,19,19,19,19,19,19,19,19
510518,1,1,0,0,0,0,0,0,0,0,0,0
510518,2,1,0,0,0,0,0,0,0,0,0,0
510519,0,1,8,8,8,8,8,8,8,8,8,8
510519,1,1,0,0,0,0,0,0,9,0,0,0
510520,1,1,20,0,0,0,0,5,21,0,0,0
510520,2,1,0,0,0,0,0,0,0,0,0,0
510520,3,1,0,14,0,0,0,0,9,0,0,0
510520,4,1,0,0,0,0,0,0,0,0,11,0
510521,0,1,5,5,5,5,5,5,5,5,5,5
510521,1,1,5,5,5,5,5,5,5,5,5,5
510522,0,1,5,5,5,5,5,5,5,5,5,5
510522,1,1,12,0,18,0,23,0,0,0,0,11
510522,2,1,0,0,0,0,0,0,0,0,0,0
510523,1,1,0,0,0,0,0,0,0,0,0,0
510523,2,1,0,0,0,0,0,0,0,0,0,0
510524,1,1,0,0,0,0,0,0,0,0,0,0
510525,1,1,6,6,6,6,6,6,6,6,6,6
510526,1,1,5,5,5,5,5,5,5,5,5,5
510526,2,1,0,0,0,0,0,0,0,22,0,6
510527,1,1,0,0,0,0,0,0,0,0,0,0
510528,1,1,0,0,0,0,0,0,0,0,0,0
510528,2,1,0,0,0,0,0,0,0,0,0,0
510529,1,1,14,9,14,19,8,0,6,0,0,0
510530,1,1,0,0,0,0,0,0,0,0,0,0
510530,2,1,0,0,0,0,0,0,0,0,0,0
510531,1,1,0,0,0,0,0,0,0,0,0,0
510531,2,1,0,15,10,15,3,18,0,15,8,20
510532,1,1,0,0,0,0,0,0,0,0,0,0
510532,2,1,0,0,0,0,0,0,0,0,0,0
510533,0,1,0,0,0,0,0,0,0,0,0,0
510533,1,1,0,0,0,0,0,0,0,0,0,0
510534,1,1,7,7,7,7,7,7,7,7,7,7
510535,1,1,0,0,0,0,0,0,0,0,0,0
510536,0,1,4,4,4,4,4,4,4,4,4,4
510536,2,1,0,0,0,0,0,0,0,0,0,0
510537,1,1,0,0,0,0,0,0,0,0,0,0
510539,0,1,0,0,0,0,0,0,0,0,0,0
510539,1,1,0,0,0,0,0,0,0,0,0,0
510540,1,1,18,18,18,18,18,18,18,18,18,18
510540,2,1,0,0,0,0,0,0,0,0,0,0
510541,1,1,0,0,0,0,0,0,0,0,0,0
510542,1,1,0,0,0,0,0,0,0,0,0,0
510543,1,1,20,20,20,20,20,20,20,20,20,20
510543,2,1,21,11,5,20,14,0,21,6,20,2
510544,0,1,0,0,0,0,0,0,0,0,0,0
510544,1,1,0,0,0,21,0,19,21,0,0,13
510545,1,1,25,25,25,25,25,25,25,25,25,25
510545,2,1,0,0,23,0,0,0,0,0,0,0
510546,1,1,3,3,3,3,3,3,3,3,3,3
510547,1,1,4,4,4,4,4,4,4,4,4,4
510548,1,1,16,16,16,16,16,16,16,16,16,16
510549,1,1,0,0,0,0,0,0,0,0,32,0
510550,0,1,21,21,21,21,21,21,21,21,21,21
510550,1,1,21,21,21,21,21,21,21,21,21,21
510551,1,1,36,36,36,36,36,36,36,36,36,36
510552,1,1,26,26,26,26,26,26,26,26,26,26
510553,1,1,0,0,0,0,0,0,0,0,0,0
510553,2,1,0,0,0,0,0,18,0,0,0,0
510554,1,1,0,0,0,0,0,0,0,0,0,0
510554,2,1,20,0,0,0,0,0,0,0,0,0
510555,1,1,15,15,15,15,15,15,15,15,15,15
510555,2,1,0,0,6,0,0,0,0,0,0,0
510556,0,1,0,0,0,0,0,0,0,0,0,0
510556,1,1,0,0,0,0,0,0,0,0,0,0
510557,0,1,27,0,0,18,0,0,25,23,0,10
510557,1,1,23,18,0,17,0,40,15,12,0,0
510558,1,1,0,0,0,0,0,0,0,0,0,0
510558,2,1,0,0,0,0,0,0,0,0,0,0
510559,1,1,11,11,11,11,11,11,11,11,11,11
510560,0,1,0,0,0,0,14,0,0,14,0,12
510560,1,1,0,0,0,0,0,20,0,0,0,0
510561,1,1,0,0,0,0,0,0,0,0,0,0
510561,2,1,0,0,0,0,0,0,0,0,0,0
510561,3,1,0,0,0,0,0,0,0,0,0,0
510562,1,1,0,0,0,0,0,0,0,0,0,0
510562,2,1,0,0,0,0,0,0,0,0,0,0
510563,0,1,13,13,13,13,13,13,13,13,13,13
510563,1,1,19,0,16,9,10,5,9,19,8,10
510564,1,1,0,0,0,0,0,0,0,0,0,0
510564,2,1,5,8,0,0,0,0,0,0,16,0
510565,1,1,37,37,37,37,37,37,37,37,37,37
510566,0,1,0,0,0,0,0,0,0,0,0,0
510566,2,1,0,0,0,0,0,0,0,0,0,0
510566,3,1,0,0,0,0,0,0,13,0,0,0
510566,4,1,9,0,19,23,13,21,0,8,12,0
510567,1,1,16,16,16,16,16,16,16,16,16,16
510568,1,1,0,0,0,0,0,0,0,0,0,0
510569,1,1,15,15,15,15,15,15,15,15,15,15
510569,2,1,8,0,20,0,0,0,0,0,0,0
510570,1,1,0,0,0,0,0,0,0,0,0,0
510570,2,1,0,0,4,0,0,0,0,15,0,0
510571,1,1,0,0,0,0,0,0,0,0,0,7
510571,2,1,0,0,0,0,0,0,0,0,0,0
510571,3,1,0,0,0,12,0,0,0,0,0,0
510573,1,1,0,0,0,0,0,0,0,0,0,0
510574,0,1,18,18,18,18,18,18,18,18,18,18
510574,1,1,0,0,0,0,0,0,0,0,0,0
510575,1,1,0,0,0,0,0,0,0,0,0,0
510576,1,1,9,10,14,0,15,16,14,12,14,10
510577,0,1,13,13,13,13,13,13,13,13,13,13
510577,1,1,21,0,0,0,10,0,0,0,0,0
510578,1,1,0,0,0,0,0,0,0,0,0,0
510578,2,1,0,0,0,0,0,0,0,0,0,0
510578,3,1,0,0,11,0,0,0,0,0,0,0
510578,4,1,0,0,0,0,0,0,0,0,0,0
510578,5,1,0,0,0,0,0,0,0,0,0,0
510579,0,1,0,0,0,0,0,0,0,0,0,0
510579,1,1,0,0,0,0,19,0,0,0,0,0
510580,1,1,0,0,0,0,0,0,0,0,0,0
510580,2,1,0,0,0,0,0,0,0,29,0,0
510581,1,1,10,10,10,10,10,10,10,10,10,10
510582,1,1,37,0,6,0,15,29,7,0,12,0
510582,2,1,0,0,0,0,0,0,0,0,0,0
510583,1,1,0,0,0,0,0,0,0,0,0,0
510584,1,1,0,20,0,0,0,0,0,0,0,0
510585,1,1,0,0,0,0,0,0,0,0,0,0
510585,2,1,11,17,7,31,19,13,12,11,16,12
510586,1,1,0,0,0,0,0,0,0,0,0,0
510587,1,1,0,0,0,0,0,0,0,0,0,0
510587,2,1,0,0,0,0,0,0,0,0,0,0
510588,1,1,0,0,0,0,0,0,0,0,0,0
510589,1,1,0,0,0,0,0,0,0,0,0,0
510589,2,1,0,0,0,0,0,0,0,0,0,0
510590,1,1,0,0,0,0,0,0,0,0,0,0
510590,2,1,0,0,0,0,0,0,0,0,0,0
510591,1,1,0,0,0,0,18,0,0,0,0,0
510591,2,1,0,0,0,15,0,0,0,0,0,0
510592,1,1,0,0,0,0,0,0,0,0,0,0
510592,2,1,0,0,0,0,5,6,0,0,0,0
510593,1,1,0,0,0,0,0,0,0,0,12,0
510594,1,1,0,0,0,0,0,0,0,0,0,0
510595,1,1,0,0,0,0,0,0,0,0,0,0
510596,0,1,0,0,0,0,30,0,0,0,0,0
510596,1,1,7,0,0,0,0,0,0,0,13,0
510597,0,1,0,0,0,0,0,0,0,0,0,0
510597,1,1,0,0,0,0,0,0,0,0,0,0
510598,1,1,10,11,21,17,30,22,34,14,27,0
510599,0,1,0,0,0,0,0,0,0,0,0,0
510599,1,1,0,0,0,0,0,0,0,0,0,0
510600,0,1,0,0,0,0,0,0,0,0,0,0
510600,0,2,0,0,14,0,0,0,0,0,0,0
510600,0,3,8,0,0,0,0,0,5,0,14,0
510600,1,1,0,0,0,0,0,0,0,0,0,0
510601,1,1,0,0,0,0,0,0,0,0,0,0
510602,1,1,0,0,0,0,0,0,0,0,0,0
510602,2,1,0,0,0,0,0,0,0,0,0,0
510603,0,1,0,0,0,0,0,0,0,0,0,0
510603,1,1,0,0,0,0,0,0,4,0,0,0
510604,1,1,0,0,0,0,0,0,0,0,0,0
510605,1,1,0,0,0,0,0,0,0,0,0,0
510606,1,1,0,0,0,0,0,0,0,0,0,0
510607,0,1,26,26,26,26,26,26,26,26,26,26
510607,1,1,0,0,10,0,0,0,0,0,0,0
510607,2,1,0,0,16,0,0,0,0,0,0,0
510608,1,1,0,0,0,0,0,0,0,0,0,0
510609,1,1,0,21,0,21,0,0,0,0,0,0
510610,0,1,0,0,0,0,0,0,0,0,0,0
510610,1,1,0,0,0,0,0,0,0,0,0,0
510611,1,1,0,0,0,0,0,0,0,0,0,0
510612,1,1,0,11,0,13,0,0,7,0,0,0
510612,2,1,0,0,0,0,0,0,0,0,0,0
510613,1,1,27,27,27,27,27,27,27,27,27,27
510613,2,1,0,0,0,0,0,0,0,0,0,0
510614,1,1,0,0,0,0,0,0,0,0,0,0
510614,2,1,0,0,0,0,0,0,0,0,0,0
510615,1,1,0,0,0,0,29,34,0,0,0,0
510615,2,1,0,0,0,0,0,0,0,0,0,0
510616,1,1,0,0,0,0,8,0,0,0,0,3
510616,2,1,0,0,0,0,0,0,0,0,0,0
510617,0,1,0,0,0,0,0,0,0,0,0,0
510617,0,2,0,0,10,27,0,0,0,0,0,0
510617,0,3,0,0,0,0,0,0,0,0,0,0
510617,1,1,0,0,0,0,0,0,0,0,0,0
510618,1,1,27,13,4,18,34,17,19,12,11,15
510618,2,1,0,0,0,0,0,0,0,0,0,0
510619,0,1,0,0,0,0,0,0,0,0,0,0
510619,1,1,0,6,11,0,0,16,0,0,0,0
510620,0,1,0,0,0,0,0,0,0,0,0,0
510620,1,1,15,11,0,0,0,12,0,0,0,0
510621,1,1,2,0,0,0,0,0,0,0,0,0
510622,1,1,0,0,0,0,0,0,0,0,0,0
510623,0,1,0,0,0,0,0,0,0,0,0,0
510623,1,1,0,11,0,0,0,28,0,13,0,0
510624,0,1,0,0,0,0,0,0,0,0,0,0
510624,1,1,0,0,0,0,0,0,0,0,0,0
510625,1,1,0,0,0,0,0,0,0,0,0,0
510625,2,1,0,0,0,0,0,0,0,0,0,0
510626,1,1,26,26,26,26,26,26,26,26,26,26
510626,2,1,0,0,0,0,0,0,0,0,0,0
510627,1,1,0,0,0,0,0,0,0,0,16,0
510628,0,1,0,0,0,0,0,0,0,0,0,0
510628,1,1,0,0,0,0,0,0,0,0,0,0
510629,1,1,0,0,0,0,0,0,0,0,0,0
510629,2,1,0,0,0,0,0,0,11,0,0,0
510630,1,1,19,14,0,15,21,26,18,19,25,5
510631,1,1,0,0,0,0,0,0,0,0,0,0
510632,1,1,0,0,0,0,0,0,0,0,0,0
510632,2,1,0,0,0,0,0,0,0,0,0,0
510632,3,1,0,0,0,0,0,0,0,0,0,0
510633,1,1,0,25,0,0,0,0,0,15,0,0
510634,1,1,24,24,24,24,24,24,24,24,24,24
510635,1,1,33,33,33,33,33,33,33,33,33,33
510635,2,1,0,0,0,0,0,0,0,0,0,0
510636,1,1,0,0,0,0,0,0,0,0,0,0
510636,2,1,0,0,0,0,0,0,0,0,0,0
510637,1,1,22,22,22,22,22,22,22,22,22,22
510638,1,1,0,0,0,0,0,0,0,0,0,0
510639,0,1,14,14,14,14,14,14,14,14,14,14
510639,1,1,11,27,11,24,9,0,15,21,47,0
510640,1,1,24,24,24,24,24,24,24,24,24,24
510641,0,1,35,35,35,35,35,35,35,35,35,35
510641,1,1,0,0,16,0,10,0,0,0,0,0
510642,0,1,0,0,0,0,0,0,0,0,0,0
510642,1,1,0,0,0,0,0,0,0,0,0,0
510643,1,1,0,0,0,0,0,0,0,0,0,0
510643,2,1,0,0,0,0,0,0,0,0,0,0
510643,3,1,0,0,0,0,0,0,11,0,0,0
510644,1,1,0,0,0,19,0,0,13,0,0,0
510645,1,1,0,0,0,0,0,0,0,0,0,0
510646,1,1,0,0,0,0,0,0,0,0,0,5
510646,2,1,0,0,0,0,0,0,0,0,0,0
510647,1,1,10,10,10,10,10,10,10,10,10,10
510647,2,1,7,0,0,0,0,0,0,0,0,0
510648,1,1,0,0,0,0,0,0,0,0,0,0
510648,2,1,0,0,0,0,0,0,0,0,0,0
510649,0,1,8,8,8,8,8,8,8,8,8,8
510649,1,1,0,0,0,0,0,0,0,0,0,0
510650,1,1,24,0,0,0,0,0,0,0,0,0
510650,2,1,0,0,0,0,0,0,0,0,0,0
510651,1,1,0,0,0,0,11,0,0,0,0,0
510651,2,1,0,0,0,0,0,0,0,0,0,0
510652,1,1,0,0,0,0,32,13,0,0,0,0
510653,1,1,0,0,0,0,0,0,0,0,0,0
510653,2,1,0,0,0,0,0,0,0,0,0,0
510654,1,1,0,0,0,0,0,0,0,0,0,0
510655,1,1,4,4,4,4,4,4,4,4,4,4
510656,1,1,0,0,0,0,0,0,0,0,0,0