ST_CASE,VEH_NO,PER_NO,P1,P2,P3,P4,P5,P6,P7,P8,P9,P10
540270,1,1,0,0,0,0,0,0,0,0,0,0
540271,1,1,0,0,5,0,0,0,21,0,0,0
540271,2,1,0,0,0,0,0,0,0,0,0,0
540272,1,1,0,0,0,0,0,0,0,0,0,0
540273,1,1,0,0,0,0,0,0,0,0,0,0
540274,1,1,0,0,0,0,0,0,0,0,0,0
540274,2,1,0,0,0,0,0,0,0,0,0,0
550001,0,1,23,23,23,23,23,23,23,23,23,23
550001,1,1,0,0,0,0,0,0,0,0,0,0
550002,1,1,0,0,0,0,0,0,0,0,0,0
550002,2,1,0,0,0,0,0,0,0,0,0,0
550003,1,1,0,0,0,0,0,0,0,0,0,0
550004,1,1,21,21,21,21,21,21,21,21,21,21
550005,1,1,0,0,0,0,0,0,0,0,0,0
550006,1,1,2,7,14,20,7,0,31,8,0,24
550006,2,1,15,15,15,15,15,15,15,15,15,15
550007,0,1,15,15,15,15,15,15,15,15,15,15
550007,1,1,0,0,0,0,0,0,16,0,0,0
550008,1,1,0,28,8,0,13,0,22,0,0,0
550009,1,1,0,0,0,0,0,0,0,0,0,0
550009,2,1,0,0,0,0,0,0,0,0,0,0
550010,1,1,0,0,0,0,0,0,0,0,0,0
550012,1,1,0,0,0,0,0,0,0,0,0,0
550012,2,1,0,0,0,0,0,0,0,0,0,0
550013,1,1,8,8,8,8,8,8,8,8,8,8
550014,1,1,0,0,0,0,0,0,0,0,0,0
550014,2,1,0,0,0,16,0,0,0,0,0,0
550015,1,1,0,0,0,0,0,0,0,0,0,0
550016,1,1,0,0,0,0,0,0,0,0,0,0
550017,1,1,21,21,21,21,21,21,21,21,21,21
550018,0,1,20,20,20,20,20,20,20,20,20,20
550018,1,1,0,0,0,0,0,0,0,0,0,0
550019,1,1,12,12,12,12,12,12,12,12,12,12
550021,1,1,0,0,0,0,0,0,0,0,0,0
550021,2,1,0,0,0,0,0,0,0,0,33,0
550022,1,1,0,0,0,0,0,0,0,0,0,0
550022,2,1,0,0,0,0,0,0,0,0,0,0
550023,1,1,0,0,0,0,0,0,0,0,0,0
550023,2,1,0,0,0,0,0,0,0,0,0,0
550024,1,1,0,0,0,0,0,0,0,0,0,0
550024,2,1,0,0,0,0,0,0,0,0,0,0
550025,1,1,13,13,13,13,13,13,13,13,13,13
550026,1,1,0,0,0,0,0,0,0,0,0,0
550026,2,1,0,0,0,0,0,0,0,0,3,0
550027,1,1,15,15,15,15,15,15,15,15,15,15
550028,1,1,0,0,0,0,0,0,0,0,0,0
550029,1,1,0,0,0,0,0,0,0,0,0,0
550030,1,1,16,16,16,16,16,16,16,16,16,16
550031,0,1,0,0,0,0,0,0,0,0,0,16
550031,1,1,4,4,4,4,4,4,4,4,4,4
550032,1,1,10,10,10,10,10,10,10,10,10,10
550033,1,1,22,22,22,22,22,22,22,22,22,22
550033,2,1,0,0,0,0,0,0,0,0,0,0
550033,3,1,0,0,0,0,0,0,0,0,0,0
550033,4,1,0,0,0,0,0,0,0,0,0,0
550034,0,1,0,0,0,0,0,0,0,0,0,0
550034,1,1,0,0,0,0,0,0,0,0,0,0
550035,1,1,33,33,33,33,33,33,33,33,33,33
550035,2,1,0,0,0,10,0,0,0,0,0,0
550035,3,1,0,0,0,0,0,0,0,0,0,0
550035,4,1,0,0,0,0,0,0,0,0,0,0
550036,1,1,0,0,0,0,0,0,0,0,0,0
550036,2,1,0,0,0,0,0,0,0,0,0,0
550037,1,1,0,0,0,0,0,0,0,0,0,0
550037,2,1,21,21,21,21,21,21,21,21,21,21
550039,1,1,0,0,0,0,0,0,0,0,0,0
550039,2,1,0,0,0,0,0,0,0,0,0,0
550040,1,1,17,17,17,17,17,17,17,17,17,17
550040,2,1,2,2,2,2,2,2,2,2,2,2
550041,1,1,9,9,9,9,9,9,9,9,9,9
550043,1,1,38,0,21,24,0,19,19,0,15,17
550043,2,1,0,0,0,0,0,0,0,0,0,0
550044,1,1,0,0,0,0,15,0,0,15,0,0
550045,1,1,18,18,18,18,18,18,18,18,18,18
550046,1,1,1,1,1,1,1,1,1,1,1,1
550047,0,1,0,0,0,0,0,0,0,0,0,0
550047,1,1,0,0,0,0,0,0,0,0,0,0
550048,1,1,24,24,24,24,24,24,24,24,24,24
550048,2,1,0,0,12,0,0,0,0,0,0,0
550048,3,1,0,0,0,0,0,0,0,0,0,0
550049,1,1,24,24,24,24,24,24,24,24,24,24
550050,1,1,0,0,0,0,0,0,0,0,0,0
550050,2,1,4,36,24,34,0,0,0,0,0,0
550051,1,1,22,22,22,22,22,22,22,22,22,22
550051,2,1,0,0,0,0,0,0,0,0,0,0
550052,1,1,0,0,0,0,0,0,0,0,19,0
550052,2,1,0,0,0,0,0,0,0,0,0,0
550053,1,1,0,0,0,0,0,0,0,0,0,0
550053,2,1,0,0,0,0,0,0,0,9,0,0
550054,1,1,0,0,0,0,0,0,0,0,0,0
550054,2,1,0,0,0,0,0,0,0,0,0,0
550055,1,1,0,0,0,0,0,0,0,0,0,0
550055,2,1,3,3,3,3,3,3,3,3,3,3
550056,1,1,0,0,0,0,0,0,0,0,0,0
550056,2,1,0,0,0,0,0,0,0,0,0,0
550057,1,1,24,24,24,24,24,24,24,24,24,24
550058,1,1,0,0,0,0,0,0,0,0,0,0
550058,2,1,0,0,0,0,0,0,0,0,0,0
550059,1,1,0,0,0,0,0,0,0,0,0,0
550059,2,1,0,0,0,0,0,0,0,0,0,0
550060,1,1,0,0,0,0,0,0,0,0,0,0
550061,0,1,0,0,0,0,0,0,0,0,0,0
550061,1,1,0,0,0,0,0,0,0,0,0,0
550063,1,1,0,0,0,0,0,0,15,0,14,0
550063,2,1,20,20,20,20,20,20,20,20,20,20
550064,0,1,22,22,22,22,22,22,22,22,22,22
550064,1,1,0,0,0,0,0,0,0,0,0,0
550065,1,1,0,0,0,0,0,0,0,0,0,0
550065,2,1,15,15,15,15,15,15,15,15,15,15
550066,1,1,0,0,0,0,0,0,0,0,0,0
550066,2,1,2,2,2,2,2,2,2,2,2,2
550067,1,1,4,4,4,4,4,4,4,4,4,4
550068,1,1,0,0,0,0,0,0,0,0,0,0
550068,2,1,0,0,0,0,0,0,0,0,0,0
550068,3,1,0,0,0,0,0,0,0,0,0,0
550069,1,1,0,0,0,0,0,0,0,0,0,0
550069,2,1,0,0,0,0,0,0,0,0,0,0
550070,1,1,26,26,26,26,26,26,26,26,26,26
550071,1,1,19,19,19,19,19,19,19,19,19,19
550071,2,1,14,14,14,14,14,14,14,14,14,14
550073,1,1,0,0,0,0,0,0,0,0,0,0
550074,1,1,0,0,0,0,0,0,0,0,0,0
550075,0,1,0,0,0,0,0,0,0,0,0,0
550075,1,1,0,0,0,0,0,0,0,0,0,0
550076,1,1,0,0,0,0,0,0,0,0,0,0
550076,2,1,0,0,0,0,0,0,0,0,0,0
550077,1,1,6,6,6,6,6,6,6,6,6,6
550077,2,1,0,0,0,0,0,0,0,0,0,0
550077,3,1,12,8,12,0,0,0,0,0,0,0
550078,0,1,0,0,0,0,39,60,0,0,12,0
550078,1,1,0,0,0,0,0,0,0,0,0,0
550079,1,1,0,0,0,0,0,0,0,0,0,0
550079,2,1,0,0,0,0,0,0,0,0,0,0
550080,1,1,14,14,14,14,14,14,14,14,14,14
550081,1,1,0,0,0,0,0,17,0,0,0,0
550082,1,1,0,0,0,0,0,0,0,0,0,0
550082,2,1,0,0,0,0,0,0,0,0,0,0
550083,1,1,0,0,0,0,0,0,0,0,0,0
550084,1,1,0,0,0,0,0,0,0,0,0,0
550085,1,1,15,15,15,15,15,15,15,15,15,15
550086,0,1,0,0,0,0,0,0,0,0,0,0
550086,1,1,0,16,0,0,0,0,27,0,0,0
550087,1,1,0,0,0,0,0,0,0,0,0,0
550087,2,1,0,0,0,0,0,0,0,0,0,0
550090,1,1,0,0,0,0,0,0,0,0,0,0
550090,2,1,0,0,0,0,0,0,0,0,0,0
550091,1,1,0,0,0,0,0,0,0,0,0,0
550091,2,1,16,0,0,0,0,0,0,0,0,0
550092,1,1,0,0,0,0,0,0,0,0,0,0
550092,2,1,0,0,0,0,0,0,0,0,0,0
550093,1,1,14,14,14,14,14,14,14,14,14,14
550093,2,1,23,17,0,28,7,9,33,22,13,13
550094,1,1,18,18,18,18,18,18,18,18,18,18
550094,2,1,0,0,0,0,0,0,0,0,0,0
550095,1,1,0,0,0,0,0,0,0,0,0,0
550095,2,1,0,0,0,0,0,0,0,0,0,0
550096,1,1,13,13,13,13,13,13,13,13,13,13
550097,1,1,12,12,12,12,12,12,12,12,12,12
550098,1,1,15,15,15,15,15,15,15,15,15,15
550099,1,1,0,0,0,0,0,0,0,0,0,0
550099,2,1,0,0,0,0,0,0,0,0,0,0
550100,1,1,29,29,29,29,29,29,29,29,29,29
550101,1,1,0,0,0,0,0,0,0,0,0,0
550102,1,1,0,0,0,0,0,0,0,0,0,0
550102,2,1,0,0,0,0,0,0,0,0,0,0
550103,1,1,26,26,26,26,26,26,26,26,26,26
550104,1,1,19,15,22,20,0,11,37,0,15,13
550105,1,1,26,26,26,26,26,26,26,26,26,26
550106,1,1,17,17,17,17,17,17,17,17,17,17
550107,1,1,2,2,2,2,2,2,2,2,2,2
550108,1,1,32,24,5,31,22,25,17,7,29,8
550109,1,1,0,0,0,0,0,0,0,16,0,0
550109,2,1,0,0,0,0,0,0,0,0,0,0
550109,3,1,0,0,0,0,0,0,0,0,0,0
550110,1,1,23,23,23,23,23,23,23,23,23,23
550110,2,1,0,0,0,0,0,0,0,18,0,0
550111,1,1,19,19,19,19,19,19,19,19,19,19
550112,1,1,18,18,18,18,18,18,18,18,18,18
550112,2,1,0,0,0,0,0,0,0,0,0,0
550113,1,1,0,0,0,0,0,0,0,0,0,0
550113,2,1,0,0,0,0,0,0,0,0,0,0
550114,1,1,0,0,0,0,0,0,0,0,0,0
550115,1,1,0,0,0,0,0,0,0,0,0,0
550115,2,1,0,0,0,0,0,0,0,0,0,0
550116,1,1,0,0,0,0,0,0,14,9,0,0
550116,2,1,0,0,0,0,0,0,0,0,0,0
550117,1,1,0,0,0,0,0,0,0,0,0,0
550117,2,1,0,0,0,0,0,0,0,0,0,0
550118,1,1,20,20,20,20,20,20,20,20,20,20
550118,2,1,0,0,0,0,0,0,0,0,0,0
550120,1,1,0,0,0,0,0,0,0,0,0,0
550121,1,1,0,0,0,0,0,0,0,0,0,0
550122,1,1,0,19,0,0,0,0,0,0,0,0
550122,2,1,0,0,0,0,0,0,0,0,0,0
550123,1,1,16,16,16,16,16,16,16,16,16,16
550124,1,1,12,12,12,12,12,12,12,12,12,12
550124,2,1,0,0,0,0,0,0,0,0,0,0
550125,1,1,17,17,17,17,17,17,17,17,17,17
550126,1,1,0,0,0,0,0,0,0,0,0,0
550126,2,1,0,0,0,0,0,0,0,0,0,0
550127,1,1,17,17,17,17,17,17,17,17,17,17
550127,2,1,0,0,0,0,0,0,0,0,0,0
550128,1,1,0,0,0,0,0,0,0,0,0,0
550128,2,1,0,0,0,0,11,0,0,0,0,0
550129,1,1,0,0,0,0,0,0,0,0,0,0
550130,1,1,0,0,0,0,0,0,0,0,0,2
550130,2,1,0,0,0,0,0,0,0,0,0,0
550131,1,1,0,0,0,0,0,0,0,0,0,0
550131,2,1,0,0,0,0,0,0,0,0,0,0
550132,1,1,9,9,9,9,9,9,9,9,9,9
550132,2,1,0,0,0,0,0,0,0,0,0,0
550133,0,1,0,0,0,0,0,0,0,0,0,0
550133,1,1,0,0,0,0,0,0,0,0,0,0
550134,1,1,12,12,12,12,12,12,12,12,12,12
550135,1,1,0,0,0,0,0,0,0,0,0,0
550137,1,1,13,0,9,19,0,5,0,10,0,0
550137,2,1,0,0,0,6,0,0,0,0,19,0
550138,1,1,5,5,5,5,5,5,5,5,5,5
550138,2,1,0,0,0,0,0,0,21,0,0,0
550138,3,1,0,0,8,0,0,0,0,0,0,0
550139,1,1,0,0,0,0,0,0,0,0,0,0
550139,2,1,0,0,0,0,0,0,0,0,0,0
550141,1,1,19,19,19,19,19,19,19,19,19,19
550142,0,1,0,0,0,0,0,0,0,0,0,0
550142,1,1,0,0,0,0,0,0,0,0,0,0
550142,2,1,0,0,0,0,0,0,9,0,0,0
550143,1,1,22,22,22,22,22,22,22,22,22,22
550144,1,1,0,0,0,0,0,0,0,0,0,0
550144,2,1,0,0,0,0,0,0,0,0,0,0
550145,1,1,0,0,0,0,0,0,0,0,0,0
550145,2,1,0,0,0,0,0,0,0,0,0,0
550146,0,1,0,0,0,30,0,0,26,0,0,8
550146,1,1,0,0,0,21,0,0,0,0,0,17
550147,1,1,12,12,12,12,12,12,12,12,12,12
550151,1,1,0,0,0,0,0,0,0,0,0,0
550152,1,1,0,0,0,0,0,0,0,0,0,0
550153,1,1,44,0,0,0,0,0,0,0,0,0
550153,2,1,0,0,0,0,0,0,0,0,0,0
550154,0,1,0,0,0,0,0,0,0,0,0,0
550154,0,2,0,0,18,0,23,10,0,11,0,0
550154,1,1,0,0,0,0,0,0,0,0,0,0
550155,0,1,0,0,0,0,0,0,0,0,0,0
550155,1,1,0,9,13,2,0,0,20,0,10,7
550156,1,1,0,0,0,0,0,0,0,0,0,0
550156,2,1,0,0,0,0,0,0,0,0,0,0
550157,0,1,0,0,0,0,0,0,0,0,0,0
550157,1,1,0,0,0,0,0,25,0,0,0,6
550158,1,1,18,18,18,18,18,18,18,18,18,18
550159,1,1,10,10,10,10,10,10,10,10,10,10
550160,1,1,0,11,0,13,21,0,0,0,19,0
550161,1,1,10,0,0,0,0,0,0,13,0,0
550161,2,1,0,0,0,0,0,0,0,0,0,0
550162,1,1,0,0,0,0,0,0,0,0,0,0
550164,1,1,0,0,0,0,0,0,0,0,0,0
550165,1,1,8,8,8,8,8,8,8,8,8,8
550165,2,1,0,0,0,0,0,0,0,0,0,0
550166,1,1,19,19,19,19,19,19,19,19,19,19
550167,1,1,11,11,11,11,11,11,11,11,11,11
550167,2,1,4,4,4,4,4,4,4,4,4,4
550168,1,1,0,0,0,0,0,0,0,0,0,0
550168,2,1,0,0,0,0,0,0,0,0,0,0
550169,1,1,0,0,0,0,0,0,0,0,0,0
550170,1,1,0,0,0,0,0,0,0,0,0,0
550171,1,1,0,0,0,0,0,0,0,0,0,0
550172,1,1,9,9,9,9,9,9,9,9,9,9
550173,1,1,0,0,0,0,0,0,0,0,0,0
550174,1,1,0,0,0,0,0,0,0,0,0,0
550175,1,1,0,0,0,0,0,0,0,0,0,0
550176,1,1,26,26,26,26,26,26,26,26,26,26
550177,1,1,0,0,19,0,0,0,0,0,0,0
550177,2,1,0,0,0,0,0,0,0,0,0,0
550178,1,1,0,0,0,0,0,0,0,0,0,0
550178,2,1,0,0,0,0,0,0,0,0,0,0
550179,1,1,9,19,17,11,14,19,17,4,19,21
550180,1,1,0,0,0,0,0,0,0,0,0,0
550180,2,1,0,0,0,0,0,0,8,22,0,0
550181,1,1,0,0,0,0,0,0,0,0,0,0
550181,2,1,0,0,0,0,0,0,0,0,0,0
550182,1,1,0,0,0,0,0,0,0,0,0,0
550182,2,1,0,23,0,0,0,0,0,0,0,0
550183,1,1,0,0,0,0,0,0,0,0,0,0
550183,2,1,0,0,0,0,0,0,0,0,0,0
550184,1,1,14,14,14,14,14,14,14,14,14,14
550184,2,1,0,0,0,0,0,0,0,0,0,0
550185,1,1,0,0,0,0,0,0,0,0,0,0
550185,2,1,0,0,0,0,0,0,0,0,0,0
550186,1,1,0,0,0,0,0,0,0,0,0,0
550186,2,1,0,0,0,0,0,0,0,0,0,0
550187,1,1,12,12,12,12,12,12,12,12,12,12
550188,1,1,18,18,18,18,18,18,18,18,18,18
550188,2,1,0,0,0,0,0,0,0,0,0,0
550189,1,1,0,0,0,0,0,0,0,0,0,0
550189,2,1,0,0,0,0,0,0,0,0,0,0
550190,1,1,0,0,0,0,0,0,0,0,0,0
550190,2,1,0,0,0,0,0,0,0,0,0,0
550190,3,1,0,5,0,0,0,0,0,0,0,0
550191,1,1,28,28,28,28,28,28,28,28,28,28
550192,1,1,14,14,14,14,14,14,14,14,14,14
550193,0,1,16,16,16,16,16,16,16,16,16,16
550193,1,1,0,2,0,2,2,0,0,10,6,18
550194,1,1,12,12,12,12,12,12,12,12,12,12
550194,2,1,0,0,0,0,0,0,0,0,0,0
550195,1,1,0,0,0,0,0,0,0,0,0,0
550196,1,1,0,0,0,0,0,0,0,0,0,0
550196,2,1,0,0,0,0,0,0,25,0,0,0
550196,3,1,0,0,0,0,0,0,0,0,0,0
550197,1,1,30,30,30,30,30,30,30,30,30,30
550198,1,1,0,0,0,0,0,0,0,0,0,0
550198,2,1,0,0,0,0,0,0,0,0,0,0
550199,1,1,0,0,0,0,0,0,0,0,0,0
550199,2,1,0,0,0,0,0,0,0,0,0,0
550200,0,1,0,0,0,0,0,0,0,0,0,0
550200,1,1,0,5,0,17,33,30,26,0,20,0
550201,1,1,20,20,20,20,20,20,20,20,20,20
550202,1,1,0,0,0,0,0,0,0,0,0,0
550203,1,1,5,11,15,7,5,14,19,14,22,22
550204,0,1,0,0,0,0,0,0,0,0,0,0
550204,1,1,37,5,0,0,0,0,20,0,0,4
550205,1,1,0,0,0,0,0,0,0,0,0,0
550206,1,1,0,0,0,0,0,0,0,0,0,0
550206,2,1,0,0,0,0,0,0,0,0,0,0
550207,1,1,7,7,7,7,7,7,7,7,7,7
550208,1,1,0,0,0,0,0,0,0,0,0,0
550209,1,1,11,11,11,11,11,11,11,11,11,11
550210,1,1,0,0,0,0,0,0,0,0,0,0
550211,1,1,0,0,0,0,0,0,0,0,0,0
550211,2,1,0,0,0,0,0,0,0,0,0,0
550211,3,1,0,0,0,0,0,0,16,0,0,0
550212,1,1,15,15,15,15,15,15,15,15,15,15
550213,1,1,8,18,31,24,8,12,12,19,3,17
550214,1,1,21,21,21,21,21,21,21,21,21,21
550215,1,1,0,0,0,0,0,0,0,0,0,0
550215,2,1,0,0,0,0,0,0,0,0,0,0
550216,1,1,0,0,0,0,0,0,0,0,0,0
550216,2,1,0,0,0,0,0,0,0,0,0,0
550217,1,1,13,13,13,13,13,13,13,13,13,13
550218,1,1,0,0,0,0,0,0,0,0,0,0
550218,2,1,0,0,0,0,0,0,0,0,0,0
550219,1,1,16,16,16,16,16,16,16,16,16,16
550220,1,1,23,23,23,23,23,23,23,23,23,23
550221,1,1,0,0,0,0,0,0,0,0,28,0
550222,1,1,0,0,0,0,0,0,0,0,0,0
550223,0,1,0,0,0,0,0,0,0,0,0,0
550223,1,1,0,0,0,0,0,0,0,0,0,0
550224,1,1,0,0,0,0,0,0,0,0,0,0
550225,1,1,0,0,0,0,0,0,0,0,0,0
550225,2,1,14,14,14,14,14,14,14,14,14,14
550226,1,1,3,3,3,3,3,3,3,3,3,3
550227,1,1,0,0,0,0,0,0,0,0,0,0
550227,2,1,0,0,0,0,0,0,0,0,0,0
550228,1,1,0,0,0,0,0,0,38,0,0,0
550229,1,1,0,0,0,0,0,0,0,0,0,0
550229,2,1,0,0,0,0,0,0,0,0,0,0
550230,1,1,0,0,0,0,0,0,0,0,0,0
550231,0,1,20,20,20,20,20,20,20,20,20,20
550231,1,1,30,30,30,30,30,30,30,30,30,30
550232,0,1,18,18,18,18,18,18,18,18,18,18
550232,1,1,0,0,0,0,0,0,0,0,0,0
550233,1,1,0,0,0,0,0,0,0,0,0,0
550234,1,1,0,0,0,0,0,0,0,0,0,0
550234,2,1,0,0,0,0,0,0,0,0,0,0
550235,1,1,0,0,0,0,0,0,0,0,0,0
550235,2,1,0,0,0,0,0,0,0,0,0,0
550236,1,1,0,0,0,0,0,0,0,0,0,29
550237,1,1,0,0,0,0,0,0,0,0,0,0
550238,1,1,0,0,0,0,0,0,0,0,0,0
550239,1,1,0,0,0,0,0,0,0,0,0,0
550239,2,1,0,0,0,0,0,0,0,0,0,0
550239,3,1,0,0,0,0,0,0,0,0,0,0
550240,1,1,0,0,0,0,0,0,0,0,0,0
550241,1,1,0,0,0,0,0,0,0,0,0,0
550241,2,1,0,0,0,0,0,0,0,0,0,0
550242,1,1,20,20,20,20,20,20,20,20,20,20
550243,1,1,0,0,0,0,0,0,0,0,0,0
550244,1,1,0,0,0,0,0,0,0,0,0,0
550244,2,1,0,0,0,0,0,0,0,0,0,0
550245,1,1,0,0,0,0,0,0,0,0,0,0
550245,2,1,0,0,0,0,0,0,0,0,0,0
550246,1,1,0,0,0,0,0,0,0,0,0,0
550246,2,1,0,0,0,0,0,0,0,0,0,0
550247,1,1,19,19,19,19,19,19,19,19,19,19
550248,1,1,19,19,19,19,19,19,19,19,19,19
550248,2,1,0,0,0,0,0,0,0,0,0,0
550249,1,1,0,0,0,0,0,0,0,0,0,0
550249,2,1,11,11,11,11,11,11,11,11,11,11
550250,1,1,0,0,0,0,0,0,0,0,0,0
550250,2,1,0,0,0,0,0,0,0,0,0,0
550251,1,1,3,3,3,3,3,3,3,3,3,3
550252,1,1,0,0,0,0,0,0,0,0,0,0
550253,1,1,13,13,13,13,13,13,13,13,13,13
550253,2,1,0,0,0,0,0,0,0,0,0,0
550256,1,1,0,0,0,0,0,0,0,0,0,0
550257,1,1,30,30,30,30,30,30,30,30,30,30
550258,1,1,0,0,0,0,0,0,0,0,8,0
550258,2,1,0,0,0,0,0,0,0,0,0,0
550259,1,1,0,0,0,0,0,0,23,0,0,9
550259,2,1,0,0,0,0,0,0,0,0,0,0
550260,1,1,0,28,0,0,10,16,4,0,0,0
550260,2,1,0,0,0,0,0,0,0,0,0,0
550261,1,1,28,28,28,28,28,28,28,28,28,28
550262,1,1,19,19,19,19,19,19,19,19,19,19
550263,1,1,18,18,18,18,18,18,18,18,18,18
550264,1,1,0,0,0,0,0,0,0,0,0,0
550265,1,1,1,1,1,1,1,1,1,1,1,1
550265,2,1,0,0,0,0,0,0,0,0,0,0
550266,1,1,0,0,0,0,0,0,0,0,0,0
550266,2,1,0,0,0,0,0,0,0,0,0,0
550267,1,1,16,16,16,16,16,16,16,16,16,16
550267,2,1,16,16,16,16,16,16,16,16,16,16
550268,1,1,0,0,0,0,0,27,0,0,0,0
550268,2,1,0,0,0,0,0,0,0,0,0,0
550269,0,1,0,0,0,0,0,0,0,0,0,0
550269,1,1,0,0,0,0,0,0,0,0,0,0
550270,1,1,19,19,19,19,19,19,19,19,19,19
550271,1,1,0,0,0,0,0,0,0,0,2,0
550271,2,1,0,0,0,9,0,0,0,0,0,0
550272,1,1,12,2,16,4,6,21,14,5,21,32
550273,1,1,18,12,21,7,15,21,20,14,0,15
550273,2,1,29,18,24,20,28,23,45,22,25,14
550274,1,1,43,7,13,23,13,13,28,16,10,21
550274,2,1,0,0,0,0,0,0,19,0,0,22
550275,1,1,0,0,0,0,0,0,0,0,0,0
550275,2,1,0,0,0,0,0,0,0,0,0,0
550276,1,1,0,0,0,0,0,0,0,0,0,0
550277,1,1,0,0,0,0,0,0,0,0,0,0
550277,2,1,26,0,0,0,0,0,0,0,0,0
550278,0,1,0,21,0,0,0,0,0,8,0,0
550278,1,1,0,0,0,0,0,0,0,0,0,0
550279,1,1,0,0,0,0,0,0,0,0,0,0
550279,2,1,0,0,0,0,0,0,0,0,0,0
550280,1,1,0,0,0,0,10,0,0,0,0,0
550280,2,1,0,0,0,0,0,0,0,26,0,0
550281,1,1,0,0,0,0,0,0,0,0,0,0
550281,2,1,0,0,0,0,0,0,0,0,0,0
550282,1,1,5,5,5,5,5,5,5,5,5,5
550282,2,1,0,0,0,0,0,0,0,0,0,0
550283,1,1,26,26,26,26,26,26,26,26,26,26
550283,2,1,0,0,0,0,0,0,0,0,0,0
550284,1,1,0,0,0,0,0,0,0,0,0,0
550285,1,1,22,22,22,22,22,22,22,22,22,22
550286,1,1,0,0,0,0,0,0,0,0,0,0
550287,1,1,0,0,0,0,0,0,0,0,0,0
550288,1,1,0,0,0,0,0,0,0,0,0,0
550289,1,1,5,5,5,5,5,5,5,5,5,5
550289,2,1,0,9,0,0,0,0,10,11,0,11
550290,1,1,0,0,0,0,0,0,0,0,0,0
550290,2,1,0,0,0,0,0,0,0,0,0,0
550291,1,1,17,17,17,17,17,17,17,17,17,17
550292,1,1,42,42,42,42,42,42,42,42,42,42
550292,2,1,0,0,0,0,0,0,0,0,0,0
550293,1,1,0,0,0,0,0,0,0,0,0,0
550293,2,1,0,0,0,0,0,0,0,0,0,0
550294,0,1,15,15,15,15,15,15,15,15,15,15
550294,1,1,0,0,0,0,0,0,0,0,0,0
550295,0,1,0,0,0,0,0,0,0,0,0,0
550295,0,2,27,0,0,0,0,0,0,13,0,0
550295,1,1,0,0,0,0,0,0,0,0,0,0
550296,1,1,0,0,0,0,0,0,0,0,0,0
550296,2,1,0,0,0,0,0,0,0,0,0,0
550296,3,1,11,0,0,0,0,0,0,9,0,0
550296,4,1,0,6,0,0,0,0,0,0,0,0
550297,1,1,14,14,14,14,14,14,14,14,14,14
550297,2,1,0,0,0,0,0,0,0,0,0,1
550298,1,1,0,0,0,0,0,0,0,0,0,0
550298,2,1,0,0,0,0,0,0,0,0,0,0
550299,1,1,12,12,12,12,12,12,12,12,12,12
550300,1,1,5,5,5,5,5,5,5,5,5,5
550300,2,1,0,0,0,0,0,0,0,0,0,0
550301,1,1,0,0,0,0,0,0,0,0,0,0
550301,2,1,0,0,0,0,0,0,0,0,0,0
550302,1,1,6,7,15,4,7,32,13,34,27,20
550303,1,1,0,0,0,0,0,0,0,0,0,0
550303,2,1,0,0,0,0,0,0,0,0,0,0
550304,1,1,0,0,0,0,0,0,0,0,0,0
550305,0,1,0,0,0,0,0,0,0,0,0,0
550305,1,1,0,0,0,0,0,0,0,0,0,0
550306,1,1,0,0,0,0,0,0,0,0,0,0
550307,1,1,29,29,29,29,29,29,29,29,29,29
550308,1,1,20,20,20,20,20,20,20,20,20,20
550309,1,1,16,16,16,16,16,16,16,16,16,16
550310,1,1,0,0,0,0,0,0,0,0,0,0
550310,2,1,0,0,0,0,0,0,0,0,0,0
550311,1,1,0,0,0,0,0,0,0,0,0,0
550311,2,1,0,0,0,0,0,0,0,0,0,0
550313,1,1,16,16,16,16,16,16,16,16,16,16
550314,1,1,22,22,22,22,22,22,22,22,22,22
550315,1,1,0,0,0,0,0,0,0,0,0,0
550315,2,1,0,0,0,0,0,0,0,0,0,0
550316,1,1,0,0,0,0,0,0,0,0,0,0
550316,2,1,0,0,0,0,0,0,0,0,0,0
550317,1,1,0,0,0,0,0,0,0,0,0,5
550318,0,1,22,26,27,16,16,0,21,17,16,0
550318,1,1,0,0,4,15,18,0,0,0,17,0
550319,1,1,0,0,0,0,0,0,0,0,0,0
550319,2,1,38,38,38,38,38,38,38,38,38,38
550320,0,1,16,16,16,16,16,16,16,16,16,16
550320,1,1,0,0,14,0,0,0,0,0,0,19
550323,1,1,7,7,7,7,7,7,7,7,7,7
550324,1,1,17,17,17,17,17,17,17,17,17,17
550325,1,1,0,0,0,0,0,0,0,0,0,0
550326,1,1,0,0,0,0,0,0,0,0,0,0
550327,1,1,18,18,18,18,18,18,18,18,18,18
550328,1,1,0,0,0,0,0,0,0,0,0,0