ST_CASE,VEH_NO,PER_NO,P1,P2,P3,P4,P5,P6,P7,P8,P9,P10
61133,2,1,0,0,0,0,0,0,0,0,0,0
61134,0,1,8,13,25,55,11,10,18,17,13,40
61134,1,1,22,0,0,0,16,0,26,0,8,0
61135,1,1,0,0,0,0,0,0,0,0,0,0
61135,2,1,0,0,0,0,0,0,0,0,0,0
61136,1,1,0,0,0,0,0,0,0,0,0,0
61137,1,1,20,20,20,20,20,20,20,20,20,20
61138,0,1,0,0,0,0,0,0,0,9,0,0
61138,0,2,0,0,0,0,0,0,0,0,0,0
61138,0,3,6,28,0,0,0,0,0,0,0,0
61138,0,4,0,19,0,0,0,0,0,0,19,0
61138,1,1,0,0,0,0,0,0,0,0,0,0
61138,2,1,0,0,0,0,0,0,0,0,0,0
61139,1,1,0,0,0,0,0,0,0,0,0,0
61139,2,1,0,0,0,0,0,0,0,0,0,0
61140,1,1,0,0,0,0,0,0,0,0,0,0
61140,2,1,0,0,0,0,0,0,0,0,16,0
61141,1,1,20,20,20,20,20,20,20,20,20,20
61142,0,1,0,0,0,0,0,0,0,0,0,0
61142,1,1,0,0,9,0,0,0,0,0,0,0
61143,1,1,0,0,0,0,0,0,0,0,0,0
61143,2,1,0,0,0,11,0,0,0,0,0,0
61144,1,1,17,17,17,17,17,17,17,17,17,17
61144,2,1,0,0,0,0,0,0,0,0,0,0
61146,1,1,33,26,23,0,16,0,13,6,3,21
61147,1,1,11,3,11,13,38,6,11,4,20,13
61148,1,1,0,0,0,0,0,0,0,0,0,0
61148,2,1,0,0,0,0,0,0,0,0,0,0
61149,0,1,0,0,0,0,0,0,0,0,0,0
61149,1,1,0,0,0,0,0,0,0,0,0,0
61150,0,1,32,0,27,58,7,18,7,0,33,0
61150,1,1,0,0,0,0,20,0,0,0,0,0
61150,2,1,0,0,0,0,0,11,0,0,0,0
61151,0,1,0,0,0,0,0,0,0,0,0,0
61151,1,1,0,0,0,0,0,0,0,0,0,0
61152,1,1,0,0,0,0,0,0,0,0,0,0
61153,1,1,0,0,0,0,0,0,0,0,6,0
61153,2,1,0,16,11,0,0,0,24,16,0,20
61153,3,1,0,0,0,0,0,0,0,0,0,0
61153,4,1,0,0,0,0,0,0,0,0,0,0
61154,0,1,0,0,0,0,0,0,0,0,0,0
61154,1,1,0,0,0,0,0,0,0,0,0,0
61155,0,1,0,0,0,0,0,0,0,0,0,0
61155,0,2,0,0,0,0,0,0,0,0,0,9
61155,0,3,0,0,0,0,0,0,0,17,33,0
61155,1,1,27,27,27,27,27,27,27,27,27,27
61156,1,1,0,0,0,0,0,0,0,0,0,0
61157,1,1,12,0,12,16,0,18,23,46,35,19
61158,0,1,15,0,0,0,0,0,34,0,0,0
61158,1,1,4,0,0,0,0,0,0,0,0,0
61159,1,1,19,19,19,19,19,19,19,19,19,19
61159,2,1,0,0,0,0,0,0,0,0,7,0
61160,0,1,0,0,0,0,0,0,0,0,0,0
61160,1,1,0,0,0,0,0,0,0,0,0,0
61161,1,1,8,8,8,8,8,8,8,8,8,8
61161,2,1,0,0,0,0,0,0,0,0,0,0
61162,1,1,0,0,0,0,5,0,5,16,0,0
61163,1,1,5,0,8,0,5,0,0,0,0,0
61164,1,1,0,0,0,0,9,0,0,0,0,0
61164,2,1,0,0,0,0,0,22,0,0,0,0
61165,1,1,14,25,12,28,19,11,0,25,8,10
61165,2,1,0,0,0,0,0,0,0,0,0,0
61165,3,1,0,0,0,0,0,0,0,0,0,0
61166,1,1,0,16,22,0,0,0,0,0,0,0
61167,1,1,0,0,0,0,0,0,0,0,0,0
61167,2,1,0,0,0,0,0,0,0,0,0,0
61168,1,1,16,16,16,16,16,16,16,16,16,16
61169,1,1,12,12,12,12,12,12,12,12,12,12
61169,2,1,0,0,0,0,0,0,0,0,0,0
61170,1,1,9,9,9,9,9,9,9,9,9,9
61171,1,1,19,19,0,0,15,0,0,22,0,0
61172,0,1,14,13,18,0,0,0,0,25,24,0
61172,1,1,0,0,0,0,0,10,0,0,0,0
61173,1,1,0,0,0,0,0,0,0,0,0,0
61173,2,1,0,0,0,0,0,0,0,0,0,0
61174,1,1,0,0,0,0,0,0,0,0,0,0
61175,1,1,25,25,25,25,25,25,25,25,25,25
61175,2,1,0,0,0,0,0,0,0,0,0,0
61176,0,1,0,0,0,0,0,0,0,0,0,0
61176,1,1,0,0,15,0,0,0,0,0,0,0
61176,2,1,9,0,9,0,0,0,0,0,0,0
61177,1,1,8,8,8,8,8,8,8,8,8,8
61177,2,1,5,46,9,0,13,18,14,5,0,0
61178,0,1,0,0,0,42,19,0,23,0,19,0
61178,1,1,0,0,0,0,0,0,18,0,0,0
61178,2,1,0,0,0,0,0,0,0,0,0,0
61179,1,1,0,0,0,0,0,0,0,0,0,0
61179,2,1,0,0,0,8,0,0,0,0,0,0
61180,1,1,17,14,11,9,5,13,12,25,6,14
61180,2,1,0,0,0,0,14,0,0,13,0,0
61181,1,1,0,0,0,0,0,0,0,0,0,0
61181,2,1,0,0,0,0,0,0,0,0,0,0
61182,1,1,7,7,7,7,7,7,7,7,7,7
61182,2,1,0,0,0,0,0,0,0,0,0,0
61183,1,1,0,0,0,0,0,0,0,0,0,0
61183,2,1,0,0,0,0,0,27,0,0,0,0
61184,1,1,0,0,0,0,28,0,0,0,0,0
61184,2,1,0,0,0,0,0,0,0,0,0,0
61185,1,1,16,16,16,16,16,16,16,16,16,16
61186,1,1,18,18,18,18,18,18,18,18,18,18
61186,2,1,0,0,0,0,0,0,0,0,0,0
61187,1,1,8,8,10,24,13,6,20,30,0,0
61188,1,1,11,11,11,11,11,11,11,11,11,11
61189,1,1,0,0,0,0,0,0,0,0,0,0
61189,2,1,0,0,0,0,0,0,0,0,0,0
61190,0,1,0,0,0,0,0,0,0,0,0,0
61190,1,1,7,7,7,7,7,7,7,7,7,7
61191,1,1,0,12,0,21,11,0,0,0,0,0
61192,1,1,21,21,21,21,21,21,21,21,21,21
61193,1,1,0,0,0,0,0,0,0,0,0,0
61193,2,1,0,0,24,0,0,0,21,18,0,0
61194,1,1,0,0,0,0,18,0,0,0,0,0
61195,1,1,2,5,0,0,33,25,0,0,0,0
61195,2,1,0,0,0,0,0,0,0,0,0,0
61196,1,1,0,0,0,0,0,0,0,0,0,0
61196,2,1,0,0,0,0,0,0,18,0,0,0
61197,1,1,32,32,32,32,32,32,32,32,32,32
61198,0,1,0,0,0,0,0,0,0,0,0,0
61198,1,1,0,25,0,0,0,0,0,0,0,0
61199,1,1,0,0,0,0,0,0,0,0,0,0
61199,2,1,0,0,0,0,0,0,0,0,4,0
61200,1,1,0,0,0,0,0,0,0,0,0,0
61200,2,1,0,0,0,0,0,0,0,4,0,0
61200,3,1,0,0,0,0,0,0,0,0,0,0
61201,1,1,0,0,0,0,0,11,0,0,0,0
61201,2,1,0,0,0,0,0,0,0,0,0,0
61202,1,1,0,0,0,0,0,0,0,0,0,0
61202,2,1,0,0,0,0,0,0,0,0,0,0
61203,0,1,13,13,13,13,13,13,13,13,13,13
61203,1,1,14,15,4,0,9,19,5,0,15,23
61204,1,1,19,0,12,19,17,18,0,15,0,0
61204,2,1,0,0,0,0,0,0,0,0,0,0
61204,3,1,0,0,14,0,0,0,0,0,0,0
61205,1,1,0,0,0,0,0,0,0,0,0,0
61205,2,1,0,0,0,0,0,0,0,0,0,0
61205,3,1,0,0,0,0,0,0,0,0,0,0
61206,1,1,0,0,0,0,0,0,0,0,0,0
61206,2,1,0,0,5,0,5,0,0,0,0,0
61207,1,1,0,0,0,0,0,0,0,0,0,0
61208,1,1,0,0,0,0,0,0,0,0,0,0
61208,2,1,0,0,0,0,0,0,0,0,0,0
61209,1,1,0,0,0,0,0,0,0,0,0,0
61209,2,1,15,0,0,0,0,0,0,0,0,0
61210,1,1,0,0,0,0,0,0,0,0,0,0
61211,1,1,16,16,16,16,16,16,16,16,16,16
61212,0,1,19,19,19,19,19,19,19,19,19,19
61212,1,1,0,0,0,0,0,0,0,0,0,0
61213,0,1,0,0,0,0,0,0,0,20,16,26
61213,1,1,0,0,0,0,0,0,0,0,0,0
61214,1,1,0,0,26,13,12,11,0,0,26,13
61215,1,1,0,0,0,0,0,0,0,0,0,0
61215,2,1,0,0,0,0,0,0,0,0,0,5
61216,1,1,0,0,0,0,0,0,0,0,0,0
61217,1,1,0,0,0,0,0,0,0,0,0,0
61218,1,1,25,25,25,25,25,25,25,25,25,25
61218,2,1,0,0,0,0,0,0,0,0,0,0
61219,0,1,33,33,33,33,33,33,33,33,33,33
61219,1,1,0,0,0,0,0,0,0,0,0,0
61220,1,1,28,28,28,28,28,28,28,28,28,28
61220,2,1,0,15,13,0,13,0,14,9,0,35
61221,1,1,29,29,29,29,29,29,29,29,29,29
61221,2,1,0,0,0,0,0,0,0,0,0,0
61222,1,1,0,0,0,0,0,0,0,0,0,0
61223,1,1,28,28,28,28,28,28,28,28,28,28
61223,2,1,0,0,0,0,0,0,0,0,0,0
61224,1,1,15,18,0,8,24,15,11,0,25,14
61224,2,1,0,0,0,0,0,0,0,0,0,0
61225,1,1,0,0,0,0,0,0,0,0,0,0
61226,1,1,0,0,0,0,0,0,0,0,0,0
61226,2,1,0,0,0,0,0,0,0,0,0,0
61227,1,1,22,22,22,22,22,22,22,22,22,22
61228,1,1,0,0,0,0,0,0,0,0,0,0
61229,1,1,13,13,13,13,13,13,13,13,13,13
61230,1,1,0,0,0,0,0,0,0,0,0,0
61230,2,1,0,0,0,0,0,0,0,0,0,0
61230,3,1,0,0,0,0,0,0,0,0,0,0
61231,1,1,0,0,0,0,0,0,0,0,0,0
61231,2,1,0,0,0,0,0,0,0,0,0,0
61232,1,1,0,0,0,0,0,0,0,0,0,0
61232,2,1,0,0,0,0,0,0,0,0,0,0
61233,1,1,0,0,0,0,0,0,0,0,0,0
61233,2,1,0,0,0,0,0,0,0,0,0,0
61234,1,1,0,0,0,0,0,0,0,0,0,0
61235,1,1,17,17,17,17,17,17,17,17,17,17
61236,1,1,22,22,22,22,22,22,22,22,22,22
61236,2,1,3,9,13,29,5,25,11,20,19,8
61237,0,1,0,0,0,0,0,0,0,0,0,0
61237,1,1,0,0,0,0,0,0,0,0,0,0
61238,1,1,0,0,0,0,0,16,0,0,0,0
61239,1,1,0,0,0,0,0,0,0,0,0,0
61240,1,1,8,8,8,8,8,8,8,8,8,8
61241,1,1,17,16,13,29,11,15,16,33,19,0
61242,0,1,0,0,0,0,0,0,0,0,0,0
61242,1,1,0,0,0,0,0,0,0,0,0,0
61243,0,1,0,0,0,0,0,0,0,0,0,0
61243,1,1,0,0,0,0,0,0,0,0,0,0
61244,0,1,26,26,26,26,26,26,26,26,26,26
61244,1,1,0,0,0,0,24,0,0,0,0,0
61244,2,1,0,6,0,24,0,12,0,0,0,7
61244,3,1,19,0,0,0,25,0,0,0,0,0
61245,0,1,0,0,0,0,0,0,0,0,0,0
61245,0,2,0,19,11,17,0,8,0,30,31,20
61245,1,1,0,0,0,0,0,0,0,0,0,0
61246,0,1,0,0,0,0,0,0,0,0,0,0
61246,1,1,0,0,0,0,0,0,0,0,0,0
61247,1,1,0,0,0,0,0,0,0,0,0,0
61247,2,1,0,0,0,0,0,0,0,0,0,0
61248,1,1,19,19,19,19,19,19,19,19,19,19
61248,2,1,0,0,0,0,0,0,0,0,0,0
61249,1,1,0,19,0,0,0,0,0,0,19,29
61250,1,1,20,20,20,20,20,20,20,20,20,20
61250,2,1,0,0,0,0,0,0,0,0,0,0
61251,0,1,2,2,2,2,2,2,2,2,2,2
61251,1,1,0,0,0,0,0,0,0,0,0,0
61252,1,1,17,15,17,0,9,22,24,16,0,17
61253,1,1,0,0,16,0,0,0,0,0,0,0
61254,0,1,3,3,3,3,3,3,3,3,3,3
61254,1,1,0,0,0,0,0,0,0,0,0,0
61255,1,1,0,0,0,0,0,0,0,0,0,0
61256,1,1,0,0,0,0,0,0,0,0,0,0
61256,2,1,0,0,0,0,0,0,0,0,0,0
61257,1,1,18,18,18,18,18,18,18,18,18,18
61258,0,1,0,0,0,0,0,0,0,0,0,0
61258,1,1,8,8,8,8,8,8,8,8,8,8
61259,0,1,0,19,4,0,0,9,0,0,0,0
61259,1,1,0,0,0,0,0,0,0,0,0,0
61259,2,1,0,0,0,0,0,0,0,0,0,0
61260,0,1,24,24,24,24,24,24,24,24,24,24
61260,1,1,0,0,0,0,0,0,0,0,0,0
61261,0,1,0,0,0,0,0,0,0,0,0,0
61261,1,1,0,0,0,0,0,0,0,0,0,0
61261,2,1,0,0,0,0,0,16,0,0,0,0
61262,1,1,0,0,0,0,0,0,0,0,0,0
61262,2,1,0,0,0,0,0,0,0,0,0,0
61263,1,1,0,7,0,0,0,9,0,0,0,0
61264,0,1,30,18,21,0,0,0,0,0,19,12
61264,1,1,0,0,0,0,0,0,0,0,0,0
61265,0,1,0,0,0,0,0,0,0,0,0,0
61265,1,1,0,0,0,0,0,0,0,0,0,0
61266,0,1,24,30,23,0,54,17,16,14,25,13
61267,1,1,20,20,20,20,20,20,20,20,20,20
61268,0,1,0,0,0,0,0,0,0,0,0,0
61268,1,1,0,0,0,0,0,14,16,9,0,0
61269,0,1,27,0,0,0,0,0,22,16,15,0
61269,1,1,0,10,0,0,26,0,0,0,3,0
61270,1,1,0,0,0,0,0,0,0,0,0,0
61270,2,1,0,0,0,0,0,0,0,0,0,0
61270,3,1,0,0,0,0,0,0,0,0,0,0
61271,1,1,15,0,0,0,0,39,0,0,0,0
61272,1,1,0,0,0,0,26,0,0,0,0,11
61272,2,1,0,0,0,0,0,0,0,0,0,0
61273,0,1,0,0,0,0,0,0,0,0,0,0
61273,1,1,0,0,0,0,0,0,0,0,0,0
61274,0,1,14,14,14,14,14,14,14,14,14,14
61274,1,1,0,0,0,0,0,0,0,0,0,0
61275,1,1,0,0,0,0,0,0,0,0,0,0
61275,2,1,0,0,0,0,0,0,0,0,0,0
61275,3,1,0,0,0,0,0,0,0,0,0,0
61275,4,1,0,0,0,0,0,0,0,13,3,0
61276,1,1,0,0,0,0,0,0,0,0,0,0
61276,2,1,0,0,0,0,0,0,0,0,0,0
61277,1,1,28,28,28,28,28,28,28,28,28,28
61277,2,1,0,0,0,0,0,0,0,0,0,0
61277,3,1,0,0,0,0,0,8,0,0,0,0
61278,1,1,19,19,19,19,19,19,19,19,19,19
61279,1,1,0,0,0,0,0,0,0,0,0,0
61280,1,1,0,0,31,0,29,0,0,21,0,0
61281,0,1,0,0,0,0,24,24,0,0,0,28
61281,1,1,18,18,18,18,18,18,18,18,18,18
61282,1,1,0,0,0,0,0,0,0,0,0,0
61282,2,1,18,0,0,0,0,10,0,0,0,0
61282,3,1,0,0,0,0,0,0,0,0,0,0
61283,0,1,0,0,0,0,0,0,0,0,0,0
61283,1,1,0,0,0,0,0,0,0,0,0,0
61284,0,1,21,0,19,0,0,0,0,0,0,0
61284,1,1,0,0,0,0,0,0,0,0,0,0
61285,0,1,0,0,4,0,0,0,0,30,0,0
61285,1,1,0,0,0,0,0,0,4,0,0,0
61285,3,1,0,0,0,0,0,0,0,0,0,0
61286,1,1,0,0,0,0,0,0,0,0,0,0
61286,2,1,0,0,0,0,0,0,0,0,0,0
61287,0,1,0,0,0,0,0,0,0,0,0,0
61287,1,1,0,0,0,0,0,0,0,0,0,0
61287,2,1,0,0,0,21,0,0,0,0,0,0
61288,1,1,0,0,0,0,0,0,0,0,0,0
61288,2,1,0,0,0,12,0,0,0,0,0,0
61289,0,1,16,16,16,16,16,16,16,16,16,16
61289,1,1,0,0,0,0,0,0,0,0,0,0
61290,1,1,0,0,11,0,0,0,35,0,0,0
61290,2,1,0,0,0,0,17,0,0,0,0,0
61291,1,1,0,0,0,0,0,0,0,0,0,0
61291,2,1,0,0,0,0,0,0,0,0,0,0
61292,0,1,0,0,0,0,0,0,0,0,0,0
61292,1,1,0,38,0,0,0,0,0,0,0,0
61293,1,1,0,0,0,0,0,6,0,17,0,0
61293,2,1,0,0,0,0,0,0,0,0,0,0
61294,1,1,16,16,16,16,16,16,16,16,16,16
61295,1,1,0,0,0,0,0,0,0,0,0,0
61296,1,1,0,0,0,0,0,0,0,0,0,0
61297,1,1,0,12,13,13,15,19,0,0,0,0
61297,2,1,0,0,0,0,0,0,0,0,0,0
61298,1,1,20,0,0,0,0,0,0,0,0,0
61298,2,1,0,0,0,0,0,0,0,0,0,0
61299,1,1,0,0,0,0,0,0,0,0,0,0
61299,2,1,0,0,0,0,0,0,0,0,0,0
61300,1,1,0,0,0,0,0,0,0,0,0,0
61300,2,1,14,14,14,14,14,14,14,14,14,14
61300,3,1,0,6,0,7,0,0,0,0,0,0
61301,1,1,0,0,0,0,0,0,21,11,0,0
61302,0,1,0,0,0,0,0,23,0,0,0,0
61302,1,1,0,0,0,0,0,0,0,0,16,0
61303,1,1,0,0,0,0,0,0,0,0,0,0
61303,2,1,0,0,0,0,0,0,0,0,0,0
61304,1,1,0,0,0,0,0,0,0,0,0,0
61305,0,1,0,0,0,0,0,0,0,0,0,0
61305,1,1,0,0,0,0,0,0,0,0,0,0
61306,1,1,0,0,0,0,0,0,0,0,0,0
61306,2,1,0,0,0,0,0,0,0,0,0,0
61306,3,1,0,0,0,0,0,0,0,0,0,0
61307,1,1,0,0,21,0,0,0,31,17,0,0
61307,2,1,0,0,0,0,0,0,0,0,0,0
61308,1,1,0,0,0,0,0,0,0,0,0,0
61309,0,1,30,30,30,30,30,30,30,30,30,30
61309,1,1,0,0,10,0,3,0,0,0,0,0
61310,1,1,0,0,0,0,0,0,0,0,0,0
61310,2,1,0,0,0,0,0,0,0,0,0,0
61311,1,1,10,10,10,10,10,10,10,10,10,10
61311,2,1,0,0,0,0,0,0,0,0,20,0
61312,1,1,0,0,0,0,0,0,0,0,0,0
61313,1,1,0,0,0,0,0,0,0,0,0,0
61313,2,1,0,0,0,0,0,0,0,0,0,0
61313,3,1,0,0,0,0,0,0,0,0,0,0
61313,4,1,0,0,0,0,0,0,9,0,0,0
61315,1,1,0,0,0,0,0,0,0,0,0,0
61315,2,1,0,0,0,0,0,0,0,0,0,0
61315,3,1,0,0,0,0,0,18,0,0,0,0
61315,4,1,0,0,25,0,2,0,22,0,0,2
61316,1,1,0,0,0,0,0,0,0,0,0,0
61317,1,1,0,16,0,0,0,0,32,0,26,0
61318,1,1,16,21,36,16,15,26,17,21,0,8
61319,1,1,0,0,0,0,0,0,0,0,0,0
61319,2,1,0,0,0,0,0,0,0,0,0,0
61320,0,1,0,0,0,0,0,0,0,0,0,0
61320,1,1,0,0,0,0,0,0,0,0,0,0
61321,0,1,35,35,35,35,35,35,35,35,35,35
61321,1,1,0,0,0,5,0,20,0,0,0,0
61322,1,1,29,0,0,0,0,0,0,3,0,0
61323,1,1,20,20,20,20,20,20,20,20,20,20
61324,1,1,21,21,21,21,21,21,21,21,21,21
61325,1,1,23,23,23,23,23,23,23,23,23,23
61325,2,1,0,0,0,0,0,0,0,0,0,0
61325,3,1,0,0,0,0,0,0,0,0,0,0
61326,1,1,0,0,0,0,0,0,0,0,0,0
61327,0,1,0,0,0,0,0,0,0,0,0,0
61327,1,1,0,0,0,0,0,0,0,0,0,0
61328,1,1,12,10,0,0,18,14,10,0,18,0
61329,1,1,0,0,0,0,0,0,0,0,0,0
61330,1,1,0,0,0,0,0,0,0,0,0,0
61331,0,1,0,0,0,0,0,0,0,0,0,0
61331,0,2,0,0,0,0,0,0,0,0,0,0
61331,1,1,6,0,0,0,13,0,0,0,0,0
61332,1,1,0,0,24,0,0,0,0,23,0,0
61332,2,1,0,0,0,0,0,0,0,0,18,0
61333,0,1,0,0,0,0,0,0,0,0,0,0
61333,0,2,0,0,0,0,0,0,0,0,0,0
61333,2,1,0,0,0,0,0,13,0,0,0,0
61333,3,1,0,0,0,0,10,0,0,0,0,0
61334,1,1,0,0,0,0,0,16,0,0,0,0
61334,2,1,0,0,0,0,0,0,0,0,0,0
61335,1,1,0,0,13,0,5,0,0,0,7,11
61336,1,1,0,0,0,0,0,0,0,0,0,0
61336,2,1,0,0,0,0,0,0,0,0,0,0
61337,1,1,0,0,0,0,0,0,9,0,0,0
61337,2,1,0,0,0,0,0,0,0,0,0,0
61337,3,1,0,0,0,22,0,0,0,0,0,0
61338,1,1,0,0,0,0,0,0,0,0,0,0
61339,0,1,3,3,3,3,3,3,3,3,3,3
61339,1,1,7,7,7,7,7,7,7,7,7,7
61340,1,1,0,0,0,0,12,0,0,0,8,0
61341,1,1,0,0,0,0,0,0,0,0,0,0
61341,2,1,0,0,0,0,0,0,0,0,0,0
61341,3,1,0,0,0,0,0,0,0,0,0,0
61342,1,1,14,14,0,0,0,15,0,24,0,21
61342,2,1,0,0,0,0,0,12,0,0,0,0
61343,1,1,7,7,7,7,7,7,7,7,7,7
61344,1,1,0,0,0,0,0,0,0,0,0,0
61344,2,1,0,0,0,0,0,0,0,0,0,0
61344,3,1,0,0,0,0,0,0,0,0,0,0
61345,1,1,29,29,29,29,29,29,29,29,29,29
61346,1,1,0,0,0,0,0,0,0,0,0,0
61347,1,1,0,0,16,12,0,0,0,0,18,30
61347,2,1,0,0,0,0,0,0,0,0,0,0
61348,0,1,9,9,9,9,9,9,9,9,9,9
61348,1,1,0,0,0,0,0,11,0,0,0,0
61349,1,1,0,16,0,8,0,4,17,9,0,35
61350,1,1,0,0,0,0,0,0,0,0,0,0
61350,2,1,0,0,0,0,0,0,0,4,0,0
61350,3,1,0,0,0,0,8,0,0,0,0,0
61351,1,1,19,19,19,19,19,19,19,19,19,19
61352,1,1,0,0,0,0,0,0,0,0,0,0
61352,2,1,0,0,0,0,0,0,0,0,0,0
61353,0,1,17,17,17,17,17,17,17,17,17,17
61353,1,1,0,0,0,15,0,0,0,0,0,0
61354,0,1,0,0,0,0,0,0,0,0,0,0
61354,1,1,0,13,0,0,0,0,0,0,0,0
61355,1,1,0,0,0,0,0,0,0,0,0,0
61355,2,1,0,0,0,0,0,0,0,0,0,0
61355,3,1,0,0,0,0,0,0,0,0,0,0
61356,1,1,0,0,0,0,0,0,0,0,0,0
61356,2,1,0,0,0,0,0,0,0,0,0,0
61357,0,1,0,17,35,0,0,0,0,23,0,0
61357,1,1,16,0,19,7,13,21,10,10,5,16
61358,1,1,0,9,37,0,0,0,0,0,0,0
61359,1,1,0,0,0,0,0,0,0,0,0,0
61359,2,1,0,0,0,0,0,0,0,0,0,0
61360,1,1,0,0,0,0,0,0,0,0,0,0
61360,2,1,0,0,0,0,0,0,0,0,0,0
61361,0,1,0,0,0,0,0,0,0,0,0,0
61361,1,1,0,0,0,0,24,0,0,0,0,0
61362,1,1,11,11,11,11,11,11,11,11,11,11
61363,1,1,0,0,0,0,0,0,0,0,0,0
61363,2,1,0,0,0,0,20,0,0,0,5,0
61364,1,1,0,0,0,0,0,0,0,0,0,0
61364,2,1,0,0,0,0,0,0,0,0,0,0
61365,0,1,35,35,35,35,35,35,35,35,35,35
61365,1,1,0,0,0,0,0,0,0,0,0,0
61366,1,1,0,0,0,0,0,0,0,0,0,0
61366,2,1,0,0,0,0,0,0,0,0,0,0
61367,1,1,0,0,0,0,0,0,0,0,0,0
61367,2,1,0,0,0,0,0,0,0,0,0,0
61368,1,1,24,24,24,24,24,24,24,24,24,24
61368,2,1,0,0,0,0,0,0,0,0,0,0
61369,1,1,16,14,27,15,7,15,6,31,10,14
61370,1,1,18,18,18,18,18,18,18,18,18,18
61370,2,1,0,0,0,0,0,0,0,0,0,0
61371,1,1,0,0,0,0,0,0,0,0,0,0
61372,1,1,32,32,32,32,32,32,32,32,32,32
61372,2,1,0,19,0,0,0,0,0,0,0,0
61372,3,1,25,5,0,0,0,7,11,0,0,21
61372,4,1,0,0,0,26,10,0,0,0,0,0
61372,5,1,0,0,0,19,0,10,0,0,11,0
61373,1,1,23,23,23,23,23,23,23,23,23,23
61373,2,1,0,0,0,0,0,0,0,0,0,0
61373,3,1,0,0,0,0,0,0,0,0,0,0
61373,4,1,0,0,0,0,0,0,0,0,0,0
61373,5,1,0,0,0,0,0,0,0,0,0,0
61374,1,1,0,0,0,0,0,0,0,0,0,0
61374,2,1,0,0,0,0,0,0,0,0,0,0
61375,1,1,21,21,21,21,21,21,21,21,21,21
61376,1,1,0,0,0,0,0,0,0,0,0,0
61377,1,1,0,0,0,0,0,0,0,0,0,0
61378,1,1,0,0,0,0,0,0,0,0,0,0
61378,2,1,0,0,0,0,15,0,0,0,0,0
61379,1,1,43,43,43,43,43,43,43,43,43,43
61380,1,1,0,0,0,0,0,0,0,0,0,18
61381,0,1,0,0,0,0,0,0,0,0,0,0
61381,1,1,0,0,0,0,0,0,0,0,0,0
61382,1,1,14,14,14,14,14,14,14,14,14,14
61382,2,1,0,0,0,0,0,0,0,0,0,0
61383,0,1,0,0,0,0,0,0,0,0,0,0
61383,1,1,0,0,0,0,0,0,0,16,0,0
61384,0,1,0,0,0,0,0,0,0,0,0,0
61384,1,1,22,0,0,0,14,0,15,12,0,17
61385,1,1,0,0,0,0,0,0,0,0,0,0
61385,2,1,0,0,0,0,0,0,0,0,0,0
61386,1,1,0,0,0,0,0,0,0,0,0,0
61387,0,1,28,28,28,28,28,28,28,28,28,28
61387,1,1,0,0,0,0,0,0,24,0,0,0
61388,1,1,0,0,0,0,0,0,0,0,0,0
61388,2,1,0,0,0,0,0,0,0,0,0,0
61389,1,1,0,0,0,0,0,0,0,0,0,0
61390,1,1,0,0,0,0,0,0,0,0,0,0
61390,2,1,0,0,0,0,0,0,0,0,0,0
61391,0,1,11,11,11,11,11,11,11,11,11,11
61391,1,1,5,6,30,17,15,16,24,0,22,22
61392,1,1,0,0,0,0,0,0,0,0,0,0
61392,2,1,0,18,20,0,10,11,5,17,12,5
61393,1,1,12,12,12,12,12,12,12,12,12,12
61393,2,1,0,0,0,0,0,0,0,0,0,0
61394,1,1,0,0,0,0,0,0,0,0,0,0
61395,1,1,0,0,0,0,0,0,0,0,0,0
61396,1,1,12,12,12,12,12,12,12,12,12,12
61397,0,1,43,43,43,43,43,43,43,43,43,43
61397,1,1,0,0,0,0,0,0,0,0,0,0
61398,1,1,0,0,0,0,0,0,0,0,0,0
61398,2,1,0,0,0,0,0,0,0,0,0,0
61399,1,1,19,19,19,19,19,19,19,19,19,19
61400,1,1,9,9,9,9,9,9,9,9,9,9
61401,1,1,8,8,8,8,8,8,8,8,8,8
61401,2,1,0,0,0,0,0,0,0,0,0,0
61402,0,1,18,14,35,0,8,0,5,6,25,18
61402,1,1,0,0,0,0,0,0,0,0,0,0
61403,1,1,0,0,0,0,0,0,0,0,0,0
61404,0,1,0,0,15,10,15,9,0,24,27,0
61404,1,1,0,0,0,0,0,0,0,0,0,0
61405,1,1,0,0,0,0,0,0,0,0,0,0
61406,0,1,0,0,0,0,0,0,0,0,0,0
61406,1,1,0,0,0,0,0,13,0,0,0,0
61407,1,1,0,0,24,0,25,23,18,0,0,0
61408,1,1,0,0,0,0,0,0,0,0,0,0
61409,1,1,21,21,21,21,21,21,21,21,21,21
61410,1,1,0,0,0,0,0,0,0,0,0,0
61411,1,1,0,0,0,0,0,0,0,0,0,0
61412,1,1,20,20,20,20,20,20,20,20,20,20
61413,1,1,0,2,4,0,0,0,0,23,28,0