ST_CASE,VEH_NO,PER_NO,P1,P2,P3,P4,P5,P6,P7,P8,P9,P10
61414,1,1,0,0,5,11,25,9,23,16,0,10
61415,0,1,0,0,0,0,0,0,0,0,0,0
61415,1,1,0,0,0,0,0,0,0,0,0,0
61416,0,1,0,0,0,0,0,0,0,0,0,0
61416,1,1,0,0,13,0,0,0,0,0,0,0
61417,1,1,0,0,0,0,0,0,0,0,0,0
61418,1,1,0,0,0,0,0,0,0,0,0,0
61418,2,1,0,0,0,0,0,23,0,0,0,0
61419,0,1,0,0,0,0,0,0,0,0,0,0
61419,1,1,0,0,0,0,0,0,0,0,0,0
61420,0,1,42,42,42,42,42,42,42,42,42,42
61420,1,1,0,7,9,18,10,22,0,21,12,0
61421,0,1,0,0,0,0,0,0,0,0,0,0
61421,1,1,0,0,0,0,0,0,0,0,0,26
61422,0,1,0,0,0,0,0,0,0,0,0,0
61422,1,1,0,0,0,0,0,0,0,0,0,0
61423,0,1,0,0,0,0,0,0,0,0,0,0
61423,1,1,0,0,0,0,25,0,0,20,0,14
61424,1,1,11,7,7,7,8,10,18,14,16,8
61424,2,1,0,0,0,0,0,0,12,0,0,0
61425,1,1,0,0,0,6,0,0,15,0,0,0
61426,1,1,0,0,0,0,0,0,0,0,0,0
61426,2,1,0,0,0,0,0,0,0,0,0,0
61427,1,1,0,0,0,0,0,0,0,0,0,0
61427,2,1,0,0,0,0,0,0,0,0,0,0
61428,1,1,0,0,0,0,0,0,0,0,0,0
61428,2,1,0,0,0,0,0,0,0,0,0,0
61429,1,1,18,5,29,32,29,14,26,10,17,19
61430,1,1,7,7,7,7,7,7,7,7,7,7
61430,2,1,0,0,0,0,11,0,0,0,0,0
61430,3,1,23,0,0,0,0,0,0,15,0,0
61431,1,1,0,0,0,0,0,0,21,0,6,0
61432,1,1,20,19,19,29,8,21,24,21,0,0
61433,1,1,0,0,0,0,0,0,0,0,0,0
61433,2,1,0,3,0,0,0,0,0,0,0,0
61433,3,1,0,0,0,0,0,0,0,0,0,0
61434,1,1,0,0,0,0,3,0,0,19,0,0
61434,2,1,0,0,0,0,0,0,0,0,0,0
61435,1,1,0,0,0,0,0,0,0,0,0,0
61436,1,1,14,25,44,21,22,22,21,8,0,0
61438,1,1,26,13,26,15,8,11,16,0,8,0
61438,2,1,0,32,0,0,0,0,0,0,0,0
61439,1,1,0,0,0,0,0,0,0,0,0,0
61439,2,1,0,0,0,0,0,0,0,0,0,0
61439,3,1,0,0,0,0,0,0,0,0,0,0
61440,1,1,5,5,5,5,5,5,5,5,5,5
61441,1,1,0,0,0,0,0,0,0,0,0,0
61442,1,1,0,0,0,0,0,0,0,0,0,0
61442,2,1,0,0,0,0,0,0,0,0,0,0
61443,1,1,13,13,13,13,13,13,13,13,13,13
61444,1,1,0,0,0,0,0,0,0,0,0,0
61444,2,1,0,0,0,0,0,0,0,0,0,0
61444,3,1,0,0,0,0,0,0,0,0,0,0
61445,1,1,0,0,0,0,0,0,0,0,0,0
61445,2,1,0,0,0,0,0,0,0,0,0,0
61445,3,1,0,0,0,0,0,5,0,0,0,0
61445,4,1,0,0,0,0,0,0,0,0,0,0
61445,5,1,0,15,0,0,0,0,0,0,0,29
61446,1,1,0,0,0,0,0,0,0,0,0,0
61446,2,1,0,0,0,0,0,0,0,0,0,0
61447,1,1,0,0,0,0,0,0,0,0,0,0
61447,2,1,0,0,0,0,0,0,0,0,0,0
61448,1,1,0,0,0,0,0,14,0,0,0,16
61449,1,1,12,5,6,0,0,0,0,11,6,0
61449,2,1,0,0,0,0,0,0,0,0,0,0
61450,0,1,0,0,0,0,0,0,0,0,0,0
61450,1,1,8,0,0,0,0,0,0,14,0,8
61451,1,1,0,0,0,0,0,0,0,0,0,0
61452,0,1,0,0,0,0,0,0,0,0,0,0
61452,1,1,24,0,0,20,0,0,0,18,15,5
61453,1,1,0,0,0,0,0,0,0,0,0,0
61453,2,1,0,0,0,0,0,0,0,0,0,0
61454,0,1,15,15,15,15,15,15,15,15,15,15
61454,1,1,26,26,26,26,26,26,26,26,26,26
61455,1,1,0,0,0,0,37,0,0,0,0,0
61455,2,1,3,0,0,0,0,0,0,0,0,0
61456,1,1,30,18,16,15,5,37,13,13,3,6
61456,2,1,0,0,0,0,0,0,0,0,0,0
61456,3,1,0,0,0,0,0,0,0,0,0,0
61457,1,1,0,0,0,0,0,0,0,0,0,0
61457,2,1,0,0,0,0,0,0,0,0,0,0
61458,1,1,0,11,0,0,0,0,0,0,0,0
61459,0,1,0,0,0,0,0,0,0,0,0,0
61459,1,1,0,0,0,0,0,0,0,0,0,0
61460,1,1,0,0,6,0,0,0,0,0,0,0
61460,2,1,0,0,0,0,0,0,0,0,0,0
61461,1,1,36,36,36,36,36,36,36,36,36,36
61461,2,1,0,0,0,0,0,0,0,0,0,0
61462,1,1,7,7,7,7,7,7,7,7,7,7
61463,1,1,12,20,14,0,16,14,9,5,18,14
61464,1,1,18,0,0,0,13,0,44,0,18,0
61464,2,1,0,0,0,0,0,0,0,0,4,0
61465,1,1,0,0,0,0,0,0,0,0,0,0
61465,2,1,0,0,2,0,0,0,0,0,0,0
61466,0,1,27,27,27,27,27,27,27,27,27,27
61466,1,1,0,0,0,0,0,0,0,0,0,0
61467,1,1,17,17,17,17,17,17,17,17,17,17
61467,2,1,0,0,0,0,0,0,0,0,0,0
61468,1,1,0,0,0,0,0,0,0,0,0,0
61468,2,1,0,0,0,0,0,0,0,0,0,0
61469,1,1,0,0,0,0,0,0,0,0,0,0
61470,1,1,0,19,15,26,0,0,0,0,0,0
61470,2,1,0,11,0,15,0,0,0,0,0,0
61470,3,1,10,0,0,0,0,15,0,0,0,0
61471,1,1,0,0,0,0,0,0,0,0,0,0
61472,2,1,0,9,18,0,0,0,0,15,0,0
61473,0,1,0,0,0,0,0,0,0,0,0,0
61473,1,1,0,0,0,0,0,0,0,0,0,0
61474,1,1,18,18,18,18,18,18,18,18,18,18
61475,0,1,0,0,0,0,0,0,0,0,0,0
61475,1,1,0,0,0,0,26,0,0,20,0,0
61476,1,1,0,0,0,0,0,0,0,0,0,0
61476,2,1,0,0,0,0,0,0,0,0,0,0
61477,0,1,0,0,18,22,0,0,26,0,14,0
61477,1,1,31,0,0,5,0,8,22,0,0,16
61478,0,1,2,2,2,2,2,2,2,2,2,2
61478,1,1,0,4,0,0,0,0,0,0,0,0
61479,0,1,0,0,0,0,0,0,0,0,0,0
61479,1,1,0,0,0,0,0,0,0,0,0,0
61480,0,1,0,0,6,0,0,22,0,0,0,0
61480,1,1,0,0,0,3,0,0,0,0,0,0
61481,0,1,0,0,0,0,0,0,0,0,0,0
61481,1,1,25,9,16,14,25,0,7,0,11,19
61483,1,1,0,0,0,0,0,0,0,0,0,0
61484,1,1,0,0,6,0,0,0,6,0,0,0
61484,2,1,0,0,0,0,0,0,0,0,0,0
61485,1,1,0,0,0,0,0,0,0,0,0,0
61486,1,1,0,0,0,0,0,0,0,0,0,0
61486,2,1,0,0,0,0,0,0,0,0,0,0
61487,0,1,0,0,0,20,0,0,30,0,14,0
61487,1,1,0,0,0,0,0,0,0,0,0,0
61488,1,1,0,0,0,0,0,0,0,0,0,0
61488,2,1,0,0,0,0,0,0,0,0,0,0
61489,0,1,11,11,11,11,11,11,11,11,11,11
61489,1,1,18,0,0,0,0,0,0,0,0,0
61489,3,1,0,0,0,20,0,10,0,0,0,0
61490,0,1,0,30,26,0,0,21,0,29,0,6
61490,1,1,0,0,0,0,0,0,0,0,0,0
61491,1,1,11,11,11,11,11,11,11,11,11,11
61492,1,1,0,0,0,0,0,0,0,0,0,0
61493,1,1,0,0,0,0,0,0,0,0,0,0
61493,2,1,0,0,0,0,0,0,0,0,0,0
61494,1,1,0,0,0,0,0,0,0,0,0,0
61494,2,1,0,0,0,0,0,0,0,0,0,0
61495,1,1,20,20,20,20,20,20,20,20,20,20
61496,1,1,26,26,26,26,26,26,26,26,26,26
61496,2,1,0,0,0,0,0,0,0,0,0,0
61497,0,1,16,16,16,16,16,16,16,16,16,16
61497,1,1,0,0,0,0,0,0,0,0,0,0
61498,0,1,0,25,0,0,7,0,0,19,0,0
61498,1,1,28,24,22,28,0,0,11,52,5,0
61499,0,1,24,24,24,24,24,24,24,24,24,24
61499,1,1,0,4,12,42,0,12,34,0,31,0
61500,1,1,0,0,0,0,0,0,0,0,0,0
61501,0,1,24,12,19,29,0,29,20,12,26,26
61501,1,1,0,0,15,14,5,19,0,30,25,0
61502,0,1,0,13,0,0,0,19,0,0,0,0
61502,1,1,0,0,0,0,0,0,0,0,0,0
61503,0,1,0,0,0,0,0,0,0,0,0,0
61503,1,1,0,0,0,0,0,0,0,0,0,0
61504,0,1,42,0,12,0,21,0,0,0,28,26
61504,1,1,20,0,21,30,0,26,0,0,0,5
61505,0,1,0,0,0,0,0,0,0,0,0,0
61505,1,1,0,0,0,0,0,0,0,0,0,0
61506,0,1,17,19,22,21,14,29,27,0,34,21
61506,1,1,2,2,2,2,2,2,2,2,2,2
61507,0,1,16,18,21,23,3,22,5,7,9,31
61507,1,1,11,0,8,9,2,0,15,9,0,0
61508,0,1,41,41,41,41,41,41,41,41,41,41
61508,1,1,0,0,0,0,0,0,0,0,0,0
61509,1,1,0,15,0,0,5,17,20,0,26,0
61510,0,1,0,14,0,10,0,0,13,14,0,0
61510,1,1,0,0,0,0,0,0,0,0,0,0
61511,0,1,0,0,0,0,0,0,0,0,0,0
61511,1,1,0,0,0,0,0,0,0,0,0,0
61512,1,1,0,0,0,0,0,0,0,0,0,0
61512,2,1,0,0,0,13,0,0,0,0,0,0
61512,3,1,0,0,0,7,0,0,0,0,0,0
61513,1,1,0,0,0,0,0,0,0,0,0,0
61513,2,1,0,0,0,0,0,0,0,0,0,0
61514,0,1,3,3,3,3,3,3,3,3,3,3
61514,1,1,3,18,20,18,15,5,10,8,8,8
61515,0,1,0,0,0,0,0,0,0,0,0,0
61515,1,1,0,0,0,0,0,0,0,0,0,0
61516,1,1,0,0,0,0,0,0,0,0,0,0
61516,2,1,26,0,0,0,0,0,0,0,0,0
61517,1,1,0,0,0,0,0,0,0,0,0,0
61517,2,1,0,0,0,0,0,0,0,0,0,0
61518,0,1,0,0,0,0,0,0,0,0,0,0
61518,1,1,0,0,0,0,0,0,0,0,0,0
61519,1,1,0,0,0,0,0,0,0,0,0,0
61519,2,1,0,0,0,0,0,0,0,0,0,0
61520,0,1,0,0,0,0,0,0,0,0,0,0
61520,1,1,0,0,0,0,0,0,0,0,0,0
61521,1,1,0,0,0,0,0,0,0,8,0,5
61521,2,1,0,0,0,0,0,0,0,0,0,0
61521,3,1,4,0,0,0,18,0,0,17,0,18
61522,1,1,0,0,17,9,0,0,0,0,0,37
61522,2,1,0,0,0,0,0,0,0,0,0,0
61523,0,1,13,13,13,13,13,13,13,13,13,13
61523,1,1,12,24,18,7,0,8,14,19,11,4
61524,1,1,0,0,0,0,0,0,0,0,0,0
61524,2,1,0,0,0,0,0,0,5,0,0,0
61525,0,1,0,0,0,0,0,0,0,0,0,0
61525,1,1,0,0,0,0,0,0,0,12,0,0
61526,0,1,0,8,5,0,10,15,7,0,27,0
61526,1,1,0,0,0,0,10,0,25,18,0,0
61527,0,1,25,7,0,0,32,0,0,0,0,0
61527,1,1,0,0,0,0,0,0,0,0,0,0
61528,1,1,18,18,18,18,18,18,18,18,18,18
61528,2,1,0,0,0,0,0,0,0,0,0,0
61529,1,1,0,0,0,0,0,0,0,0,0,0
61529,2,1,0,0,0,0,0,0,0,0,0,0
61530,0,1,21,0,12,0,0,12,0,19,0,0
61530,0,2,0,0,0,0,0,26,0,0,0,0
61530,1,1,22,9,0,0,6,0,34,7,8,0
61531,1,1,0,0,0,0,0,0,0,0,0,21
61531,2,1,0,0,21,29,8,0,0,0,0,0
61532,1,1,0,0,0,0,0,0,0,0,0,0
61532,2,1,0,0,0,0,0,0,0,0,0,0
61533,1,1,0,0,0,0,0,0,0,0,0,0
61533,2,1,0,0,0,0,0,0,0,0,0,0
61534,0,1,0,0,0,0,0,0,0,0,0,0
61534,1,1,0,0,0,0,0,0,0,0,0,0
61535,1,1,0,0,0,0,0,0,0,0,0,0
61535,2,1,0,0,0,0,0,0,0,0,0,6
61536,1,1,0,0,0,0,5,0,0,0,0,0
61536,2,1,0,19,0,2,2,7,0,0,7,0
61537,1,1,7,7,7,7,7,7,7,7,7,7
61538,0,1,0,0,0,28,0,0,0,0,25,3
61538,1,1,0,0,0,0,0,0,0,0,0,0
61539,1,1,0,0,0,0,0,0,0,0,0,0
61539,2,1,0,0,0,0,8,10,0,0,0,0
61539,3,1,0,0,0,0,0,0,0,0,0,0
61539,4,1,0,0,0,0,0,0,0,0,0,0
61540,1,1,0,0,12,0,0,0,10,0,0,0
61540,2,1,0,0,0,0,0,0,0,0,0,0
61541,0,1,0,25,0,0,0,0,0,36,15,0
61541,1,1,14,14,14,14,14,14,14,14,14,14
61542,0,1,0,0,0,0,0,0,22,0,0,0
61542,1,1,0,0,0,0,0,0,0,0,0,26
61543,1,1,0,0,0,0,0,0,0,0,0,0
61543,2,1,0,0,0,0,0,0,0,0,0,0
61544,0,1,0,0,0,0,0,0,0,0,0,0
61544,1,1,0,0,0,0,0,0,0,0,0,0
61545,1,1,11,11,11,11,11,11,11,11,11,11
61545,2,1,0,0,0,0,0,0,0,0,0,0
61546,1,1,8,22,12,7,8,0,26,16,6,0
61547,1,1,0,0,11,0,0,0,0,0,0,0
61548,1,1,18,18,18,18,18,18,18,18,18,18
61548,2,1,0,0,0,0,0,0,0,0,0,0
61549,1,1,0,0,0,0,0,0,0,0,0,0
61550,0,1,0,16,0,56,0,14,0,0,0,0
61550,0,2,0,0,0,0,0,0,24,0,0,0
61550,1,1,15,24,25,26,17,7,10,21,68,14
61551,1,1,0,0,0,0,0,0,0,0,0,0
61552,1,1,0,0,0,0,0,0,0,0,0,0
61552,2,1,0,0,0,0,17,0,0,0,15,0
61553,1,1,6,0,0,0,0,19,0,0,0,13
61554,0,1,5,5,5,5,5,5,5,5,5,5
61554,1,1,0,16,0,31,31,14,0,0,13,0
61554,2,1,6,4,8,27,0,8,3,0,0,2
61554,3,1,0,0,15,0,11,22,0,0,12,0
61554,4,1,0,0,0,0,0,0,0,0,0,0
61554,5,1,0,0,0,0,0,0,0,0,0,0
61555,1,1,0,0,0,0,0,0,0,0,0,0
61556,0,1,0,0,0,0,0,0,0,0,0,0
61556,1,1,20,0,0,0,0,0,0,0,0,0
61557,1,1,19,19,19,19,19,19,19,19,19,19
61558,0,1,0,0,0,0,0,0,0,0,0,0
61558,1,1,13,16,0,38,14,7,9,0,5,13
61559,1,1,28,28,28,28,28,28,28,28,28,28
61560,1,1,0,0,0,0,0,0,0,0,0,0
61561,0,1,0,0,0,0,0,0,0,0,0,0
61561,1,1,0,0,0,0,0,0,0,0,0,0
61562,0,1,16,16,16,16,16,16,16,16,16,16
61562,1,1,0,8,7,14,0,10,15,17,0,16
61562,2,1,0,0,0,0,0,19,0,0,0,10
61562,3,1,0,19,0,0,0,0,0,0,0,18
61562,4,1,0,20,25,26,0,19,19,20,0,17
61563,1,1,0,0,0,0,0,0,0,0,0,0
61563,2,1,0,0,0,0,0,0,0,0,0,0
61564,1,1,0,0,0,0,0,0,0,0,0,0
61564,2,1,0,0,0,0,0,0,0,0,0,0
61565,0,1,0,0,0,0,0,0,0,0,0,0
61565,1,1,3,3,3,3,3,3,3,3,3,3
61566,1,1,16,16,16,16,16,16,16,16,16,16
61566,2,1,0,0,0,0,0,0,0,0,0,0
61567,1,1,27,27,27,27,27,27,27,27,27,27
61567,2,1,0,0,0,0,0,0,0,0,0,0
61567,3,1,0,0,0,0,0,0,12,0,0,0
61568,1,1,22,7,18,0,0,0,6,0,0,0
61569,1,1,0,0,0,0,0,0,0,0,0,0
61570,1,1,2,2,2,2,2,2,2,2,2,2
61571,0,1,0,0,8,0,0,0,0,0,0,0
61571,1,1,0,8,0,0,28,11,0,0,0,0
61571,2,1,0,0,0,0,13,0,0,0,0,0
61572,0,1,0,0,0,0,0,0,0,0,0,0
61572,1,1,0,0,6,0,0,18,11,0,0,0
61573,1,1,0,0,0,0,20,0,0,20,0,0
61573,5,1,0,0,0,0,0,0,0,0,0,0
61574,0,1,8,8,8,8,8,8,8,8,8,8
61574,1,1,0,0,0,0,0,0,0,0,0,0
61575,1,1,0,15,0,2,0,15,0,25,0,0
61575,2,1,16,0,0,0,25,0,0,0,0,0
61575,3,1,0,0,0,0,0,0,0,0,0,0
61575,4,1,0,0,0,0,0,0,0,0,0,0
61576,1,1,0,0,0,0,0,0,0,0,0,0
61576,2,1,0,0,0,0,0,0,0,0,0,0
61577,0,1,0,0,0,0,0,0,0,0,0,0
61577,1,1,0,0,0,0,0,0,0,0,0,0
61578,0,1,17,17,17,17,17,17,17,17,17,17
61578,1,1,0,0,0,0,0,0,0,0,0,0
61579,1,1,0,0,0,0,0,0,0,0,0,0
61580,0,1,0,0,0,0,0,0,0,0,0,0
61580,1,1,0,0,0,0,0,0,0,0,46,0
61580,2,1,7,0,0,21,0,0,0,0,0,0
61581,1,1,0,0,0,0,0,0,0,0,0,0
61581,2,1,0,0,0,9,0,0,0,0,0,0
61581,3,1,0,0,0,0,13,0,0,0,0,0
61581,4,1,0,15,0,0,0,0,0,0,0,0
61582,1,1,0,32,0,0,0,0,23,10,0,0
61583,1,1,0,0,0,0,0,0,4,0,6,14
61584,0,1,0,0,0,0,0,0,0,0,0,0
61584,1,1,0,0,0,0,0,39,0,0,0,0
61585,1,1,0,0,0,0,0,0,0,0,0,0
61585,2,1,0,0,0,0,0,0,0,0,0,0
61585,3,1,0,0,0,0,0,0,0,0,0,0
61586,0,1,0,0,0,23,0,0,0,0,0,0
61586,1,1,0,0,0,0,0,0,0,0,0,0
61587,1,1,16,27,0,0,0,0,0,12,21,0
61587,2,1,0,0,0,0,0,18,0,0,0,0
61587,3,1,6,0,0,0,0,0,20,13,15,0
61588,1,1,27,27,27,27,27,27,27,27,27,27
61589,1,1,0,0,0,0,0,0,0,0,0,0
61589,2,1,0,16,0,0,0,0,0,0,0,0
61589,3,1,20,8,0,0,0,0,0,7,0,0
61589,4,1,0,16,0,3,0,0,0,0,0,0
61590,1,1,0,0,0,0,6,0,0,0,0,0
61590,2,1,0,0,0,0,0,0,0,0,0,0
61591,1,1,0,0,0,0,0,0,0,0,0,0
61591,2,1,0,0,0,0,0,0,0,0,0,0
61591,3,1,0,0,0,0,0,0,0,0,0,0
61592,1,1,28,0,0,0,0,0,0,0,37,0
61592,2,1,0,0,0,0,0,0,0,0,0,0
61593,0,1,21,21,21,21,21,21,21,21,21,21
61593,1,1,0,0,0,0,0,0,0,0,0,0
61594,0,1,0,0,0,0,0,0,0,0,0,0
61594,1,1,0,0,0,0,0,0,0,0,0,0
61595,1,1,7,25,14,5,18,6,11,23,34,31
61596,1,1,13,13,13,13,13,13,13,13,13,13
61596,2,1,0,0,10,9,0,0,0,0,0,0
61597,0,1,0,0,0,0,0,0,0,0,0,0
61597,1,1,0,0,0,0,0,0,0,0,0,0
61598,1,1,0,0,0,0,0,0,0,0,0,0
61599,1,1,19,17,18,15,13,0,0,13,0,22
61600,1,1,17,17,17,17,17,17,17,17,17,17
61601,1,1,0,0,0,0,0,0,0,0,0,0
61601,2,1,0,0,0,0,0,0,0,0,0,0
61601,3,1,0,0,0,0,0,0,0,0,0,0
61602,1,1,13,17,0,0,0,0,0,0,0,11
61603,1,1,0,0,0,0,0,14,0,0,0,0
61603,2,1,0,0,0,0,0,0,0,0,0,0
61603,3,1,0,0,0,0,0,0,0,0,0,0
61604,1,1,0,0,0,0,25,0,0,0,0,0
61604,2,1,0,0,0,0,0,0,0,6,0,0
61605,1,1,0,0,0,0,3,0,0,13,0,0
61606,1,1,26,26,26,26,26,26,26,26,26,26
61606,2,1,0,0,0,0,0,0,0,0,0,0
61607,1,1,0,0,0,0,0,0,0,0,0,0
61607,2,1,0,0,0,0,0,0,0,0,0,0
61608,1,1,0,0,0,0,0,0,0,0,0,0
61608,2,1,9,0,7,18,0,0,0,0,0,0
61609,1,1,0,0,0,0,0,0,0,0,0,0
61609,2,1,0,0,0,0,0,0,0,0,0,0
61610,0,1,5,5,5,5,5,5,5,5,5,5
61610,1,1,0,0,0,0,0,0,0,0,0,0
61611,1,1,21,21,21,21,21,21,21,21,21,21
61612,1,1,0,0,0,0,0,0,0,0,0,0
61612,2,1,0,0,0,21,0,0,0,0,0,0
61613,1,1,0,0,0,0,0,0,0,0,0,0
61614,1,1,0,0,0,0,0,0,0,0,0,0
61615,1,1,23,23,23,23,23,23,23,23,23,23
61616,1,1,0,0,0,0,0,0,0,0,0,0
61616,2,1,0,0,0,0,0,0,0,0,0,11
61617,0,1,0,0,18,14,0,0,0,48,0,22
61617,1,1,0,0,0,0,0,0,0,0,0,0
61618,0,1,0,0,0,0,0,17,0,0,0,0
61618,1,1,0,0,0,0,0,0,0,0,0,0
61618,2,1,0,0,0,0,0,0,0,0,0,0
61619,1,1,0,0,0,0,0,0,0,0,0,0
61620,1,1,0,0,0,0,0,0,0,0,0,0
61620,2,1,0,0,0,0,0,0,0,0,0,0
61621,1,1,13,0,13,0,0,0,0,0,0,0
61621,2,1,0,0,0,0,0,0,0,0,0,0
61622,1,1,14,14,14,14,14,14,14,14,14,14
61623,1,1,0,0,0,0,0,0,0,10,0,0
61624,1,1,0,0,0,0,0,0,0,0,0,0
61625,1,1,0,0,0,0,0,0,0,0,0,0
61625,2,1,0,0,0,0,0,0,0,0,0,0
61627,1,1,0,0,0,0,0,0,0,0,0,0
61627,2,1,0,0,0,0,0,0,0,0,0,0
61628,0,1,0,28,39,27,36,12,0,0,0,0
61628,1,1,0,0,0,0,0,0,0,0,0,0
61629,1,1,21,0,0,0,0,0,0,0,0,11
61630,0,1,0,0,13,14,21,17,22,23,19,28
61630,1,1,0,17,0,0,29,0,0,0,0,0
61631,0,1,0,0,0,0,0,0,0,0,0,0
61631,1,1,0,0,0,0,0,0,0,0,0,0
61632,0,1,38,0,3,27,0,17,0,10,34,0
61632,1,1,0,0,0,0,0,0,0,0,0,0
61633,0,1,16,16,16,16,16,16,16,16,16,16
61633,1,1,6,8,14,20,5,10,13,11,5,16
61633,2,1,18,0,21,30,0,14,12,6,25,0
61634,1,1,0,0,0,0,0,0,0,0,0,0
61635,1,1,0,0,0,0,0,0,0,0,0,0
61635,2,1,0,0,0,31,0,0,0,0,0,0
61635,3,1,0,0,0,12,0,0,0,0,0,0
61635,4,1,0,0,0,0,0,0,0,0,0,0
61635,5,1,0,0,0,12,0,0,0,0,0,0
61636,1,1,0,0,0,0,0,0,0,0,0,0
61636,2,1,9,0,0,0,0,0,4,0,0,0
61636,3,1,0,0,0,0,0,0,0,0,0,0
61636,4,1,0,0,0,0,20,11,0,0,16,0
61637,0,1,0,0,0,28,0,9,0,0,13,0
61637,1,1,0,0,0,0,0,0,0,0,0,0
61638,0,1,0,0,0,0,0,0,0,19,0,7
61638,1,1,16,16,16,16,16,16,16,16,16,16
61638,2,1,0,0,0,24,0,0,0,0,0,0
61639,1,1,0,0,0,0,0,0,0,0,0,0
61639,2,1,0,0,0,0,0,0,0,0,0,0
61640,0,1,0,0,33,29,0,0,0,31,18,0
61640,1,1,0,0,7,0,0,0,0,0,0,0
61641,0,1,25,25,25,25,25,25,25,25,25,25
61641,1,1,0,0,0,0,0,0,0,0,0,0
61642,1,1,0,6,0,0,0,0,0,0,0,0
61642,2,1,0,0,0,0,0,0,0,0,0,0
61644,2,1,0,17,0,0,0,0,0,0,0,0
61645,0,1,0,11,0,0,0,0,7,0,0,0
61645,1,1,0,0,0,0,0,0,0,8,0,0
61646,1,1,0,0,0,0,0,0,0,0,0,0
61646,2,1,0,0,0,0,0,0,0,0,0,0
61646,3,1,0,0,0,0,0,0,0,0,0,0
61647,1,1,0,0,0,0,0,0,0,0,0,0
61647,2,1,0,0,0,0,0,0,0,0,0,0
61648,1,1,0,0,10,9,18,0,0,2,12,0
61648,2,1,0,0,0,0,0,0,0,0,0,0
61648,3,1,0,0,0,0,0,0,0,0,0,0
61648,4,1,0,0,0,0,0,0,0,0,0,0
61649,0,1,0,0,0,0,0,0,0,0,0,0
61649,1,1,0,0,12,0,0,0,22,0,0,0
61650,1,1,0,0,0,0,0,0,0,0,0,0
61651,1,1,0,0,0,0,0,0,0,0,0,0
61652,1,1,30,30,30,30,30,30,30,30,30,30
61653,0,1,0,0,0,0,0,0,0,0,0,0
61653,1,1,0,0,0,0,0,0,0,0,0,0
61654,0,1,0,0,0,0,0,0,0,0,0,0
61654,1,1,0,0,0,0,0,0,0,0,0,0
61655,0,1,0,0,0,0,0,0,0,0,0,0
61655,1,1,21,14,14,6,14,9,28,13,26,9
61656,1,1,0,0,18,0,0,0,7,0,0,0
61657,0,1,0,0,0,0,0,0,0,0,0,0
61657,1,1,0,0,0,0,0,0,0,0,0,0
61658,1,1,7,29,35,23,17,16,16,0,16,20
61658,2,1,0,0,0,0,0,0,0,0,0,0
61659,0,1,0,0,9,0,12,0,14,0,15,34
61659,1,1,0,0,0,0,0,0,0,0,0,0
61660,0,1,0,0,0,0,0,0,0,0,0,0
61660,1,1,0,0,19,33,0,0,0,0,0,0
61661,0,1,6,6,6,6,6,6,6,6,6,6
61661,1,1,0,0,0,0,0,0,0,0,0,0
61662,1,1,0,0,0,0,0,0,0,0,0,0
61662,2,1,0,0,0,0,0,0,0,0,0,0
61663,1,1,0,0,0,0,18,0,0,0,0,0
61664,1,1,0,0,0,0,0,0,0,0,0,0
61664,2,1,21,21,21,21,21,21,21,21,21,21
61665,1,1,0,0,0,0,0,0,0,0,0,0
61666,1,2,0,0,0,0,0,0,0,0,0,0
61667,1,1,0,0,0,0,8,0,0,0,0,0
61667,2,1,0,0,0,0,0,0,0,0,0,0
61668,1,1,11,12,0,0,6,0,0,0,0,13
61668,2,1,0,0,0,0,0,12,0,0,0,23
61669,1,1,0,0,0,0,0,0,0,0,0,0
61670,1,1,0,0,0,0,0,0,0,0,0,0
61670,2,1,0,0,0,0,0,21,0,0,0,0
61671,1,1,0,0,0,0,0,0,0,0,0,0
61671,2,1,0,0,0,0,0,0,0,0,0,0
61672,0,1,0,0,41,16,0,0,0,41,16,14
61672,1,1,0,0,6,14,0,0,0,0,0,16
61673,0,1,0,24,0,0,0,27,22,0,0,21
61673,1,1,13,0,0,14,0,0,6,0,0,10
61674,1,1,24,6,13,10,6,32,0,12,6,11
61675,0,1,5,0,0,0,27,28,0,24,19,0
61675,1,1,0,0,0,0,0,0,0,0,0,0
61676,1,1,0,0,0,0,0,0,0,0,0,0
61676,2,1,0,0,0,0,0,0,0,0,0,0
61677,0,1,0,0,0,0,0,0,0,0,0,0
61677,1,1,0,0,0,0,0,0,0,0,7,0
61678,1,1,0,0,0,0,0,0,0,0,0,0
61678,2,1,0,0,0,0,0,0,0,0,0,0
61679,1,1,0,21,0,0,0,0,0,0,0,0
61680,1,1,0,7,0,0,0,0,0,0,0,0
61681,0,1,0,10,8,26,41,14,15,0,14,3
61681,1,1,0,0,0,10,0,0,0,0,0,0
61682,0,1,0,0,0,0,0,45,0,7,24,0
61682,1,1,0,0,0,0,0,0,0,0,0,0
61683,1,1,0,0,0,0,0,0,0,0,0,0
61684,1,1,0,0,0,0,0,0,0,0,0,0
61684,2,1,30,0,0,0,0,0,0,0,0,0
61685,1,1,0,0,0,0,0,0,0,0,0,0