ST_CASE,VEH_NO,PER_NO,P1,P2,P3,P4,P5,P6,P7,P8,P9,P10
62241,1,1,0,0,0,0,0,0,0,0,0,0
62241,2,1,0,0,0,0,0,0,0,0,0,0
62241,3,1,0,0,0,0,0,0,0,0,0,0
62242,1,1,0,0,0,0,0,0,0,0,0,0
62242,2,1,0,0,0,0,0,0,0,0,0,0
62242,3,1,12,0,0,0,0,0,0,0,0,0
62242,4,1,0,10,0,0,0,0,0,0,0,0
62242,5,1,0,0,0,0,0,0,0,0,0,0
62243,1,1,0,13,0,0,19,0,22,0,16,16
62244,1,1,0,0,14,0,0,0,0,0,0,0
62244,2,1,0,0,0,0,0,0,0,0,19,0
62245,1,1,13,0,0,0,0,0,0,11,11,0
62246,1,1,0,0,0,0,15,0,0,0,0,0
62247,1,1,0,0,0,0,0,0,0,0,0,0
62247,2,1,0,0,0,0,0,0,0,0,0,0
62247,3,1,0,0,0,0,0,0,0,0,0,11
62248,1,1,0,15,0,0,0,9,28,0,20,7
62249,1,1,0,0,0,0,0,0,0,0,0,0
62250,0,1,0,0,0,0,4,0,0,0,0,16
62250,1,1,0,0,0,9,28,0,0,0,0,0
62250,2,1,0,0,0,0,0,0,0,0,4,0
62251,1,1,0,0,0,0,0,0,0,0,0,0
62251,2,1,0,14,0,0,0,0,0,0,0,0
62252,1,1,15,16,14,27,16,24,14,14,21,17
62253,0,1,0,0,0,0,0,0,0,0,0,0
62253,1,1,0,0,0,0,0,0,0,17,0,0
62254,1,1,8,8,8,8,8,8,8,8,8,8
62255,1,1,21,21,21,21,21,21,21,21,21,21
62255,2,1,0,0,0,0,0,0,0,0,0,0
62256,1,1,0,0,0,0,0,0,0,0,0,0
62257,0,1,0,0,0,0,0,0,0,0,0,0
62257,1,1,0,0,19,0,18,0,0,0,0,0
62258,1,1,0,0,0,0,0,0,0,0,0,0
62259,1,1,0,0,0,0,0,0,0,1,0,0
62259,2,1,0,0,0,0,0,0,0,0,0,0
62260,1,1,0,0,0,26,0,0,0,0,0,0
62260,2,1,0,0,0,0,0,0,0,0,0,0
62261,1,1,0,17,0,0,0,10,0,21,0,21
62261,2,1,0,10,15,0,0,0,0,0,0,0
62262,1,1,0,0,0,0,0,0,0,0,0,0
62262,2,1,0,0,0,0,0,0,0,0,0,0
62262,3,1,0,0,7,0,0,0,0,0,0,0
62262,4,1,18,0,0,0,0,25,0,0,0,0
62262,5,1,0,0,0,0,0,0,0,0,0,0
62262,6,1,0,0,0,0,0,0,0,0,0,0
62262,7,1,0,0,0,0,0,0,0,0,0,0
62262,8,1,0,0,0,0,0,0,0,0,0,0
62262,9,1,0,0,0,0,0,0,0,0,0,0
62262,10,1,0,0,0,0,0,0,0,0,18,0
62263,1,1,0,0,22,0,0,0,0,11,19,16
62263,2,1,0,0,0,0,12,0,0,0,0,0
62264,1,1,0,0,0,0,0,0,0,0,0,0
62264,2,1,2,2,2,2,2,2,2,2,2,2
62265,1,1,0,0,0,0,0,0,0,0,0,0
62265,2,1,0,0,0,0,0,0,0,0,0,0
62265,3,1,0,0,0,22,0,0,0,0,0,0
62266,1,1,0,30,22,0,0,0,10,0,13,0
62267,1,1,0,10,0,23,32,0,0,0,0,0
62268,1,1,0,0,25,0,0,0,0,28,0,0
62269,1,1,0,0,0,0,0,0,0,0,0,0
62269,2,1,0,0,0,0,0,0,0,0,0,0
62270,0,1,0,19,0,32,17,0,0,7,21,18
62270,1,1,0,0,0,0,0,0,13,0,0,0
62271,0,1,0,0,0,0,0,0,0,0,0,0
62271,0,2,0,0,26,0,0,0,0,0,0,0
62271,1,1,0,0,21,0,0,0,0,0,0,0
62272,1,1,24,20,0,13,8,22,38,13,26,22
62273,1,1,0,0,0,0,0,0,0,0,0,0
62274,0,1,0,0,0,0,0,0,0,0,0,0
62274,1,1,0,0,0,0,0,0,0,0,0,0
62275,0,1,0,33,0,0,0,0,0,0,0,0
62275,1,1,0,0,0,0,0,17,0,0,0,0
62276,0,1,0,0,0,0,0,0,14,0,0,0
62276,1,1,0,0,0,0,0,0,0,0,0,0
62277,1,1,0,0,0,0,0,0,0,0,0,0
62277,2,1,0,0,0,0,0,0,0,0,0,0
62278,0,1,0,0,0,0,0,0,0,0,0,0
62278,1,1,0,0,0,0,0,0,0,0,0,0
62279,0,1,7,7,7,7,7,7,7,7,7,7
62279,1,1,1,1,1,1,1,1,1,1,1,1
62280,0,1,24,24,24,24,24,24,24,24,24,24
62280,1,1,11,13,21,19,15,22,3,11,13,9
62281,1,1,0,0,15,0,25,22,25,33,0,29
62282,1,1,0,0,41,0,2,0,0,0,0,0
62283,0,1,0,0,30,0,5,16,0,0,17,0
62283,1,1,0,0,0,0,0,0,0,0,0,0
62284,0,1,0,21,9,0,18,0,6,0,0,0
62284,1,1,0,0,11,0,0,0,0,24,0,0
62285,0,1,0,0,0,0,0,8,14,0,0,0
62285,1,1,0,0,0,0,0,0,14,0,0,0
62286,1,1,4,4,4,4,4,4,4,4,4,4
62286,2,1,0,0,0,0,0,0,0,0,0,0
62287,0,1,10,27,0,7,12,18,14,0,0,0
62287,1,1,0,0,0,0,0,0,0,0,0,0
62288,1,1,0,0,0,0,0,0,0,0,0,0
62288,2,1,0,0,0,0,0,0,0,0,0,0
62288,3,1,0,0,0,0,0,0,0,0,0,0
62288,4,1,0,0,0,0,0,4,0,0,0,0
62289,0,1,0,0,0,0,0,0,0,0,0,0
62289,1,1,0,0,0,0,0,0,0,0,0,0
62290,0,1,2,2,2,2,2,2,2,2,2,2
62290,1,1,12,0,0,6,0,0,0,0,0,0
62291,1,1,0,0,17,0,0,0,0,0,0,0
62291,2,1,0,0,0,0,0,0,0,0,0,0
62291,3,1,0,0,0,0,0,0,0,0,0,0
62292,1,1,0,0,0,0,0,0,33,13,31,0
62292,2,1,0,0,0,0,0,0,0,0,0,0
62292,3,1,0,0,0,0,21,0,0,6,0,0
62293,0,1,28,0,0,17,0,0,0,0,0,0
62293,1,1,12,0,0,19,11,27,20,24,10,30
62294,1,1,0,0,0,0,0,0,0,0,0,0
62294,2,1,0,0,0,0,0,0,0,0,0,0
62295,1,1,24,21,14,21,0,0,15,24,19,11
62295,2,1,15,6,0,17,7,0,45,0,37,0
62296,0,1,19,0,16,22,0,27,24,18,37,25
62296,1,1,0,0,0,0,0,0,0,0,0,0
62297,1,1,34,17,25,9,7,4,11,16,9,28
62297,2,1,23,0,0,0,13,0,3,0,0,19
62298,1,1,0,0,0,0,0,0,0,0,0,49
62299,1,1,11,0,0,0,0,0,0,0,0,0
62299,2,1,0,0,0,0,0,0,0,0,0,0
62299,3,1,0,0,0,0,0,0,0,0,0,0
62299,4,1,0,0,0,0,0,0,0,0,0,0
62300,1,1,0,0,0,0,0,0,0,0,0,0
62300,2,1,0,0,0,0,0,0,0,0,0,0
62301,1,1,0,0,0,0,0,0,0,0,0,0
62302,1,1,0,0,0,20,0,0,0,6,0,0
62302,2,1,0,0,0,0,0,0,0,0,0,19
62303,1,1,0,0,0,0,0,0,0,0,0,0
62304,0,1,0,24,0,0,0,20,27,0,11,11
62304,1,1,0,0,0,0,0,0,0,0,0,0
62305,1,1,0,0,0,0,0,0,0,0,0,0
62306,0,1,0,0,0,0,0,0,0,0,0,0
62306,1,1,0,0,0,0,0,0,0,0,0,0
62307,1,1,0,8,0,0,12,0,8,10,0,0
62308,0,1,0,0,5,20,19,0,3,26,0,0
62308,1,1,8,4,8,5,25,0,18,10,0,14
62309,0,1,0,0,0,0,0,0,0,0,0,0
62309,1,1,0,0,0,0,0,12,0,0,0,0
62310,0,1,25,25,25,25,25,25,25,25,25,25
62310,1,1,0,0,0,0,0,0,0,0,0,0
62311,1,1,0,0,0,0,0,0,0,0,0,0
62311,2,1,0,0,0,0,0,0,0,0,0,0
62312,1,1,0,0,24,0,0,0,0,0,0,0
62313,1,1,20,20,20,20,20,20,20,20,20,20
62314,1,1,0,0,0,0,0,0,0,0,0,0
62314,2,1,0,0,0,0,0,0,0,0,0,0
62315,1,1,16,16,16,16,16,16,16,16,16,16
62316,1,1,0,0,0,0,0,0,0,0,0,0
62317,1,1,0,0,0,18,0,10,0,0,0,0
62317,2,1,0,0,0,0,0,0,14,0,0,0
62318,1,1,10,10,10,10,10,10,10,10,10,10
62319,0,1,9,9,9,9,9,9,9,9,9,9
62319,1,1,8,0,0,3,20,0,26,0,0,14
62320,1,1,0,0,0,0,0,0,0,0,0,0
62321,1,1,21,11,10,8,23,9,28,4,14,3
62321,2,1,0,0,0,0,0,0,0,0,0,0
62322,1,1,0,0,0,0,0,0,0,0,0,0
62323,1,1,0,0,0,0,0,0,0,0,0,16
62323,2,1,9,0,0,0,0,0,12,0,0,0
62324,1,1,16,16,16,16,16,16,16,16,16,16
62325,1,1,0,15,20,26,0,0,0,0,31,0
62326,0,1,18,18,18,18,18,18,18,18,18,18
62326,1,1,0,0,0,0,0,0,0,0,0,0
62327,1,1,0,0,0,0,0,0,0,0,0,0
62327,2,1,0,0,0,0,0,0,0,0,0,0
62327,3,1,0,0,0,0,0,0,0,0,0,0
62327,4,1,0,0,0,0,0,0,0,0,0,0
62328,1,1,0,0,0,0,0,0,0,0,0,0
62328,2,1,0,0,0,5,0,0,0,0,0,0
62328,3,1,10,0,0,0,0,0,19,0,0,0
62329,1,1,2,2,2,2,2,2,2,2,2,2
62330,0,1,0,0,0,0,0,0,0,0,0,0
62330,1,1,0,0,0,0,0,0,0,0,0,0
62331,1,1,0,0,0,0,0,0,0,0,0,0
62331,2,1,0,0,0,0,0,0,0,0,0,0
62332,0,1,0,0,0,0,0,0,0,0,0,0
62332,1,1,0,0,0,0,0,0,0,0,0,24
62332,2,1,0,0,0,0,0,7,0,0,0,0
62333,1,1,0,0,0,0,0,0,0,0,0,0
62334,1,1,0,0,0,0,0,0,0,0,0,0
62334,2,1,0,0,0,0,0,0,0,0,0,0
62335,1,1,10,10,10,10,10,10,10,10,10,10
62335,2,1,0,0,9,0,0,0,0,0,0,20
62336,1,1,21,21,21,21,21,21,21,21,21,21
62336,2,1,0,0,0,0,0,0,0,0,0,0
62337,1,1,0,0,0,0,0,0,0,0,0,0
62338,0,1,0,0,0,0,0,0,0,0,0,0
62338,0,2,0,0,0,9,0,0,0,0,0,0
62338,0,3,0,19,0,0,31,0,18,0,0,20
62338,1,1,0,0,0,0,0,0,0,0,0,0
62339,1,1,15,30,0,0,20,22,0,11,0,25
62339,2,1,0,0,0,0,0,0,0,0,0,0
62340,0,1,0,0,0,20,0,28,17,0,0,0
62340,1,1,0,0,0,0,0,0,0,0,0,19
62341,0,1,0,20,0,28,9,11,0,10,0,0
62341,1,1,9,10,0,15,22,0,11,0,16,19
62342,1,1,16,22,0,21,15,0,18,25,0,8
62342,2,1,0,0,0,0,0,0,0,0,0,0
62343,1,1,0,0,10,0,5,0,0,23,0,0
62343,2,1,0,0,0,0,0,0,0,0,0,0
62344,1,1,0,0,0,0,0,0,0,0,0,0
62344,2,1,0,0,0,0,0,0,0,0,0,0
62345,1,1,0,0,0,0,0,0,0,0,0,0
62345,2,1,8,8,0,0,0,0,0,0,0,0
62346,1,2,6,0,22,11,22,0,9,22,0,0
62347,0,1,0,0,0,0,0,0,0,0,0,0
62347,0,2,32,15,24,21,31,13,29,16,19,22
62347,1,1,12,12,12,12,12,12,12,12,12,12
62348,1,1,26,26,26,26,26,26,26,26,26,26
62349,1,1,0,0,0,0,0,0,0,0,0,0
62350,1,1,0,0,0,0,0,0,0,0,0,0
62350,2,1,0,0,0,0,0,0,0,0,0,0
62351,0,1,0,0,0,0,9,0,0,0,0,0
62351,1,1,16,16,16,16,16,16,16,16,16,16
62352,1,1,0,0,0,0,0,0,0,0,0,0
62352,2,1,0,0,0,0,0,0,10,0,0,0
62352,3,1,0,0,0,0,0,0,0,0,0,0
62352,4,1,0,0,0,0,0,0,27,0,19,0
62352,5,1,0,0,16,23,16,0,11,0,0,0
62353,1,1,0,0,0,0,0,0,0,0,0,0
62354,1,1,0,0,0,0,0,0,0,0,0,0
62354,2,1,0,0,0,0,0,0,0,0,0,0
62355,1,1,0,0,0,0,0,0,0,0,0,0
62355,2,1,0,0,0,0,0,0,0,0,0,0
62356,1,1,0,0,0,0,0,0,0,0,0,0
62356,2,1,0,0,0,0,0,0,0,0,0,0
62357,1,1,0,0,0,0,0,0,0,0,0,0
62357,2,1,0,0,0,0,0,0,0,0,0,0
62358,1,1,19,19,19,19,19,19,19,19,19,19
62358,2,1,0,0,0,0,0,0,0,0,0,0
62359,1,1,27,27,27,27,27,27,27,27,27,27
62360,0,1,10,10,10,10,10,10,10,10,10,10
62360,1,1,0,0,0,0,0,0,0,0,0,0
62361,1,1,0,0,0,0,23,0,0,0,0,0
62361,2,1,0,0,0,0,0,0,0,0,0,0
62362,1,1,9,9,9,9,9,9,9,9,9,9
62362,2,1,0,10,0,0,21,26,0,0,0,0
62363,0,1,0,0,0,0,0,0,0,0,0,0
62363,1,1,0,0,0,0,0,0,0,0,0,0
62364,1,1,18,18,18,18,18,18,18,18,18,18
62365,1,1,8,8,8,8,8,8,8,8,8,8
62366,0,1,0,0,0,0,0,0,0,0,0,0
62366,1,1,0,0,0,0,0,0,3,0,0,0
62367,1,1,0,0,0,0,0,0,0,0,0,0
62367,2,1,0,0,0,0,0,0,0,0,0,0
62368,1,1,0,0,0,0,0,0,0,0,0,0
62368,2,1,0,0,0,0,0,0,0,0,0,0
62369,1,1,7,0,0,0,0,22,0,0,20,0
62369,2,1,10,10,10,10,10,10,10,10,10,10
62370,1,1,0,0,0,0,0,0,0,0,0,0
62371,1,2,0,0,0,13,0,0,0,0,0,0
62372,1,1,0,0,0,0,0,0,0,0,0,0
62372,2,1,0,0,0,0,0,0,0,0,0,0
62372,3,1,0,0,0,0,0,0,0,14,0,0
62373,1,1,30,30,30,30,30,30,30,30,30,30
62374,1,1,0,0,0,0,0,0,0,0,0,0
62375,1,1,21,21,21,21,21,21,21,21,21,21
62376,0,1,0,0,0,0,0,0,0,0,0,0
62376,1,1,10,31,15,14,21,23,8,0,13,34
62377,1,1,22,22,22,22,22,22,22,22,22,22
62378,0,1,0,0,0,0,0,0,0,0,0,0
62378,1,1,0,0,0,0,0,0,0,0,0,0
62379,1,1,0,0,15,0,0,0,0,0,0,16
62380,0,1,0,0,0,0,0,0,0,0,0,0
62380,1,1,27,0,0,0,0,0,0,0,0,0
62381,1,1,0,0,0,0,0,0,0,0,0,0
62381,2,1,0,0,0,0,0,0,0,0,0,0
62382,1,1,0,0,0,0,0,39,20,11,0,22
62383,1,1,0,0,0,0,0,0,0,0,0,0
62383,2,1,0,0,0,0,0,0,0,0,0,0
62384,1,1,0,0,0,0,0,0,0,0,0,0
62384,2,1,0,0,0,0,0,0,0,0,0,12
62385,0,1,33,33,33,33,33,33,33,33,33,33
62385,1,1,27,20,4,0,0,0,11,0,0,0
62386,0,1,13,13,13,13,13,13,13,13,13,13
62386,1,1,16,0,0,0,0,0,0,0,0,0
62387,0,1,0,0,0,0,0,0,16,0,0,33
62387,1,1,0,0,0,0,0,0,0,0,0,6
62388,1,1,0,0,0,0,0,0,0,0,0,0
62389,0,1,0,0,0,0,0,0,0,0,0,0
62389,1,1,0,0,0,0,0,0,0,0,0,0
62390,1,1,26,26,26,26,26,26,26,26,26,26
62391,1,1,0,0,0,0,0,0,0,0,0,0
62391,2,1,0,0,0,0,0,0,0,0,0,0
62392,1,1,8,8,8,8,8,8,8,8,8,8
62393,0,1,0,0,0,0,0,0,0,0,0,0
62393,1,1,0,0,13,0,0,0,14,0,14,0
62394,1,1,0,0,0,0,0,0,0,0,0,0
62394,2,1,0,0,0,0,0,0,0,0,0,0
62395,1,1,0,0,0,0,0,0,0,0,0,0
62395,2,1,0,0,0,0,0,0,0,0,0,0
62396,1,1,0,0,0,0,0,0,0,0,0,0
62397,0,1,0,0,0,0,0,0,0,0,0,0
62397,1,1,0,0,0,0,0,0,0,0,0,0
62398,0,1,0,0,0,0,0,0,0,0,0,0
62398,1,1,0,0,0,0,0,0,0,0,0,0
62398,2,1,0,0,0,0,0,0,0,0,0,0
62399,0,1,0,0,0,0,0,0,0,0,0,0
62399,1,1,0,0,0,0,0,0,0,0,0,0
62400,1,1,0,0,0,0,0,16,0,0,0,0
62400,2,1,0,0,0,0,0,0,0,0,0,0
62401,0,1,0,0,0,0,0,0,0,0,0,0
62401,1,1,0,0,0,0,0,14,0,0,0,0
62402,0,1,35,35,0,0,0,16,0,21,0,0
62402,1,1,0,0,0,0,0,0,9,0,0,0
62403,1,1,3,24,8,9,14,30,4,3,33,11
62403,2,1,0,8,19,25,0,16,5,0,28,0
62404,1,1,16,16,16,16,16,16,16,16,16,16
62404,2,1,0,0,0,0,0,0,0,0,0,0
62405,1,1,7,7,7,7,7,7,7,7,7,7
62405,2,1,0,0,0,0,0,0,0,0,0,0
62405,3,1,0,0,0,0,0,0,0,0,0,0
62405,4,1,0,0,0,0,0,0,0,0,0,0
62406,1,1,10,16,22,11,8,21,23,1,7,20
62406,2,1,0,0,0,0,0,0,0,0,0,0
62407,1,1,0,0,0,0,0,14,0,0,0,0
62407,2,1,0,0,0,0,0,0,0,0,0,0
62408,0,1,0,0,0,0,0,0,0,0,0,0
62408,1,1,0,0,19,0,0,0,13,0,0,26
62409,0,1,0,0,0,0,0,0,0,0,0,18
62409,1,1,25,25,25,25,25,25,25,25,25,25
62410,0,1,0,0,0,18,0,0,0,0,0,12
62410,1,1,0,19,0,0,0,0,0,30,0,22
62411,1,1,0,0,0,0,0,0,0,0,0,0
62411,2,1,0,0,0,0,0,0,0,0,0,0
62412,0,1,0,0,0,0,0,0,0,0,0,0
62412,1,1,16,0,0,20,0,0,0,0,0,0
62413,1,1,20,5,0,13,0,25,12,0,18,0
62414,1,1,19,34,22,0,12,18,22,7,14,12
62416,1,1,0,0,0,0,0,0,0,0,0,0
62416,2,1,0,0,0,20,0,0,0,0,0,0
62417,1,1,0,0,8,0,0,0,0,0,0,0
62418,0,1,0,22,20,0,12,16,22,9,0,5
62418,1,1,0,0,0,0,0,0,0,0,0,0
62419,1,1,0,0,0,20,0,0,0,0,0,0
62419,3,1,0,0,0,0,0,0,0,0,0,0
62420,1,1,0,0,0,0,0,0,0,0,0,0
62420,2,1,8,0,0,0,0,0,6,0,0,0
62421,1,1,0,20,0,21,0,0,21,0,0,0
62422,1,1,0,0,0,0,0,0,0,0,0,0
62422,2,1,0,0,0,0,0,0,0,0,0,0
62423,0,1,32,32,32,32,32,32,32,32,32,32
62423,1,1,0,0,0,0,0,0,0,0,0,0
62424,1,1,22,22,22,22,22,22,22,22,22,22
62425,1,1,0,0,0,0,0,0,0,0,0,0
62425,2,1,0,0,0,0,0,0,0,0,0,0
62426,1,1,26,26,26,26,26,26,26,26,26,26
62427,0,1,0,0,0,0,0,0,0,0,0,0
62427,1,1,0,0,0,0,0,0,0,0,0,0
62428,0,1,0,0,0,0,0,0,0,0,0,0
62428,1,1,0,0,0,0,0,0,0,0,0,0
62429,1,1,18,18,18,18,18,18,18,18,18,18
62431,0,1,0,0,0,0,0,0,0,0,0,0
62431,1,1,0,0,0,0,0,0,0,0,4,16
62432,1,1,14,14,14,14,14,14,14,14,14,14
62432,2,1,0,0,0,0,3,0,0,0,0,0
62433,1,1,0,0,0,0,0,0,0,0,0,0
62434,0,1,0,0,0,0,0,0,0,0,0,0
62434,1,1,0,0,0,0,0,0,0,0,0,0
62435,1,1,34,21,0,15,25,0,0,0,0,0
62436,1,1,22,22,22,22,22,22,22,22,22,22
62437,1,1,15,0,21,0,0,0,6,20,14,16
62439,1,1,0,0,0,0,0,0,0,0,0,0
62439,2,1,4,4,4,4,4,4,4,4,4,4
62440,0,1,0,0,10,0,6,21,27,0,29,0
62440,1,1,0,0,0,0,28,0,0,0,0,0
62441,1,1,0,0,0,0,0,0,0,0,0,0
62441,2,1,0,0,0,0,0,0,0,0,0,0
62441,3,1,0,0,0,0,0,0,0,0,0,0
62442,0,1,0,0,0,0,0,0,0,0,0,0
62442,1,1,17,6,0,0,7,19,15,24,16,10
62442,2,1,0,0,0,0,0,0,0,0,0,0
62443,1,1,0,0,0,0,0,0,0,0,0,0
62444,1,1,0,0,0,0,0,0,0,0,0,0
62445,1,1,0,0,15,0,12,0,0,0,21,0
62446,1,1,0,0,0,3,0,0,0,0,0,0
62447,1,1,0,20,0,0,0,0,9,0,0,0
62447,2,1,0,0,0,0,0,0,0,0,0,0
62448,1,1,0,0,0,0,0,0,0,0,0,0
62448,2,1,0,0,0,0,0,0,0,0,0,0
62449,1,1,0,0,0,0,0,0,0,0,0,0
62449,2,1,0,0,0,0,0,0,0,0,0,0
62450,0,1,0,0,0,0,0,0,0,0,0,0
62450,1,1,0,12,15,0,0,0,9,0,0,0
62451,0,1,23,23,23,23,23,23,23,23,23,23
62451,1,1,0,0,0,0,0,0,0,0,0,0
62452,0,1,29,29,29,29,29,29,29,29,29,29
62452,1,1,16,15,13,0,0,0,9,8,17,8
62453,1,1,0,0,0,0,0,0,0,0,0,0
62453,2,1,0,0,0,0,0,0,0,0,0,0
62453,3,1,0,0,4,0,0,0,0,0,0,0
62454,1,1,29,29,29,29,29,29,29,29,29,29
62455,0,1,22,0,22,44,24,17,38,30,12,36
62455,1,1,0,0,8,0,0,0,0,0,0,0
62455,2,1,26,0,15,0,14,0,0,14,0,0
62455,3,1,0,20,0,0,10,0,17,0,0,0
62456,1,1,0,0,0,0,0,0,0,0,0,0
62456,2,1,0,0,0,0,0,0,0,0,0,0
62456,3,1,0,0,0,0,0,0,0,0,0,0
62457,1,1,0,0,0,0,0,0,0,0,0,0
62457,2,1,0,0,0,0,0,0,0,0,0,0
62458,0,1,0,0,0,0,0,0,0,0,0,0
62458,1,1,0,0,0,0,0,0,0,0,0,0
62459,1,1,0,0,0,0,0,0,0,0,0,0
62459,2,1,0,0,0,0,0,0,0,0,0,0
62460,0,1,24,0,24,0,19,0,0,29,0,25
62460,1,1,9,22,14,0,5,15,44,4,19,8
62460,2,1,0,0,0,0,0,0,7,0,14,0
62461,1,1,10,10,10,10,10,10,10,10,10,10
62462,1,1,17,17,17,17,17,17,17,17,17,17
62463,1,1,27,27,27,27,27,27,27,27,27,27
62464,1,1,0,0,0,0,0,0,0,0,0,0
62464,2,1,0,0,0,0,0,0,16,0,0,0
62465,1,1,24,24,24,24,24,24,24,24,24,24
62466,0,1,10,10,10,10,10,10,10,10,10,10
62466,1,1,0,0,0,0,0,0,0,0,0,0
62467,1,1,7,7,7,7,7,7,7,7,7,7
62467,2,1,0,0,10,0,0,0,0,0,0,0
62468,1,1,0,0,0,0,0,0,0,0,0,0
62468,2,1,0,0,0,0,0,0,0,0,0,0
62468,3,1,0,0,0,0,0,0,0,0,0,0
62469,0,1,0,0,0,0,0,0,0,0,0,0
62469,1,1,0,0,0,0,0,0,0,0,0,0
62470,0,1,0,0,0,0,0,0,0,0,0,0
62470,1,1,0,0,0,0,0,0,0,0,0,0
62471,1,1,0,0,0,0,0,0,0,0,0,0
62473,0,1,0,0,36,0,23,0,0,0,0,35
62473,1,1,0,0,0,0,0,0,0,0,0,0
62474,1,1,0,0,0,0,0,0,0,0,0,0
62475,1,1,0,0,16,0,0,7,0,18,11,26
62475,2,1,0,0,11,0,0,0,3,17,5,0
62476,0,1,0,0,2,0,0,0,10,9,5,0
62476,1,1,0,0,24,0,15,7,8,0,0,42
62477,1,1,28,21,12,0,0,25,0,0,0,26
62477,2,1,0,20,0,0,0,37,0,0,0,0
62477,3,1,0,0,0,0,0,0,0,0,0,0
62477,4,1,0,0,3,0,0,0,27,0,0,0
62477,5,1,0,28,0,10,8,11,15,10,15,7
62478,1,1,0,0,20,0,0,25,0,0,0,0
62479,1,1,0,0,0,0,0,20,0,0,0,0
62480,1,1,26,26,26,26,26,26,26,26,26,26
62481,1,1,0,0,2,0,12,0,0,0,10,21
62481,2,1,0,0,0,0,0,0,0,0,0,0
62482,1,1,0,0,0,0,0,0,0,0,0,0
62482,2,1,0,0,0,0,0,0,0,0,0,0
62483,1,1,24,24,24,24,24,24,24,24,24,24
62483,2,1,0,0,0,0,0,0,0,0,0,0
62484,0,1,0,0,0,0,0,0,0,0,0,0
62484,1,1,7,0,0,25,0,0,14,0,0,0
62484,2,1,0,0,0,0,0,0,0,0,0,0
62485,1,1,0,0,0,0,0,0,0,0,0,0
62485,2,1,0,12,0,0,0,0,0,0,0,0
62486,0,1,9,32,0,0,0,18,37,0,0,27
62486,1,1,0,0,14,0,0,0,0,0,0,0
62487,0,1,17,17,17,17,17,17,17,17,17,17
62487,1,1,0,0,0,0,0,0,0,0,0,0
62488,1,1,9,9,9,9,9,9,9,9,9,9
62489,0,1,24,24,24,24,24,24,24,24,24,24
62489,1,1,0,0,0,0,0,0,0,0,0,0
62490,0,1,31,26,0,24,21,32,0,0,0,0
62490,1,1,0,12,12,0,0,0,23,0,0,6
62492,1,1,24,24,24,24,24,24,24,24,24,24
62493,1,1,6,6,6,6,6,6,6,6,6,6
62494,1,1,9,9,9,9,9,9,9,9,9,9
62495,0,1,16,0,38,0,5,19,16,0,0,0
62495,1,1,0,0,0,0,0,0,0,0,0,0
62497,1,1,14,20,0,12,30,19,0,0,0,0
62498,0,1,13,13,13,13,13,13,13,13,13,13
62498,1,1,14,9,0,0,0,0,34,0,22,0
62499,1,1,0,0,0,0,0,0,0,19,0,0
62500,1,1,0,17,17,3,8,14,15,21,10,18
62501,0,1,0,26,36,12,0,0,23,14,0,18
62501,1,1,15,0,0,0,0,0,32,21,0,0
62502,1,1,18,18,18,18,18,18,18,18,18,18
62502,2,1,0,0,0,0,0,0,0,0,0,0
62503,0,1,30,0,40,0,0,0,0,0,0,0
62503,1,1,0,0,0,0,0,0,0,0,0,0
62504,1,1,15,15,15,15,15,15,15,15,15,15
62505,0,1,0,0,0,0,0,11,0,26,0,0
62505,1,1,0,11,18,0,0,0,0,0,0,0
62506,1,1,14,14,14,14,14,14,14,14,14,14
62507,1,1,0,0,0,0,0,0,0,0,0,0
62508,1,1,15,0,0,0,0,0,0,0,0,0
62508,2,1,0,0,0,0,0,0,0,0,0,0
62509,1,1,0,0,0,0,0,0,0,0,0,0
62509,2,1,0,0,0,0,0,0,0,0,0,0
62510,1,1,3,3,3,3,3,3,3,3,3,3
62510,2,1,0,0,0,0,0,0,0,0,0,0
62511,1,1,0,0,0,0,0,0,0,0,0,0
62511,2,1,0,0,0,0,0,0,0,0,0,0
62512,1,1,0,16,0,0,12,0,12,0,0,0
62512,2,1,26,33,13,0,12,0,0,8,14,22
62513,1,1,0,0,0,0,0,0,0,0,0,0
62514,1,1,0,36,0,0,0,0,0,0,0,0
62514,2,1,0,0,0,0,0,0,0,0,0,0
62515,1,1,0,0,0,0,0,0,0,0,0,0
62515,2,1,0,0,0,0,0,0,0,0,0,0
62516,1,1,17,17,17,17,17,17,17,17,17,17
62517,0,1,0,0,0,0,42,10,11,0,22,0
62517,1,1,18,18,18,18,18,18,18,18,18,18
62518,1,1,0,0,0,0,0,0,0,0,0,0
62519,1,1,0,0,0,0,0,0,0,0,0,0
62520,0,1,20,0,0,21,10,0,0,0,13,18
62520,1,1,0,0,0,0,0,0,0,0,0,0