ST_CASE,VEH_NO,PER_NO,P1,P2,P3,P4,P5,P6,P7,P8,P9,P10
63048,1,1,0,0,20,19,0,0,0,0,0,20
63048,2,1,0,0,0,0,0,0,0,0,0,0
63048,3,1,0,0,0,0,0,0,0,0,0,0
63049,0,1,0,0,0,0,0,0,0,0,0,0
63049,1,1,16,20,26,29,6,0,0,4,27,35
63050,0,1,0,0,0,0,0,0,0,0,0,0
63050,1,1,0,0,0,0,0,0,0,0,0,0
63051,0,1,0,15,11,0,0,12,0,0,0,0
63051,1,1,23,0,0,0,0,0,12,0,0,0
63052,1,1,0,0,0,0,15,0,0,0,0,21
63053,1,1,0,0,0,0,0,0,0,0,0,0
63054,1,1,0,0,0,0,0,0,0,0,0,0
63054,2,1,0,0,0,0,0,0,0,0,0,0
63055,1,1,4,4,4,4,4,4,4,4,4,4
63055,2,1,0,0,0,0,0,0,0,0,0,14
63055,3,1,0,0,0,0,0,0,0,0,0,0
63056,1,1,21,21,21,21,21,21,21,21,21,21
63057,1,1,0,0,0,0,0,0,0,0,0,0
63057,2,1,0,0,0,0,0,0,0,0,0,0
63058,0,1,16,16,16,16,16,16,16,16,16,16
63058,1,1,0,0,0,0,0,0,0,0,0,0
63059,1,1,21,21,21,21,21,21,21,21,21,21
63060,0,1,17,17,17,36,17,16,22,0,10,14
63060,1,1,0,0,0,0,0,0,0,0,0,0
63060,2,1,0,0,0,0,0,0,0,0,0,0
63060,3,1,0,0,0,0,0,0,0,0,0,0
63060,4,1,0,0,0,0,0,0,0,0,0,0
63060,5,1,0,0,0,0,0,0,0,0,0,0
63061,1,1,0,0,4,10,2,0,13,0,0,6
63061,2,1,15,0,14,0,0,0,0,0,0,27
63062,1,1,0,0,0,0,0,0,0,0,0,0
63062,2,1,0,0,0,0,0,0,0,0,0,0
63063,0,1,0,0,0,0,0,0,0,0,0,0
63063,1,1,17,17,17,17,17,17,17,17,17,17
63064,1,1,0,0,0,0,0,0,0,0,0,0
63064,2,1,0,0,0,0,0,0,0,0,0,0
63065,1,1,30,30,30,30,30,30,30,30,30,30
63066,0,1,0,0,0,0,0,0,5,0,0,0
63066,1,1,0,0,0,0,0,0,0,0,0,0
63067,1,1,25,25,28,11,19,8,11,24,9,11
63068,1,1,0,0,0,0,0,0,0,0,0,0
63068,2,1,0,0,0,0,0,0,0,0,0,0
63069,1,1,25,25,25,25,25,25,25,25,25,25
63069,2,1,0,0,0,0,16,0,0,0,0,0
63070,0,1,34,22,28,14,13,20,22,39,20,24
63070,1,1,6,6,6,6,6,6,6,6,6,6
63070,3,1,0,0,0,0,0,0,0,0,0,0
63070,4,1,0,0,0,0,0,0,0,0,0,0
63070,5,1,0,0,0,0,0,0,0,0,0,0
63071,1,1,24,24,24,24,24,24,24,24,24,24
63072,0,1,0,0,0,0,0,0,0,0,0,0
63072,1,1,0,0,0,0,0,0,0,0,0,0
63073,0,1,0,0,0,0,0,0,0,0,0,0
63073,0,2,0,0,0,0,0,0,0,0,0,0
63073,1,1,6,6,6,6,6,6,6,6,6,6
63074,0,1,0,0,0,0,0,0,0,0,0,0
63074,1,1,0,0,0,0,0,0,0,0,0,0
63075,0,1,0,0,0,0,0,0,0,0,0,0
63075,1,1,0,0,0,0,0,0,0,0,0,0
63076,0,1,0,0,30,0,0,0,0,0,0,0
63076,1,1,0,0,0,0,0,0,0,0,0,0
63077,0,1,0,0,0,0,0,0,0,0,0,0
63077,1,1,0,0,0,0,0,0,0,0,0,0
63078,1,1,12,0,0,9,14,4,0,0,0,22
63079,1,1,0,26,0,13,0,0,0,0,0,0
63079,2,1,0,0,0,11,0,0,0,0,0,0
63080,1,1,13,0,0,0,0,0,0,0,0,0
63081,1,1,0,0,0,0,0,0,0,0,0,0
63081,2,1,0,0,0,0,0,0,0,0,12,0
63082,1,1,22,11,18,16,0,0,16,4,12,17
63082,2,1,0,0,0,0,0,17,0,0,0,0
63083,0,1,0,14,18,0,35,24,0,0,21,25
63083,1,1,0,0,0,0,0,0,0,0,0,0
63084,1,1,0,0,0,0,0,0,0,0,0,0
63084,2,1,0,0,0,0,0,5,0,0,0,0
63085,0,1,0,0,0,0,0,0,0,0,0,0
63085,1,1,0,0,0,0,0,0,0,0,0,0
63086,0,1,0,0,6,0,0,0,0,0,0,0
63086,1,1,0,0,0,0,18,0,0,0,0,0
63087,1,1,4,4,4,4,4,4,4,4,4,4
63088,0,1,0,0,0,0,0,0,0,0,0,0
63088,1,1,0,0,0,19,0,0,0,0,7,0
63089,0,1,0,0,0,0,0,0,0,0,0,0
63089,1,1,0,0,0,0,0,0,0,0,0,0
63090,0,1,0,0,0,0,0,0,0,0,0,0
63090,1,1,0,0,0,0,0,0,0,0,0,0
63091,0,1,0,0,0,0,0,0,0,0,0,0
63091,1,1,0,0,0,0,0,0,0,0,0,0
63092,1,1,13,31,31,9,11,4,14,12,3,19
63093,1,1,0,0,21,0,0,0,0,0,36,19
63094,0,1,0,0,0,0,0,0,0,0,0,0
63094,1,1,0,0,0,0,0,11,0,0,0,0
63095,0,1,11,12,0,18,6,49,13,6,7,0
63095,1,1,0,0,0,0,0,0,0,0,0,0
63096,1,1,0,0,0,0,0,0,0,3,0,0
63096,2,1,0,0,0,0,0,0,0,0,21,0
63097,1,1,0,0,0,0,0,0,0,0,0,0
63098,0,1,20,0,38,24,23,0,0,0,0,0
63098,1,1,0,0,0,6,9,6,0,14,0,0
63099,0,1,3,3,3,3,3,3,3,3,3,3
63099,1,1,8,29,15,12,14,11,18,23,0,38
63101,1,1,0,0,0,0,0,0,0,0,0,0
63101,2,1,0,0,0,0,0,0,0,0,0,0
63102,0,1,0,0,0,0,0,0,4,8,0,0
63102,1,1,0,0,0,9,15,0,0,0,14,0
63103,0,1,0,0,6,16,27,29,17,7,19,0
63103,1,1,0,0,0,26,0,0,20,28,7,0
63104,1,1,0,0,0,0,0,0,0,0,0,0
63104,2,1,0,0,0,0,0,0,0,0,0,0
63105,1,1,0,0,0,0,0,0,0,0,0,0
63106,1,1,0,0,0,0,0,19,0,0,0,0
63106,2,1,0,0,0,0,0,0,0,0,0,0
63107,1,1,21,21,21,21,21,21,21,21,21,21
63107,2,1,0,0,21,0,0,0,0,0,0,0
63108,1,1,0,0,14,26,22,15,22,0,0,18
63108,2,1,9,0,0,0,0,13,0,0,0,0
63109,1,1,0,0,0,0,0,0,0,0,18,0
63109,2,1,25,0,0,7,0,21,5,6,5,0
63110,0,1,15,0,0,0,0,20,0,14,30,19
63110,0,2,0,0,0,22,0,0,0,0,8,0
63110,1,1,8,16,8,16,28,12,9,8,19,12
63111,1,1,15,15,15,15,15,15,15,15,15,15
63111,2,1,0,0,19,0,0,0,0,0,0,0
63112,0,1,0,0,18,0,15,7,0,0,0,19
63112,1,1,14,14,14,14,14,14,14,14,14,14
63113,1,1,0,0,0,0,15,0,0,0,0,13
63113,2,1,0,0,0,0,0,0,0,0,0,0
63114,0,1,0,0,0,0,0,0,0,0,0,0
63114,1,1,0,0,0,0,0,0,0,0,0,0
63115,0,1,0,0,0,25,0,0,0,0,0,0
63115,1,1,0,0,0,0,0,0,0,0,0,0
63116,0,1,0,0,0,0,0,0,0,0,0,0
63116,1,1,0,20,19,17,2,42,9,19,5,12
63116,2,1,0,0,0,0,0,8,0,0,0,0
63117,0,1,9,9,9,9,9,9,9,9,9,9
63117,1,1,0,0,0,0,0,0,0,0,0,0
63118,1,1,2,2,2,2,2,2,2,2,2,2
63119,1,1,0,0,0,0,0,0,0,0,0,0
63119,2,1,0,0,0,0,0,0,0,0,0,0
63120,0,1,0,0,0,10,25,0,35,0,20,26
63120,1,1,0,0,0,0,0,0,0,0,0,0
63121,0,1,17,23,0,59,0,0,0,0,0,23
63121,1,1,0,0,0,0,0,0,0,0,0,0
63122,1,1,0,0,0,0,0,13,0,0,18,34
63122,2,1,6,20,0,14,0,0,0,0,0,19
63123,0,1,0,0,0,0,0,0,0,0,0,0
63123,1,1,0,0,0,0,0,0,0,0,0,0
63124,1,1,0,0,0,0,0,0,0,0,0,0
63124,2,1,0,0,0,0,0,0,0,0,0,0
63125,0,1,0,0,0,0,0,0,0,0,0,0
63125,1,1,0,24,0,0,21,0,0,0,0,0
63126,1,1,17,22,4,17,23,5,7,25,14,25
63127,1,1,26,26,26,26,26,26,26,26,26,26
63127,2,1,0,0,0,0,0,16,0,0,0,18
63128,1,1,0,0,0,0,0,10,0,0,0,0
63128,2,1,0,0,0,0,11,0,0,0,0,0
63129,1,1,22,22,22,22,22,22,22,22,22,22
63130,1,1,0,0,0,0,0,0,0,0,0,0
63130,2,1,0,20,0,0,0,0,0,0,0,0
63130,3,1,0,0,0,0,0,0,0,0,0,0
63131,0,1,0,0,0,0,0,0,0,0,0,0
63131,0,2,0,0,0,0,0,8,0,0,0,0
63131,1,1,8,10,0,0,0,0,0,0,0,0
63132,1,1,0,19,0,0,0,0,0,0,0,0
63132,2,1,0,0,0,0,0,0,0,0,0,0
63133,1,1,0,0,0,0,0,0,0,0,0,0
63133,2,1,0,0,0,0,0,0,0,0,0,0
63134,1,1,0,0,0,0,0,0,0,0,0,0
63134,2,1,0,0,0,0,0,0,0,0,0,0
63135,1,1,0,0,0,0,24,0,0,13,0,0
63135,2,1,0,0,0,0,0,25,0,0,0,0
63136,1,1,0,22,0,0,14,0,0,0,0,30
63137,1,1,0,0,0,0,0,0,0,0,0,0
63137,2,1,0,0,0,0,0,0,0,0,0,0
63137,3,1,0,0,0,0,0,0,0,0,0,0
63138,0,1,0,0,0,9,0,0,0,0,0,0
63138,1,1,0,0,0,0,0,0,0,0,0,5
63139,0,1,22,0,0,13,0,2,0,0,0,30
63139,1,1,0,0,0,0,0,0,0,0,0,0
63140,1,1,10,10,10,10,10,10,10,10,10,10
63141,0,1,0,0,0,0,0,0,0,0,0,0
63141,1,1,0,0,0,0,0,0,0,0,0,0
63142,1,1,0,0,0,0,0,0,0,0,0,0
63143,1,1,21,21,21,21,21,21,21,21,21,21
63143,2,1,0,0,3,0,0,0,0,8,0,0
63144,1,1,0,0,0,0,0,0,0,0,0,0
63144,2,1,0,0,0,0,0,0,0,0,0,0
63144,3,1,0,0,0,0,0,0,0,0,0,0
63145,1,1,4,4,4,4,4,4,4,4,4,4
63145,2,1,0,0,0,0,0,0,0,0,0,0
63146,1,1,0,0,0,0,0,0,0,0,0,0
63146,2,1,0,0,0,0,0,0,0,0,0,0
63147,1,1,0,0,16,2,24,0,20,0,0,0
63148,0,1,0,0,0,0,0,0,0,0,0,0
63148,1,1,0,0,0,0,0,0,0,0,0,0
63149,0,1,0,0,0,0,0,0,0,0,0,0
63149,1,1,0,0,0,0,0,0,0,0,0,0
63150,1,1,0,14,13,11,0,0,0,20,0,13
63150,2,1,0,14,0,24,9,25,0,11,0,17
63151,0,1,0,40,0,22,21,0,0,0,22,6
63151,1,1,0,0,0,0,0,0,0,0,0,0
63152,1,1,0,0,0,0,0,0,0,0,0,0
63152,2,1,0,0,0,0,0,0,0,0,0,0
63153,0,1,0,0,0,0,0,0,0,0,0,0
63153,1,1,0,0,0,0,0,0,0,0,0,0
63154,1,1,32,32,32,32,32,32,32,32,32,32
63155,1,1,0,0,0,0,0,0,0,0,0,0
63155,2,1,0,0,0,0,0,0,0,0,0,0
63156,1,1,9,9,9,9,9,9,9,9,9,9
63156,2,1,0,0,0,0,0,0,0,0,0,0
63157,1,1,0,0,0,0,0,0,0,0,0,0
63157,2,1,0,0,0,0,0,0,0,0,0,0
63157,3,1,0,0,0,0,0,0,0,14,0,0
63158,1,1,0,0,0,0,0,0,0,0,0,0
63158,2,1,0,0,0,0,0,0,0,0,0,0
63159,1,1,0,0,0,0,0,0,0,0,0,0
63159,2,1,0,0,18,0,0,0,0,0,0,0
63160,1,1,0,0,0,0,0,0,0,0,0,0
63161,1,1,0,0,0,17,0,0,0,0,0,13
63162,0,1,0,0,0,0,0,0,0,7,0,26
63162,1,1,0,13,0,13,0,0,0,0,47,0
63163,1,1,23,23,23,23,23,23,23,23,23,23
63163,2,1,0,0,0,0,0,0,0,0,0,0
63164,0,1,10,0,0,0,0,27,0,0,0,0
63164,1,1,0,0,0,0,0,0,0,0,0,0
63165,1,1,0,0,0,0,0,0,0,0,0,0
63165,2,1,0,0,0,0,0,0,0,0,0,0
63166,0,1,3,0,25,19,22,0,0,0,7,0
63166,1,1,0,0,0,0,0,0,0,0,0,0
63167,0,1,0,0,0,0,0,0,0,0,0,0
63167,1,1,0,0,0,0,0,0,0,0,0,0
63168,1,1,0,0,0,0,0,0,0,0,0,0
63168,2,1,0,0,0,0,0,0,0,0,0,0
63168,3,1,0,0,0,18,0,0,0,0,0,0
63168,4,1,0,0,0,0,0,0,0,0,0,0
63169,0,1,0,0,0,0,0,0,0,0,0,0
63169,1,1,4,0,0,0,0,0,0,0,0,0
63170,1,1,0,0,10,0,0,0,0,0,0,0
63171,1,1,0,0,0,0,0,0,0,0,0,0
63171,2,1,0,0,0,0,0,0,3,0,0,0
63172,0,1,5,19,4,0,0,0,0,0,34,14
63172,1,1,0,0,0,8,16,0,0,0,0,0
63173,0,1,0,0,0,12,20,26,46,0,10,0
63173,1,1,0,10,7,0,0,23,0,0,0,0
63173,2,1,0,0,0,0,0,0,0,0,0,0
63174,1,1,0,0,0,0,0,0,0,0,0,0
63174,2,1,0,13,0,0,0,0,0,0,0,0
63175,0,1,23,0,0,0,0,0,0,0,0,0
63175,1,1,4,26,10,10,12,11,19,12,10,20
63175,3,1,0,0,0,0,0,0,15,0,0,0
63175,4,1,0,3,0,0,0,0,0,0,0,0
63176,0,1,19,19,19,19,19,19,19,19,19,19
63176,1,1,0,0,0,0,0,0,0,0,0,0
63177,1,1,0,0,0,0,0,0,0,0,0,0
63177,2,1,0,0,0,0,0,0,0,0,0,0
63177,3,1,17,17,17,17,17,17,17,17,17,17
63177,4,1,0,0,0,0,0,0,0,0,0,0
63177,5,1,0,0,0,0,0,0,0,0,0,0
63177,6,1,0,0,0,0,0,0,0,0,0,0
63178,0,1,0,0,0,0,0,0,0,0,0,0
63178,1,1,7,25,8,0,15,0,11,0,16,0
63179,0,1,0,0,0,0,0,0,0,0,0,0
63179,1,1,0,0,0,0,0,0,0,0,10,0
63179,2,1,0,0,0,0,0,0,23,0,0,0
63179,3,1,0,0,0,0,0,0,0,0,0,0
63179,4,1,0,0,0,0,0,0,0,0,0,5
63179,5,1,0,0,7,0,0,22,0,0,0,0
63180,1,1,0,0,0,0,0,0,0,0,0,0
63180,2,1,0,0,0,6,0,17,19,0,0,0
63181,1,1,0,0,18,6,5,8,23,24,9,18
63181,2,1,0,0,0,0,0,0,0,0,0,0
63182,1,1,0,0,0,17,0,0,23,0,0,14
63182,2,1,0,0,0,0,0,0,0,0,0,0
63183,1,1,0,0,0,0,0,0,0,0,0,0
63184,1,1,0,0,0,0,0,0,0,0,0,0
63184,2,1,0,0,0,15,0,0,0,16,29,19
63185,0,1,0,0,0,0,0,0,0,0,0,0
63185,1,1,0,0,0,0,0,0,0,0,0,0
63185,2,1,0,0,0,0,0,0,0,0,0,0
63185,3,1,0,0,12,0,0,0,0,0,0,0
63186,1,1,19,20,0,6,0,0,0,0,20,9
63186,2,1,0,0,0,0,0,0,0,0,0,0
63187,0,1,0,0,0,14,0,28,16,15,0,0
63187,1,1,0,0,0,0,0,0,0,0,0,0
63188,1,1,0,0,0,0,0,0,0,5,0,0
63189,1,1,0,32,0,0,28,0,0,0,0,0
63189,2,1,0,0,0,0,0,0,0,0,0,0
63189,3,1,0,0,0,0,0,0,0,0,0,0
63190,0,1,0,0,0,0,0,0,0,0,0,0
63190,1,1,0,0,0,0,12,0,0,0,0,0
63191,0,1,0,0,0,0,0,0,0,0,0,0
63191,1,1,0,0,0,0,0,0,0,0,0,0
63192,1,1,19,19,19,19,19,19,19,19,19,19
63192,2,1,0,0,0,0,0,0,0,0,0,0
63193,0,1,0,0,0,0,38,0,16,23,13,0
63193,1,1,22,9,11,12,13,12,22,6,9,23
63194,1,1,12,17,11,0,23,0,6,0,0,19
63195,1,1,0,0,0,0,0,0,0,0,0,0
63196,1,1,0,0,0,18,17,14,16,0,15,0
63196,2,1,0,0,0,0,0,0,0,0,0,0
63197,0,1,0,0,0,0,0,0,0,0,0,0
63197,1,1,0,0,0,0,0,0,0,0,0,0
63198,1,1,0,0,0,0,0,0,0,0,0,0
63199,0,1,0,0,14,21,30,12,18,0,0,0
63199,1,1,0,8,0,19,0,0,0,0,0,0
63200,1,1,35,11,26,20,5,18,14,20,39,27
63201,0,1,0,0,0,0,0,0,0,0,0,0
63201,1,1,0,0,0,0,0,0,0,0,0,0
63202,0,1,0,7,0,0,6,0,0,0,0,9
63202,1,1,10,0,0,0,0,0,0,0,11,0
63203,0,1,0,14,0,14,9,0,21,0,0,19
63203,1,1,0,0,0,0,0,0,0,0,0,0
63204,1,1,0,0,0,0,0,0,0,0,0,0
63204,2,1,0,0,0,0,0,0,0,0,0,0
63205,1,1,0,0,0,0,0,0,0,0,0,0
63206,1,1,0,0,0,0,0,0,0,0,0,0
63206,2,1,0,0,0,0,0,0,0,0,0,0
63207,0,1,30,18,0,0,0,0,25,0,0,27
63207,1,1,20,0,0,30,0,0,3,0,16,0
63208,1,1,0,0,0,0,0,0,0,0,0,0
63208,2,1,0,0,0,0,0,0,0,0,0,0
63209,1,1,16,16,16,16,16,16,16,16,16,16
63210,1,1,0,0,0,8,0,12,0,0,11,0
63210,2,1,0,0,0,0,0,0,0,0,0,0
63210,3,1,0,0,0,0,0,0,0,0,0,0
63211,0,1,24,24,24,24,24,24,24,24,24,24
63211,1,1,13,13,13,13,13,13,13,13,13,13
63212,0,1,0,0,26,0,0,24,9,15,0,25
63212,1,1,23,0,0,10,0,5,0,0,0,0
63213,0,1,0,0,0,0,0,0,0,0,0,0
63213,1,1,0,0,0,0,0,0,0,0,0,0
63214,0,1,0,0,0,0,0,0,0,0,0,0
63214,1,1,0,4,0,0,0,0,15,0,0,0
63215,0,1,38,38,38,38,38,38,38,38,38,38
63215,1,1,0,0,0,0,24,0,0,0,0,0
63215,2,1,21,0,10,0,0,0,22,0,21,19
63216,1,1,0,0,0,0,0,0,0,0,0,0
63216,2,1,0,0,0,0,0,0,0,0,0,0
63217,0,1,17,17,17,17,17,17,17,17,17,17
63217,0,2,0,13,0,0,0,0,7,0,0,0
63217,1,1,0,0,0,0,0,0,0,0,0,0
63218,1,1,0,0,0,0,0,0,0,0,0,11
63218,2,1,0,0,0,0,0,0,0,0,0,0
63219,1,1,29,19,13,15,20,20,10,10,23,30
63220,0,1,0,0,0,0,0,0,0,0,0,0
63220,1,1,0,0,0,0,0,0,0,0,0,0
63221,0,1,0,0,0,0,0,0,0,0,0,0
63221,1,1,0,0,0,0,0,0,0,0,0,0
63221,2,1,0,0,0,0,0,0,0,0,0,0
63222,0,1,0,0,0,0,0,0,0,0,0,0
63222,1,1,0,0,0,0,0,0,14,0,0,0
63223,1,1,12,12,12,12,12,12,12,12,12,12
63223,2,1,0,0,0,0,0,0,0,0,0,0
63224,1,1,0,0,0,0,0,0,0,0,0,0
63225,1,1,28,0,0,0,0,0,10,16,0,0
63225,2,1,17,27,16,0,0,0,0,0,14,5
63226,1,1,14,14,14,14,14,14,14,14,14,14
63226,2,1,0,16,0,0,0,0,0,0,0,0
63227,0,1,0,0,8,0,0,32,0,0,0,0
63227,1,1,0,0,0,0,0,0,0,0,0,0
63228,0,1,7,7,7,7,7,7,7,7,7,7
63228,1,1,14,11,20,11,11,0,7,12,14,27
63229,0,1,0,0,0,0,0,0,0,0,0,0
63229,1,1,0,0,0,0,0,0,0,0,0,0
63230,0,1,0,0,25,13,0,0,12,0,0,0
63230,1,1,0,0,0,18,0,0,0,0,0,11
63231,0,1,25,25,25,25,25,25,25,25,25,25
63231,1,1,16,7,0,13,12,18,0,18,12,0
63232,1,1,30,36,31,22,28,12,13,3,21,9
63232,2,1,0,10,0,0,0,0,26,0,0,0
63233,0,1,0,0,0,16,0,0,0,0,0,0
63233,1,1,0,0,0,0,0,0,0,0,0,0
63234,1,1,0,0,0,0,0,0,0,0,0,0
63234,2,1,15,0,23,9,23,18,0,0,0,0
63235,1,1,15,0,0,0,0,13,0,0,0,10
63235,2,1,18,18,18,18,18,18,18,18,18,18
63236,0,1,26,31,18,18,23,30,24,36,9,15
63236,1,1,0,0,14,10,0,0,0,0,0,17
63236,2,1,0,0,0,0,20,9,7,0,0,0
63237,1,1,4,4,4,4,4,4,4,4,4,4
63237,2,1,12,12,12,12,12,12,12,12,12,12
63238,1,1,0,0,0,0,0,0,0,0,0,0
63238,2,1,0,6,0,6,0,0,0,0,0,0
63238,3,1,0,0,0,3,0,0,0,0,0,0
63239,0,1,0,0,0,0,0,0,0,0,0,0
63239,1,1,0,0,0,0,0,0,0,0,0,0
63240,0,1,0,25,0,0,11,0,0,26,0,0
63240,1,1,0,0,0,0,0,0,0,0,0,0
63241,1,1,0,0,0,0,0,0,0,0,0,0
63241,2,1,0,0,0,0,0,0,0,0,0,0
63242,0,1,0,0,8,0,0,21,0,0,9,0
63242,1,1,0,0,0,0,0,0,0,0,0,0
63243,0,1,0,0,0,0,0,0,0,0,0,0
63243,1,1,0,0,0,0,0,0,17,0,0,0
63244,0,1,36,36,36,36,36,36,36,36,36,36
63244,1,1,0,0,0,0,0,0,0,0,0,0
63245,0,1,0,0,0,0,0,0,0,0,0,0
63245,1,1,0,0,0,0,0,0,11,0,0,0
63246,0,1,8,8,8,8,8,8,8,8,8,8
63246,1,1,0,0,0,0,0,0,0,0,0,0
63247,0,1,0,0,0,9,0,9,22,0,0,0
63247,1,1,0,0,0,0,0,0,0,0,0,0
63248,0,1,0,0,0,0,0,0,0,0,0,0
63248,1,1,0,0,0,0,0,0,0,0,0,0
63249,0,1,0,0,0,31,0,9,18,44,15,0
63249,1,1,0,0,8,0,0,0,0,0,0,0
63250,1,1,0,0,3,10,23,0,0,0,0,27
63251,1,1,9,4,25,0,0,0,0,0,30,0
63252,0,1,30,30,30,30,30,30,30,30,30,30
63252,1,1,28,28,28,28,28,28,28,28,28,28
63253,1,1,0,0,0,0,0,0,0,0,0,0
63253,2,1,0,0,0,0,0,0,0,0,0,0
63254,0,1,22,24,0,23,19,5,0,35,31,0
63254,1,1,0,0,23,0,0,9,0,0,0,7
63255,1,1,0,0,0,0,0,0,0,0,0,0
63255,2,1,0,0,0,0,0,0,0,0,0,0
63256,1,1,0,0,0,0,0,0,13,0,0,0
63256,2,1,19,0,0,0,0,0,0,0,0,0
63257,1,1,0,0,0,0,0,0,0,0,0,0
63257,2,1,0,0,0,0,0,0,0,0,0,0
63257,3,1,0,0,0,24,0,0,0,0,0,0
63258,1,1,0,7,0,0,0,0,0,0,0,0
63258,2,1,0,0,0,0,0,0,0,0,0,0
63259,1,1,2,2,2,2,2,2,2,2,2,2
63259,2,1,0,0,0,0,0,0,0,0,0,0
63260,0,1,6,0,0,0,0,0,0,0,0,0
63260,1,1,12,11,23,8,25,8,8,18,13,19
63261,1,1,0,0,0,0,0,0,0,0,0,0
63261,2,1,0,0,0,0,13,0,0,0,0,0
63262,1,1,18,18,18,18,18,18,18,18,18,18
63263,1,1,0,0,0,9,0,0,0,0,0,0
63263,2,1,0,0,13,19,0,0,0,0,0,0
63264,1,1,0,0,0,0,0,0,0,0,0,0
63264,2,1,0,0,0,0,0,0,0,0,0,0
63265,0,1,0,0,0,0,0,0,0,0,0,0
63265,1,1,0,0,0,0,0,0,0,0,0,0
63266,1,1,0,0,0,0,0,0,0,0,0,0
63267,1,1,31,31,31,31,31,31,31,31,31,31
63268,1,1,0,0,0,0,0,0,0,0,0,0
63268,2,1,0,0,0,0,0,0,0,0,0,17
63268,3,1,0,26,0,0,0,0,0,0,0,0
63268,4,1,0,0,0,0,0,0,0,3,0,0
63268,5,1,0,0,0,0,0,0,0,13,0,0
63269,1,1,18,24,25,21,22,0,36,15,9,24
63270,0,1,0,0,0,0,0,6,0,0,17,0
63270,1,1,0,14,0,0,0,0,0,0,0,0
63270,2,1,0,0,14,0,0,15,0,0,12,0
63271,0,1,0,0,0,0,0,0,0,0,0,0
63271,1,1,0,0,0,0,0,0,0,0,0,0
63272,1,1,15,15,15,15,15,15,15,15,15,15
63273,0,1,0,0,0,0,0,0,0,0,0,32
63273,1,1,0,0,0,0,0,0,0,0,0,0
63274,1,1,0,0,0,0,0,0,0,0,0,0
63274,2,1,0,0,0,0,0,0,0,0,0,0
63275,0,1,43,43,43,43,43,43,43,43,43,43
63275,1,1,0,0,0,0,0,0,0,0,0,0
63276,0,1,0,0,0,0,0,0,0,0,0,0
63276,0,2,0,0,0,20,0,0,0,0,0,16
63276,0,3,0,0,0,0,0,0,0,0,0,0
63276,0,4,0,0,0,0,0,0,0,0,0,0
63276,1,1,0,0,0,0,0,0,0,0,0,0
63277,1,1,0,0,0,0,0,0,0,0,0,0
63277,2,1,0,0,0,0,0,0,0,0,0,18
63277,3,1,0,0,7,0,0,0,0,0,0,0
63277,4,1,0,0,0,0,0,0,0,0,0,0
63277,5,1,0,9,0,23,0,0,0,0,0,0
63278,1,1,0,0,0,0,0,0,0,0,0,0
63278,2,1,0,16,0,0,0,0,0,0,0,0
63279,0,1,28,28,28,28,28,28,28,28,28,28
63279,1,1,0,0,10,0,0,0,0,0,0,0
63280,1,1,0,20,11,0,14,0,0,0,0,0
63280,2,1,0,0,0,0,0,0,0,0,0,0
63281,1,1,10,0,0,0,19,0,10,37,0,0
63282,1,1,0,0,0,0,0,0,0,0,0,0
63282,2,1,0,0,0,0,0,0,0,0,0,0
63283,0,1,22,41,0,0,0,0,0,0,0,0
63283,1,1,0,0,0,0,0,0,0,0,0,0
63284,1,1,0,0,0,0,0,0,0,0,0,0
63285,0,1,0,0,21,8,0,0,30,13,21,15
63285,1,1,0,0,0,0,0,0,0,0,0,0
63286,0,1,0,0,0,28,0,22,0,26,0,32
63286,1,1,0,0,0,0,0,0,0,0,0,0
63287,0,1,14,34,17,19,23,41,0,33,22,13
63287,1,1,0,0,12,18,0,0,7,0,23,24
63288,1,1,11,11,11,11,11,11,11,11,11,11
63289,0,1,0,0,0,20,0,0,0,0,0,0
63289,1,1,0,0,0,0,2,0,14,0,0,16
63290,0,1,0,0,0,0,0,0,0,0,0,0
63290,0,2,3,0,0,0,0,0,0,0,0,0
63290,1,1,0,0,0,0,0,0,0,0,0,0
63291,1,1,0,0,0,0,0,0,0,0,0,0
63291,2,1,0,0,0,0,0,0,0,0,0,0
63292,0,1,0,0,0,0,12,0,0,0,0,0
63292,1,1,0,14,0,0,0,13,0,0,0,0
63293,1,1,15,0,0,9,0,0,0,22,0,0
63294,1,1,0,0,18,0,18,27,0,0,0,0
63294,2,1,13,16,20,18,22,22,17,19,25,0
63295,1,1,17,0,16,0,0,7,21,0,19,34
63296,0,1,34,0,0,13,0,0,0,0,14,13
63296,1,1,0,0,0,0,0,11,0,0,0,0
63297,1,1,17,17,17,17,17,17,17,17,17,17
63297,2,1,0,29,0,0,14,0,0,0,0,0
63297,3,1,0,0,0,0,0,0,24,13,0,0
63297,4,1,0,0,0,0,0,0,0,0,0,0
63298,1,1,0,0,0,0,0,0,0,0,0,0
63298,2,1,0,0,0,0,0,0,0,0,0,0
63299,0,1,0,0,0,0,0,0,0,0,0,0
63299,1,1,23,23,23,23,23,23,23,23,23,23